Country Name,Country Code,Year,"Population, male (% of total population)","Population, female (% of total population)",Population ages 0-14 (% of total population),Population ages 65 and above (% of total population),"Birth rate, crude (per 1,000 people)","Death rate, crude (per 1,000 people)","Fertility rate, total (births per woman)",Net migration,GDP growth (annual %),GDP per capita (current US$),Population growth (annual %),"Mortality rate, infant (per 1,000 live births)","Immunization, DPT (% of children ages 12-23 months)","Population, total","Life expectancy at birth, total (years)"
Afghanistan,AFG,2000,50.14645564,49.85354436,50.02493005,2.26197021,51.491,12.608,7.566,-1025973,,174.9309914,1.212175976,110.1,24,20130327,55.005
Afghanistan,AFG,2001,50.18555725,49.81444275,50.16868952,2.261948116,49.623,11.954,7.453,-212872,-9.43197407,138.7068217,0.762004897,107,33,20284307,55.511
Afghanistan,AFG,2002,50.2251812,49.7748188,50.23789747,2.263973951,47.488,11.187,7.32,860349,28.60000117,178.9540884,5.252029585,103.8,36,21378117,56.225
Afghanistan,AFG,2003,50.26463894,49.73536106,50.24029113,2.266752691,47.056,10.714,7.174,247317,8.832277803,198.8711157,6.145194002,100.6,41,22733049,57.171
Afghanistan,AFG,2004,50.30222634,49.69777366,50.17691466,2.26864675,46.492,10.375,7.018,-269194,1.414117993,221.7636539,3.575834854,97.2,50,23560654,57.81
Afghanistan,AFG,2005,50.3375352,49.6624648,50.04956654,2.269749347,44.952,9.913,6.858,250971,11.22971483,254.1842491,3.51921696,93.7,58,24404567,58.247
Afghanistan,AFG,2006,50.36749392,49.63250608,49.85593686,2.271780023,44.087,9.659,6.686,57673,5.357403247,274.2185536,4.092702017,90.1,58,25424094,58.553
Afghanistan,AFG,2007,50.39149781,49.60850219,49.58605321,2.27621524,43.831,9.487,6.508,-851298,13.82631955,376.223152,1.89259754,86.7,63,25909852,58.956
Afghanistan,AFG,2008,50.41376945,49.58623055,49.25140909,2.283569202,42.538,8.884,6.392,215753,3.92498382,381.733238,2.186546182,83.3,64,26482622,59.708
Afghanistan,AFG,2009,50.43729179,49.56270821,48.87820534,2.293543636,42.162,8.645,6.295,-60602,21.39052839,452.0537055,3.646380908,80,63,27466101,60.248
Afghanistan,AFG,2010,50.46055931,49.53944069,48.46732996,2.306614901,41.759,8.402,6.195,-167460,14.36244147,560.6215055,2.934686702,76.9,66,28284089,60.702
Afghanistan,AFG,2011,50.48150781,49.51849219,48.03979752,2.322140455,40.973,8.032,6.094,384486,0.426354777,606.6946763,3.691503084,74,68,29347708,61.25
Afghanistan,AFG,2012,50.5002285,49.4997715,47.60530535,2.337911339,40.702,7.822,5.985,68628,12.75228709,651.4171345,4.047862563,71.3,67,30560034,61.735
Afghanistan,AFG,2013,50.51734981,49.48265019,47.16138601,2.349769014,40.288,7.597,5.879,18119,5.600744659,637.0870991,3.418226676,68.7,64,31622704,62.188
Afghanistan,AFG,2014,50.53188497,49.46811503,46.71306627,2.356535665,39.646,7.511,5.77,233913,2.724543362,625.0549418,3.632518847,66.4,62,32792523,62.26
Afghanistan,AFG,2015,50.54279759,49.45720241,46.25933703,2.356695063,39.364,7.528,5.652,-286314,1.451314661,565.5697304,3.119959241,64.2,64,33831764,62.27
Afghanistan,AFG,2016,50.55044993,49.44955007,45.80144869,2.355497361,38.732,7.32,5.542,-143049,2.260314203,522.0822156,2.535719918,62.3,66,34700612,62.646
Afghanistan,AFG,2017,50.54507511,49.45492489,45.36460454,2.359737022,38.171,7.315,5.433,-71491,2.647003203,525.4697709,2.808337308,60.4,64,35688935,62.406
Afghanistan,AFG,2018,50.52554853,49.47445147,44.95960718,2.367120477,37.624,7.271,5.327,-36753,1.189228129,491.3372214,2.910809599,58.6,68,36743039,62.443
Afghanistan,AFG,2019,50.50609121,49.49390879,44.57683211,2.376153383,37.138,7.064,5.238,9159,3.911603416,496.6025043,2.984389136,56.9,65,37856121,62.941
Afghanistan,AFG,2020,50.48877781,49.51122219,44.22410424,2.370733824,36.601,7.565,5.145,143634,-2.351100672,510.7870634,3.153609203,55.3,61,39068979,61.454
Afghanistan,AFG,2021,50.4656202,49.5343798,43.90812525,2.352549519,36.342,8.002,5.039,-548784,-20.73883937,356.4962141,2.356097792,53.6,55,40000412,60.417
Afghanistan,AFG,2022,50.45899289,49.54100711,43.57984144,2.355142367,36.045,5.993,4.932,-647402,-6.240171992,357.2611528,1.43570437,52,58,40578842,65.617
Afghanistan,AFG,2023,50.47448712,49.52551288,43.22620386,2.377537528,35.437,5.797,4.84,-48958,2.266943736,413.7578947,2.13559385,50.4,60,41454761,66.035
Afghanistan,AFG,2024,50.48958096,49.51041904,42.88750555,2.400970027,,,,-44089,,,2.836573172,,59,42647492,
Albania,ALB,2000,48.82199089,51.17800911,29.61670295,7.330691321,17.513,5.619,2.217,-60531,7.462858718,1160.420471,-0.637356834,17.9,97,3089027,74.826
Albania,ALB,2001,48.75258264,51.24741736,29.03698875,7.605790892,16.596,5.625,2.141,-48070,8.86373066,1326.416524,-0.938470428,17,97,3060173,75.083
Albania,ALB,2002,48.81823789,51.18176211,28.28431648,7.914429442,15.585,5.69,2.002,-45178,4.628395874,1479.838846,-0.299876697,16.1,98,3051010,75.299
Albania,ALB,2003,48.91483143,51.08516857,27.49744836,8.240965015,15.616,5.777,2.006,-48517,5.33326426,1908.699007,-0.374149169,15.3,97,3039616,75.557
Albania,ALB,2004,49.00711857,50.99288143,26.6979329,8.586008618,14.7,5.784,1.889,-48654,5.266261739,2446.909499,-0.417931378,14.4,97,3026939,75.951
Albania,ALB,2005,49.09408129,50.90591871,25.87037926,8.959078513,13.862,5.763,1.787,-48893,5.130821931,2741.721365,-0.511790116,13.5,98,3011487,76.427
Albania,ALB,2006,49.1747271,50.8252729,25.02857849,9.360322026,12.977,5.715,1.686,-48882,6.01898124,3057.77257,-0.630911245,12.7,97,2992547,76.994
Albania,ALB,2007,49.24983964,50.75016036,24.19213818,9.774596272,12.439,5.609,1.633,-49770,6.500092612,3743.055299,-0.755718755,11.9,98,2970017,77.691
Albania,ALB,2008,49.32173489,50.67826511,23.36367316,10.18054044,12.209,5.584,1.616,-50619,6.907062307,4498.504868,-0.767342959,11.1,99,2947314,78.248
Albania,ALB,2009,49.39168929,50.60831071,22.53029271,10.56338563,12.326,5.721,1.638,-51657,2.690751524,4213.650076,-0.673894046,10.4,98,2927519,78.509
Albania,ALB,2010,49.45916665,50.54083335,21.69605406,10.92005505,12.373,6.055,1.653,-51907,2.973154427,4149.144699,-0.496461963,9.7,99,2913021,78.414
Albania,ALB,2011,49.48964521,50.51035479,20.92640093,11.2281831,12.406,6.36,1.677,-18630,2.463516839,4465.709143,-0.269017332,9,99,2905195,78.303
Albania,ALB,2012,49.4852928,50.5147072,20.29208551,11.50931408,12.868,6.728,1.719,-19845,0.98412988,4280.933163,-1.543136705,8.5,99,2860708,78.084
Albania,ALB,2013,49.48291926,50.51708074,19.79419258,11.82013518,13.137,7.019,1.741,-20681,1.707228318,4542.929036,-1.543144714,8,99,2816902,77.995
Albania,ALB,2014,49.48318554,50.51681446,19.38653799,12.16676921,13.071,7.236,1.721,-21706,2.240226954,4793.597511,-1.543137537,7.8,99,2773767,78.029
Albania,ALB,2015,49.48537793,50.51462207,18.99359767,12.54310654,12.431,7.245,1.631,-20500,2.227704075,4199.539129,-1.543120069,7.6,99,2731293,78.358
Albania,ALB,2016,49.48931386,50.51068614,18.60627465,12.92021216,11.873,7.288,1.555,-9347,3.908935514,4457.634122,-1.543134709,7.6,99,2689469,78.643
Albania,ALB,2017,49.49350348,50.50649652,18.28335621,13.30539111,11.416,7.373,1.486,-14901,3.283175933,5006.36013,-1.543151568,7.7,99,2648285,78.9
Albania,ALB,2018,49.49746582,50.50253418,18.00526634,13.73952183,10.898,7.375,1.415,-15032,3.671419281,5897.654526,-1.543099916,7.8,99,2607733,79.238
Albania,ALB,2019,49.50308664,50.49691336,17.74429166,14.24809866,10.757,7.473,1.395,-23094,2.062577902,6069.439031,-1.543137091,8,99,2567801,79.467
Albania,ALB,2020,49.4926799,50.5073201,17.5219759,14.76700441,10.536,9.08,1.371,-16680,-3.313756369,6027.913507,-1.543155893,8.1,98,2528480,77.824
Albania,ALB,2021,49.46789695,50.53210305,17.36743173,15.26600507,10.512,10.262,1.365,-32848,8.969576191,7242.455131,-1.54312081,8.2,98,2489762,76.844
Albania,ALB,2022,49.45052497,50.54947503,17.22247214,15.77633816,10.305,8.709,1.355,-16426,4.826800623,7756.961887,-1.543156677,8.3,97,2451636,78.769
Albania,ALB,2023,49.44077421,50.55922579,17.0419735,16.30200007,10.244,8.332,1.348,-25357,4.015417169,9730.869219,-1.543108114,8.3,97,2414095,79.602
Albania,ALB,2024,49.4318827,50.5681173,16.84078295,16.9227562,,,,-24472,4.045928451,11377.77574,-1.543143935,,97,2377128,
Algeria,DZA,2000,51.53104497,48.46895503,33.70545798,4.383120994,19.574,5.109,2.59,-16454,3.800000002,1772.928691,1.399668558,34.7,86,30903893,70.576
Algeria,DZA,2001,51.50166347,48.49833653,32.59574798,4.464811562,19.405,5.022,2.519,-26539,2.999999999,1896.300209,1.373291341,33.6,89,31331221,71.025
Algeria,DZA,2002,51.470859,48.529141,31.53922931,4.544768737,19.096,4.88,2.429,-36255,5.4,1937.464114,1.330394777,32.4,86,31750835,71.644
Algeria,DZA,2003,51.43974584,48.56025416,30.56464688,4.621804869,19.614,4.874,2.451,-39421,6.500000001,2283.772993,1.329615242,31.3,87,32175818,71.906
Algeria,DZA,2004,51.40992389,48.59007611,29.70927587,4.693473632,20.337,4.744,2.5,-38648,4.5,2816.99385,1.396440425,30.1,86,32628286,72.536
Algeria,DZA,2005,51.37848486,48.62151514,28.99162104,4.758251992,21.136,4.731,2.562,-51345,5.4,3233.133396,1.463308846,29,88,33109249,72.836
Algeria,DZA,2006,51.34614457,48.65385543,28.41964785,4.81276551,21.998,4.724,2.628,-44138,2.899999999,3660.661047,1.541273638,27.9,95,33623506,73.116
Algeria,DZA,2007,51.31915243,48.68084757,27.98308693,4.852705001,22.873,4.733,2.704,-25046,3.100000001,4167.451699,1.669071678,26.9,95,34189416,73.346
Algeria,DZA,2008,51.3009837,48.6990163,27.67923513,4.875806076,23.735,4.72,2.785,-2101,2.499999999,5180.918815,1.818853062,25.9,93,34816961,73.618
Algeria,DZA,2009,51.28728873,48.71271127,27.50758267,4.886108078,24.189,4.705,2.825,-4458,1.2,4235.429905,1.915885222,25.1,95,35490445,73.871
Algeria,DZA,2010,51.27205703,48.72794297,27.45823156,4.893586204,24.556,4.678,2.875,-10788,4.800000001,4912.785855,1.947058832,24.4,95,36188236,74.144
Algeria,DZA,2011,51.25392322,48.74607678,27.52202708,4.909491274,24.76,4.658,2.899,-20108,2.999999999,5916.313644,1.956894374,23.8,95,36903376,74.383
Algeria,DZA,2012,51.23304721,48.76695279,27.71560854,4.942250959,25.656,4.654,2.996,-26763,2.4,6033.648847,1.992807901,23.2,95,37646166,74.609
Algeria,DZA,2013,51.2108279,48.7891721,28.07749609,5.000122155,25.524,4.641,2.997,-30052,2.600000001,5979.60139,2.019531158,22.7,95,38414171,74.809
Algeria,DZA,2014,51.18824294,48.81175706,28.5548764,5.086182754,26.063,4.646,3.084,-30064,4.099999999,6094.693923,2.037865242,22.3,95,39205031,74.992
Algeria,DZA,2015,51.16598199,48.83401801,29.04093899,5.196735324,25.811,4.645,3.091,-27638,3.200000001,4685.059027,2.056247957,21.9,95,40019529,75.159
Algeria,DZA,2016,51.14760153,48.85239847,29.50013538,5.325899878,25.439,4.647,3.091,-6438,3.9,4424.98529,2.055691112,21.6,91,40850721,75.31
Algeria,DZA,2017,51.13118234,48.86881766,29.94561146,5.467242325,25.015,4.66,3.09,-14403,1.499999999,4554.66754,2.032000608,21.3,91,41689299,75.431
Algeria,DZA,2018,51.11111425,48.88888575,30.34104195,5.618008549,24.063,4.667,3.019,-27146,1.400000001,4577.210292,1.937806233,21,91,42505035,75.555
Algeria,DZA,2019,51.08909679,48.91090321,30.63921724,5.774977985,23.379,4.681,2.997,-27786,0.899999999,4468.453419,1.840412914,20.7,88,43294546,75.682
Algeria,DZA,2020,51.06552275,48.93447725,30.84246159,5.894088907,22.43,5.988,2.94,-10798,-4.999999999,3743.541952,1.711912165,20.4,84,44042091,73.257
Algeria,DZA,2021,51.04527929,48.95472071,30.91689728,6.014041344,21.392,4.96,2.87,-10803,3.799999999,4160.559267,1.619364602,20.2,81,44761099,75.208
Algeria,DZA,2022,51.0294786,48.9705214,30.84119197,6.186963524,20.491,4.602,2.817,-14684,3.600000001,4960.303343,1.587582107,20,77,45477389,76.129
Algeria,DZA,2023,51.01187677,48.98812323,30.63934754,6.376858666,19.625,4.641,2.766,-25963,4.1,5370.477235,1.498976012,19.7,92,46164219,76.261
Algeria,DZA,2024,50.99804957,49.00195043,30.32900465,6.582212073,,,,-31240,3.699999999,5752.990767,1.398386519,,92,46814308,
Andorra,AND,2000,52.10778717,47.89221283,15.35053665,12.32168684,11.54,6.228,1.273,-503,3.528362361,21810.25038,-0.038053199,6.6,98,65685,81.863
Andorra,AND,2001,51.95893823,48.04106177,15.28123671,12.77106238,11.405,6.293,1.305,155,8.119357722,23511.29695,0.253921086,6.3,96,65852,82.162
Andorra,AND,2002,51.84945719,48.15054281,15.17757796,13.16648122,10.728,6.486,1.265,528,4.546362214,26528.13006,0.988236937,6.1,97,66506,82.448
Andorra,AND,2003,51.89033604,48.10966396,15.01680207,12.97824726,9.537,6.368,1.18,4924,8.694203716,34063.5756,4.383312427,5.8,99,69486,82.718
Andorra,AND,2004,52.0531726,47.9468274,14.86377397,12.31819711,10.253,6.287,1.229,4248,8.135676338,39021.11071,6.732207545,5.6,99,74325,82.815
Andorra,AND,2005,52.14864184,47.85135816,14.94694558,11.91609457,10.502,6.076,1.224,1317,5.397795985,40829.81164,4.081069274,5.4,98,77421,83.086
Andorra,AND,2006,52.2503958,47.7496042,14.96001156,11.82815965,10.498,5.836,1.234,2293,4.808688699,43467.19631,2.756757126,5.1,93,79585,83.374
Andorra,AND,2007,52.33640294,47.66359706,14.7397026,11.9165827,10.04,5.865,1.189,1566,1.553188141,48336.25483,2.839248826,4.9,96,81877,83.632
Andorra,AND,2008,52.30732379,47.69267621,14.54107756,12.16786734,10.46,5.875,1.25,947,-5.559186369,49132.49258,1.956862869,4.7,99,83495,83.855
Andorra,AND,2009,52.17132163,47.82867837,14.46988842,12.55125882,10.101,5.979,1.208,-885,-5.302846543,43975.00009,0.469582601,4.4,99,83888,84.1
Andorra,AND,2010,51.5543881,48.4456119,14.96790821,12.74378609,10.742,6.266,1.275,-6194,-1.974958,42746.83039,-3.866965388,4.2,99,80706,84.197
Andorra,AND,2011,51.01628891,48.98371109,15.49438823,12.69107646,10.469,5.952,1.321,-363,-0.008069753,46657.14954,-3.689002364,4.1,99,77783,84.296
Andorra,AND,2012,50.97092433,49.02907567,15.5191712,12.67863186,10.172,5.996,1.26,-2201,-4.974443719,41500.55,-1.227564779,3.9,99,76834,84.334
Andorra,AND,2013,50.85579775,49.14420225,15.5445617,12.75043721,9.03,5.926,1.142,-1642,-3.547596515,42470.32304,-2.157580998,3.7,96,75194,84.406
Andorra,AND,2014,50.72147332,49.27852668,15.47391405,12.86057203,8.973,5.812,1.168,-1734,2.504465521,44369.6713,-1.956673204,3.5,97,73737,84.485
Andorra,AND,2015,50.57915593,49.42084407,15.31864188,12.92579686,9.132,5.673,1.223,-1873,1.434140395,38654.95288,-2.142483826,3.4,97,72174,84.532
Andorra,AND,2016,50.57009462,49.42990538,15.09389525,13.01787854,8.432,5.412,1.184,1415,3.70967807,40129.83858,0.009698313,3.2,98,72181,84.489
Andorra,AND,2017,50.7009029,49.2990971,14.75410947,13.19844094,7.831,5.436,1.129,1357,0.34607189,40672.97174,2.16803975,3.1,99,73763,84.359
Andorra,AND,2018,50.82754583,49.17245417,14.21995157,13.48620313,7.159,5.48,1.053,1143,1.58876549,42819.75775,1.878853322,2.9,99,75162,84.242
Andorra,AND,2019,50.8859336,49.1140664,13.71651618,13.82570433,6.993,5.56,1.045,1245,2.015547638,41257.81646,1.730502969,2.8,99,76474,84.098
Andorra,AND,2020,50.89945722,49.10054278,13.40010339,14.2168519,6.831,8.285,1.028,572,-11.18393994,37361.10701,1.177753549,2.7,99,77380,79.418
Andorra,AND,2021,51.05788372,48.94211628,13.04050993,14.59799524,6.828,6.983,1.058,1514,8.28677879,42425.70665,1.263628895,2.7,99,78364,82.331
Andorra,AND,2022,51.17997616,48.82002384,12.65604416,14.968948,6.85,5.948,1.071,1102,9.564612256,42414.04799,1.696768086,2.6,98,79705,84.016
Andorra,AND,2023,51.14524587,48.85475413,12.24769961,15.41815079,6.859,6.076,1.082,1061,2.58355481,46812.4261,1.433747569,2.5,98,80856,84.041
Andorra,AND,2024,51.11610139,48.88389861,11.88527841,15.94569031,,,,988,3.371820326,49303.64917,1.329306894,,98,81938,
Angola,AGO,2000,49.12086662,50.87913338,45.61850564,2.673862403,46.853,18.08,6.639,72793,3.054624234,563.7337956,3.312287469,115,31,16194869,46.501
Angola,AGO,2001,49.11387911,50.88612089,45.52524951,2.699533639,46.771,17.606,6.601,77458,4.205998556,533.5862024,3.353709414,111.9,42,16747208,47.032
Angola,AGO,2002,49.11127554,50.88872446,45.43135977,2.719974455,46.666,17.071,6.567,82292,13.66568876,999.0658559,3.407476157,108.1,47,17327699,47.874
Angola,AGO,2003,49.12549867,50.87450133,45.33744467,2.7361284,46.551,15.559,6.533,80828,3.487312401,1133.66332,3.493342778,104,46,17943712,50.218
Angola,AGO,2004,49.14894413,50.85105587,45.25208916,2.74685151,46.46,14.958,6.499,90553,11.41986339,1451.471179,3.594457524,99.3,47,18600423,51.123
Angola,AGO,2005,49.17349453,50.82650547,45.18621884,2.749891589,46.342,14.31,6.461,87050,14.15477753,2145.886211,3.646268934,94.4,47,19291161,52.13
Angola,AGO,2006,49.19938413,50.80061587,45.14061982,2.747993171,46.123,13.757,6.419,95431,11.84181788,2930.444286,3.684892016,89.1,44,20015279,52.965
Angola,AGO,2007,49.22612065,50.77387935,45.11225428,2.743500795,45.838,12.98,6.372,100563,13.00268895,3515.05679,3.74258021,83.8,43,20778561,54.2
Angola,AGO,2008,49.25218926,50.74781074,45.10871275,2.738347223,45.507,12.302,6.32,100370,10.78663605,4578.155265,3.778289766,78.7,45,21578655,55.281
Angola,AGO,2009,49.27732259,50.72267741,45.12449345,2.733391439,45.175,11.702,6.26,105077,1.995589098,3645.148466,3.801561875,73.7,47,22414773,56.225
Angola,AGO,2010,49.30123968,50.69876032,45.14016954,2.729902457,44.661,11.078,6.194,122418,5.293665728,4101.637156,3.851098249,68.9,49,23294825,57.242
Angola,AGO,2011,49.32236099,50.67763901,45.14955942,2.728259601,44.136,10.546,6.12,128800,3.593869602,5184.152691,3.887945997,64.4,50,24218352,58.093
Angola,AGO,2012,49.3400985,50.6599015,45.16308956,2.726267063,43.61,10.043,6.039,130643,8.503122839,5702.453063,3.883583555,60.4,52,25177394,58.916
Angola,AGO,2013,49.35575573,50.64424427,45.1839857,2.719033602,43.065,9.578,5.953,124478,4.883061297,5688.579162,3.84998069,56.7,54,26165620,59.705
Angola,AGO,2014,49.36998841,50.63001159,45.22588544,2.704494436,42.503,9.179,5.864,84535,4.655723563,5649.687625,3.732728067,53.6,55,27160769,60.396
Angola,AGO,2015,49.383178,50.616822,45.27430376,2.691281115,41.847,8.809,5.774,74171,0.763177711,3641.728939,3.605071622,51.1,57,28157798,61.042
Angola,AGO,2016,49.3964052,50.6035948,45.28260221,2.685013948,41.183,8.476,5.686,91614,-1.700530363,2051.814621,3.57644144,48.9,59,29183070,61.619
Angola,AGO,2017,49.40965121,50.59034879,45.25082637,2.685241684,40.595,8.192,5.6,77731,-0.149396226,2790.718869,3.540612215,47,58,30234839,62.122
Angola,AGO,2018,49.42235642,50.57764358,45.19724077,2.693038712,40.057,7.928,5.519,61632,-0.594411227,2860.093648,3.453233009,45.3,67,31297155,62.622
Angola,AGO,2019,49.43457322,50.56542678,45.11276652,2.707977983,39.539,7.701,5.442,58984,-0.204680246,2493.678844,3.387884222,43.8,64,32375632,63.051
Angola,AGO,2020,49.44418176,50.55581824,45.01955053,2.725608767,39.127,7.628,5.371,7556,-4.042447246,1759.356199,3.267958649,42.3,59,33451132,63.116
Angola,AGO,2021,49.45314446,50.54685554,44.90925037,2.744704116,38.67,7.619,5.304,29094,2.102752519,2303.908127,3.1813226,40.9,55,34532429,62.958
Angola,AGO,2022,49.46373551,50.53626449,44.75787714,2.77333856,38.102,7.097,5.209,-995,4.216002585,3682.113151,3.14302612,39.6,54,35635029,64.246
Angola,AGO,2023,49.47411294,50.52588706,44.57226503,2.811449368,37.588,6.925,5.124,-995,1.26330814,2916.136633,3.080655307,38.3,66,36749906,64.617
Angola,AGO,2024,49.48408573,50.51591427,44.35096275,2.852421192,,,,-2629,4.423906644,2665.874448,3.044199722,,64,37885849,
Antigua and Barbuda,ATG,2000,47.13059497,52.86940503,27.75723516,7.36063648,19.72,6.254,2.196,263,6.203552126,12027.49498,1.677272827,12.2,95,74912,74.819
Antigua and Barbuda,ATG,2001,47.07436669,52.92563331,27.52698208,7.31309732,17.973,6.148,2.018,139,-4.548109771,11539.18251,1.532673183,11.9,97,76069,75.108
Antigua and Barbuda,ATG,2002,47.06936169,52.93063831,27.17896459,7.271653339,17.106,6.164,1.94,40,1.027234861,11658.69499,1.25800968,11.6,98,77032,75.237
Antigua and Barbuda,ATG,2003,47.1008166,52.8991834,26.7930512,7.218427405,16.443,6.256,1.887,32,6.076636664,12173.23199,1.099962032,11.3,99,77884,75.313
Antigua and Barbuda,ATG,2004,47.13601545,52.86398455,26.37720006,7.162138987,15.947,6.333,1.852,93,5.767103383,13037.88958,1.066400916,11,97,78719,75.329
Antigua and Barbuda,ATG,2005,47.17061713,52.82938287,25.88666068,7.107730764,15.613,6.343,1.832,196,6.473689418,14368.57088,1.126772485,10.8,99,79611,75.364
Antigua and Barbuda,ATG,2006,47.20733462,52.79266538,25.4106496,7.062924917,15.461,6.263,1.831,315,12.70814749,16173.81363,1.239600182,10.5,99,80604,75.506
Antigua and Barbuda,ATG,2007,47.24738079,52.75261921,24.97735729,7.040658964,15.59,6.157,1.86,371,9.315182723,18204.5124,1.35546842,10.2,99,81704,75.72
Antigua and Barbuda,ATG,2008,47.28869162,52.71130838,24.58872057,7.038788113,16.994,6.008,2.042,369,-0.014006598,18786.67431,1.46768441,10,99,82912,76.075
Antigua and Barbuda,ATG,2009,47.32990389,52.67009611,24.23045395,7.06461692,16.578,5.888,2.006,338,-11.96287947,16472.24785,1.509440036,9.7,99,84173,76.386
Antigua and Barbuda,ATG,2010,47.36348613,52.63651387,23.75513505,7.153614899,14.66,5.767,1.785,291,-7.840506837,15217.39508,1.353468886,9.5,98,85320,76.701
Antigua and Barbuda,ATG,2011,47.39378214,52.60621786,23.19823472,7.297409999,14.259,5.664,1.746,243,-1.958742622,14911.72751,1.179143529,9.3,99,86332,77.023
Antigua and Barbuda,ATG,2012,47.42035297,52.57964703,22.64267706,7.465046986,13.456,5.692,1.655,196,3.373142739,15639.80781,1.06918388,9.1,98,87260,77.1
Antigua and Barbuda,ATG,2013,47.4388236,52.5611764,22.11504068,7.646668067,12.436,5.786,1.537,145,-0.60098233,15051.51136,0.917165518,8.9,99,88064,77.05
Antigua and Barbuda,ATG,2014,47.4556413,52.5443587,21.65267842,7.851067425,12.31,5.954,1.526,97,2.198291887,15532.10621,0.792860529,8.8,99,88765,76.912
Antigua and Barbuda,ATG,2015,47.47061258,52.52938742,21.1583845,8.111040276,12.587,6.069,1.567,44,1.421619976,16077.63408,0.722892009,8.6,99,89409,76.892
Antigua and Barbuda,ATG,2016,47.48413342,52.51586658,20.64266581,8.445131101,11.657,6.142,1.458,0,4.120367544,16556.85518,0.62438183,8.4,92,89969,76.968
Antigua and Barbuda,ATG,2017,47.49687731,52.50312269,20.20493434,8.79869125,11.796,6.228,1.485,0,2.71272658,16965.72883,0.553103047,8.3,95,90468,77.03
Antigua and Barbuda,ATG,2018,47.51116292,52.48883708,19.79026901,9.12720234,10.822,6.312,1.371,0,6.712004872,18273.42707,0.504979187,8.2,95,90926,77.132
Antigua and Barbuda,ATG,2019,47.52856705,52.47143295,19.40709364,9.473148467,11.5,6.448,1.468,0,3.172221937,18896.37218,0.48055389,8,99,91364,77.168
Antigua and Barbuda,ATG,2020,47.54423213,52.45576787,19.10535026,9.863249352,12.18,6.605,1.569,0,-18.86877652,15369.60823,0.526173366,7.8,96,91846,77.161
Antigua and Barbuda,ATG,2021,47.55814961,52.44185039,18.8437341,10.27894184,12.135,6.806,1.58,0,8.172863112,17348.6007,0.546161677,7.7,92,92349,77.197
Antigua and Barbuda,ATG,2022,47.57647566,52.42352434,18.573352,10.72867299,12.001,6.771,1.58,0,9.107806234,20105.19891,0.530270319,7.5,99,92840,77.483
Antigua and Barbuda,ATG,2023,47.58934791,52.41065209,18.21723079,11.23875455,11.848,6.893,1.578,0,2.427363001,21494.5474,0.511400156,7.3,97,93316,77.598
Antigua and Barbuda,ATG,2024,47.59736382,52.40263618,17.79965128,11.78449742,,,,9,3.65638766,23542.45269,0.487472102,,99,93772,
Argentina,ARG,2000,49.29275511,50.70724489,28.16661205,9.659777357,19.328,7.57,2.591,-22775,-0.788998939,7637.014892,1.133128076,16.7,83,37213984,73.91
Argentina,ARG,2001,49.29678612,50.70321388,27.94690038,9.725315537,18.94,7.496,2.531,-23687,-4.408839683,7141.475077,1.097946728,16.2,83,37624825,74.154
Argentina,ARG,2002,49.29867719,50.70132281,27.71317753,9.790735571,18.702,7.531,2.493,-22674,-10.89448483,2569.699635,1.069413183,15.8,93,38029349,74.312
Argentina,ARG,2003,49.30161089,50.69838911,27.46564009,9.844634182,18.41,7.736,2.451,-22450,8.837040796,3320.477751,1.033139977,15.4,96,38424282,74.307
Argentina,ARG,2004,49.30935417,50.69064583,27.20622163,9.897089765,18.295,7.527,2.43,-22381,9.029573301,4242.020991,1.01407652,14.9,98,38815916,74.871
Argentina,ARG,2005,49.32069657,50.67930343,26.93872735,9.965225481,18.306,7.386,2.426,-22068,8.85165992,5067.653423,1.027457722,14.4,98,39216789,75.231
Argentina,ARG,2006,49.33562862,50.66437138,26.66428963,10.04471367,18.161,7.445,2.4,-20109,8.0471515,5869.38029,1.028247605,14,91,39622115,75.279
Argentina,ARG,2007,49.35500405,50.64499595,26.39351914,10.11645045,17.967,7.899,2.37,-18099,9.007650875,7185.251551,0.991101935,13.6,91,40016763,74.783
Argentina,ARG,2008,49.37582605,50.62417395,26.14201046,10.19380545,18.462,7.517,2.432,-12517,4.057233103,8944.110266,1.012888785,13.2,93,40424148,75.428
Argentina,ARG,2009,49.39764038,50.60235962,25.90206407,10.29625603,18.231,7.479,2.4,-7882,-5.918525076,8150.23527,1.059774707,12.8,94,40854831,75.577
Argentina,ARG,2010,49.42025534,50.57974466,25.68058614,10.40210318,18.314,7.625,2.411,-5003,10.12539816,10260.13131,1.056363322,12.4,94,41288694,75.68
Argentina,ARG,2011,49.44002684,50.55997316,25.49371702,10.51609404,18.172,7.419,2.393,-1117,6.003951693,12704.28318,1.064740097,11.9,91,41730660,76.1
Argentina,ARG,2012,49.46288247,50.53711753,25.31535744,10.64233466,17.48,7.719,2.304,2978,-1.026420454,12949.71749,1.027661364,11.4,91,42161721,75.802
Argentina,ARG,2013,49.49311754,50.50688246,25.15028637,10.76715738,17.683,7.78,2.335,5275,2.405323781,12963.67577,0.99295899,10.9,94,42582455,75.829
Argentina,ARG,2014,49.52041964,50.47958036,25.01382976,10.89414213,18.019,7.549,2.386,5794,-2.512615321,12233.14441,1.031743579,10.4,94,43024071,76.268
Argentina,ARG,2015,49.53813753,50.46186247,24.88739337,11.03152167,17.665,7.449,2.35,5464,2.731159828,13679.6265,1.047258887,10,94,43477012,76.6
Argentina,ARG,2016,49.55068203,50.44931797,24.74758979,11.16881432,16.789,7.865,2.241,5215,-2.080327844,12699.96231,0.968911126,9.7,92,43900313,76.105
Argentina,ARG,2017,49.56807682,50.43192318,24.57913151,11.30712476,16.155,7.682,2.168,4931,2.818502978,14532.50093,0.881249595,9.4,88,44288894,76.543
Argentina,ARG,2018,49.58648418,50.41351582,24.37329164,11.46365152,15.332,7.583,2.067,5742,-2.617396463,11752.79989,0.82296948,9.2,86,44654882,76.77
Argentina,ARG,2019,49.60194529,50.39805471,24.09729132,11.63253919,13.902,7.676,1.882,5397,-2.000861003,9955.974787,0.710900853,8.9,83,44973465,76.847
Argentina,ARG,2020,49.60944826,50.39055174,23.69909146,11.79343399,11.799,8.45,1.601,292,-9.900484814,8535.59938,0.484665637,8.7,74,45191965,75.878
Argentina,ARG,2021,49.60711424,50.39288576,23.23874709,11.91862078,11.682,9.725,1.585,314,10.44181199,10738.01792,0.265879395,8.5,81,45312281,73.948
Argentina,ARG,2022,49.61058982,50.38941018,22.75074621,12.03408001,10.926,8.797,1.482,5589,6.020745375,13962.18941,0.210808731,8.3,84,45407904,75.806
Argentina,ARG,2023,49.62182246,50.37817754,22.19065729,12.2030218,11.064,7.668,1.5,4133,-1.85578803,14261.84657,0.286976122,8.2,66,45538401,77.395
Argentina,ARG,2024,49.63374055,50.36625945,21.60394269,12.41600415,,,,3454,-1.342930722,13969.78366,0.34582982,,75,45696159,
Armenia,ARM,2000,46.74407831,53.25592169,26.25950269,9.146608434,10.6,7.5,1.3,-52780,5.900000003,593.4505817,1.684784636,27.8,93,3221100,72.8804878
Armenia,ARM,2001,46.50702628,53.49297372,24.86869598,9.552776039,10,7.5,1.2,-51303,9.599999999,659.5889885,-0.289138848,26.4,94,3211800,72.97560976
Armenia,ARM,2002,46.45474092,53.54525908,23.79992015,10.0057435,10.1,8,1.2,-27792,13.2,742.6511183,-0.374321979,25,94,3199800,72.82682927
Armenia,ARM,2003,46.43002281,53.56997719,22.91058627,10.42880175,11.3,8.2,1.3,-29616,14,882.0301677,-0.54212564,23.7,94,3182500,72.82682927
Armenia,ARM,2004,46.40393629,53.59606371,22.07391066,10.80835628,11.8,8.1,1.4,-30103,10.5,1130.087914,-0.554559193,22.5,91,3164900,73.02682927
Armenia,ARM,2005,46.37573802,53.62426198,21.23326584,11.11658286,11.9,8.4,1.3,-29921,13.9,1557.484589,-0.586251738,21.3,90,3146400,73.07560976
Armenia,ARM,2006,46.34485886,53.65514114,20.43065139,11.30354133,12,8.7,1.3,-29921,13.2,2041.652671,-0.615288464,20.1,87,3127100,72.82439024
Armenia,ARM,2007,46.31196049,53.68803951,19.78362381,11.31290677,12.9,8.6,1.4,-29980,13.7,2962.702346,-0.631969382,19.1,88,3107400,72.87317073
Armenia,ARM,2008,46.22664266,53.77335734,19.41513316,11.15301065,13.3,8.9,1.4,-29732,6.9,3777.668593,-0.655422477,18.1,89,3087100,73.07317073
Armenia,ARM,2009,46.08265581,53.91734419,19.29892431,10.91455437,14.5,9,1.5,-30357,-14.1,2820.592655,-0.685835846,17.2,93,3066000,73.07317073
Armenia,ARM,2010,45.92788046,54.07211954,19.30467221,10.72475724,14.7,9.2,1.5,-30009,2.2,3041.344507,-0.693856289,16.4,94,3044800,73.17317073
Armenia,ARM,2011,45.86427327,54.13572673,19.35595765,10.64489242,14.3,9.2,1.5,-17296,4.699999999,3349.553098,-0.556590763,15.6,95,3027900,73.81707317
Armenia,ARM,2012,45.89795064,54.10204936,19.46190412,10.66015632,14,9.1,1.6,-16782,7.200000001,3511.563997,-0.125578338,14.8,95,3024100,74.1195122
Armenia,ARM,2013,45.93398569,54.06601431,19.65159838,10.70838571,13.8,9,1.6,-16265,3.3,3680.166922,-0.06946627,14.1,95,3022000,74.62195122
Armenia,ARM,2014,45.97008919,54.02991081,19.88492764,10.77672903,14.3,9.2,1.7,-15745,3.600000001,3852.118006,-0.271712285,13.4,93,3013800,74.87317073
Armenia,ARM,2015,46.00344313,53.99655687,20.11423476,10.92381411,13.9,9.3,1.6,-15225,3.199999999,3512.393503,-0.305729336,12.8,94,3004600,74.87073171
Armenia,ARM,2016,46.03387292,53.96612708,20.32117734,11.14486556,13.5,9.4,1.6,-14697,0.2,3524.424769,-0.410212518,12.2,94,2992300,74.86829268
Armenia,ARM,2017,46.06055034,53.93944966,20.47169716,11.41717555,12.6,9.1,1.6,-14180,7.500000002,3869.053739,-0.43203845,11.7,94,2979400,75.21707317
Armenia,ARM,2018,46.11093261,53.88906739,20.45157252,11.71168927,12.3,8.7,1.6,-13129,5.2,4196.005623,-0.349674218,11.2,92,2969000,75.6195122
Armenia,ARM,2019,46.18109266,53.81890734,20.30057802,12.04533171,12.2,8.8,1.6,-14330,7.599999999,4597.228874,-0.219168932,10.7,92,2962500,76.22195122
Armenia,ARM,2020,46.22915695,53.77084305,20.16918651,12.34328153,12.3,12.2,1.7,-13046,-7.199999999,4268.680933,-0.033760973,10.2,91,2961500,73.37560976
Armenia,ARM,2021,46.25974054,53.74025946,20.04883728,12.60019472,12.4,11.6,1.7,-19457,5.800000001,4685.179971,0.02700969,9.7,93,2962300,72.27804878
Armenia,ARM,2022,46.30325856,53.69674144,19.86256257,12.91515823,12.3,9,1.7,38001,12.6,6571.974455,0.232656263,9.3,93,2969200,74.76585366
Armenia,ARM,2023,46.38772328,53.61227672,19.54533425,13.21104589,12.3,8.2,1.9,75000,8.3,8159.08721,-0.165163937,8.9,94,2964300,77.46585366
Armenia,ARM,2024,46.43074274,53.56925726,19.23707744,13.7027692,,,,-29966,5.9,8556.21407,2.307615151,,94,3033500,
Australia,AUS,2000,49.63450619,50.36549381,20.75430037,12.33809266,13,6.7,1.756,111186,3.916057488,21908.9968,1.144472851,5.1,90,19028802,79.23414634
Australia,AUS,2001,49.6261767,50.3738233,20.57089299,12.44396653,12.7,6.6,1.739,117552,2.031458802,19733.65101,1.283968091,5,92,19274701,79.63414634
Australia,AUS,2002,49.63144839,50.36855161,20.36653584,12.55265087,12.8,6.8,1.756,108852,3.949805358,20335.09602,1.137538736,4.9,92,19495210,79.93658537
Australia,AUS,2003,49.63939471,50.36060529,20.15840547,12.65741446,12.6,6.6,1.748,104437,3.0912801,23757.58985,1.150192733,4.9,93,19720737,80.23902439
Australia,AUS,2004,49.64836816,50.35163184,19.9570258,12.77075248,12.3,6.5,1.768,110072,4.218941475,30886.05009,1.069198122,4.8,92,19932722,80.4902439
Australia,AUS,2005,49.6605384,50.3394616,19.76373636,12.88499489,12.8,6.4,1.807,131371,3.155481213,34535.20727,1.217290731,4.8,92,20176844,80.84146341
Australia,AUS,2006,49.67959104,50.32040896,19.59009662,12.99251242,12.9,6.4,1.908,191985,2.770926174,36658.82435,1.349450831,4.7,92,20450966,81.04146341
Australia,AUS,2007,49.71193606,50.28806394,19.44439652,13.08756426,14.1,6.7,1.959,249873,3.789471199,41128.24766,1.824996795,4.5,92,20827622,81.29268293
Australia,AUS,2008,49.75319585,50.24680415,19.31234135,13.17728803,14,6.7,1.984,275773,3.623985036,49811.20672,2.003911405,4.4,92,21249199,81.39512195
Australia,AUS,2009,49.78207099,50.21792901,19.18514617,13.31490399,13.9,6.5,1.971,235628,1.954848263,42954.84949,2.060833163,4.2,92,21691653,81.54390244
Australia,AUS,2010,49.78450726,50.21549274,19.06885102,13.52928938,13.7,6.5,1.928,166752,2.210047953,52313.8939,1.555706262,4,92,22031750,81.69512195
Australia,AUS,2011,49.77470193,50.22529807,18.9825343,13.79881471,13.6,6.6,1.926,197657,2.394734943,62799.3895,1.389527316,3.8,92,22340024,81.89512195
Australia,AUS,2012,49.76502063,50.23497937,18.94571149,14.088046,13.7,6.6,1.92,235776,3.952471381,68301.44025,1.745820001,3.6,92,22733465,82.04634146
Australia,AUS,2013,49.74313219,50.25686781,18.93337616,14.36632441,13.3,6.4,1.855,215823,2.654453026,68476.67885,1.72115144,3.5,91,23128129,82.14878049
Australia,AUS,2014,49.70379223,50.29620777,18.91647767,14.63439339,13.2,6.6,1.826,200177,2.601189782,62817.20618,1.491566489,3.4,92,23475686,82.3
Australia,AUS,2015,49.65962505,50.34037495,18.90312603,14.899458,12.9,6.6,1.814,212350,2.164347806,56970.3613,1.439216653,3.3,93,23815995,82.4
Australia,AUS,2016,49.626214,50.373786,18.88762223,15.1508163,12.9,6.6,1.752,254648,2.755640655,50084.44406,1.561940498,3.2,94,24190907,82.44878049
Australia,AUS,2017,49.61775363,50.38224637,18.84126904,15.38761302,12.6,6.5,1.741,255023,2.293310302,54117.54772,1.646827797,3.2,95,24592588,82.5
Australia,AUS,2018,49.62462338,50.37537662,18.76182426,15.64096761,12.6,6.3,1.74,226412,2.874170395,57410.17373,1.49599671,3.2,95,24963258,82.74878049
Australia,AUS,2019,49.62545591,50.37454409,18.6611638,15.94506378,12.1,6.7,1.657,207142,2.194017036,55194.75851,1.477490711,3.2,95,25334826,82.9
Australia,AUS,2020,49.61877604,50.38122396,18.55970824,16.33872028,11.5,6.3,1.581,44447,-0.133531904,51983.45237,1.233428251,3.2,95,25649248,83.2
Australia,AUS,2021,49.6191828,50.3808172,18.4234342,16.74918736,12.1,6.7,1.7,116768,2.006948443,60758.90444,0.140895083,3.2,95,25685412,83.3
Australia,AUS,2022,49.6182548,50.3817452,18.23554187,17.07503205,11.6,7.3,1.63,140972,4.253045592,65169.51911,1.28931131,3.2,94,26018721,83.2
Australia,AUS,2023,49.61473661,50.38526339,18.03028295,17.38402497,10.8,6.9,1.5,140232,3.583821008,65058.37731,2.434507164,3.1,94,26659922,83.05121951
Australia,AUS,2024,49.61837413,50.38162587,17.84184825,17.73001592,,,,138510,1.373407734,64603.98563,1.993837154,,93,27196812,
Austria,AUT,2000,48.36273332,51.63726668,17.04067477,15.44064167,9.8,9.6,1.36,17631,3.18952293,24487.29747,0.240466652,4.5,81,8011566,78.12682927
Austria,AUT,2001,48.41954323,51.58045677,16.81708406,15.46338657,9.4,9.3,1.33,39866,1.316987496,24430.49598,0.382799394,4.5,84,8042293,78.57560976
Austria,AUT,2002,48.48225038,51.51774962,16.61205005,15.46188077,9.7,9.4,1.39,37508,1.484368776,26334.86222,0.491980464,4.4,83,8081957,78.67804878
Austria,AUT,2003,48.52557099,51.47442901,16.4302215,15.47420396,9.5,9.5,1.38,44362,1.141565045,32110.11597,0.487133895,4.3,84,8121423,78.63170732
Austria,AUT,2004,48.56284193,51.43715807,16.22849404,15.733577,9.7,9.1,1.42,55007,2.565255341,36614.25065,0.620413127,4.2,83,8171966,79.1804878
Austria,AUT,2005,48.60844378,51.39155622,16.01388688,16.21266673,9.5,9.1,1.41,50676,2.320365143,38157.37023,0.681267248,4.1,86,8227829,79.33170732
Austria,AUT,2006,48.64178494,51.35821506,15.7674668,16.67951547,9.4,9,1.41,25787,3.269336015,40382.20783,0.494797775,4,83,8268641,79.8804878
Austria,AUT,2007,48.65355374,51.34644626,15.50277138,17.02804235,9.2,9,1.38,24616,3.775224687,46622.96229,0.324146535,3.9,85,8295487,80.1804878
Austria,AUT,2008,48.66281248,51.33718752,15.24867833,17.28097279,9.3,9,1.42,25405,1.453305621,51581.39824,0.313041438,3.8,83,8321496,80.43170732
Austria,AUT,2009,48.67830269,51.32169731,15.01682641,17.53136629,9.2,9.3,1.39,18222,-3.586264726,47857.44466,0.26195319,3.7,83,8343323,80.33170732
Austria,AUT,2010,48.69268623,51.30731377,14.82092575,17.65924497,9.4,9.2,1.44,22570,1.80898243,46611.13934,0.2403943,3.6,86,8363404,80.5804878
Austria,AUT,2011,48.71897365,51.28102635,14.64588891,17.73606711,9.3,9.1,1.43,31887,2.927468002,51116.89535,0.337080842,3.5,89,8391643,80.98292683
Austria,AUT,2012,48.762975,51.237025,14.49013064,17.94970493,9.4,9.4,1.44,45014,0.628246239,48250.40591,0.455937472,3.4,92,8429991,80.93658537
Austria,AUT,2013,48.81385233,51.18614767,14.37387183,18.19944605,9.4,9.4,1.44,56726,-0.250726423,50305.35458,0.589387255,3.3,95,8479823,81.13658537
Austria,AUT,2014,48.88328226,51.11671774,14.30111254,18.38805637,9.6,9.2,1.46,74375,0.75579885,51314.97226,0.781541633,3.2,98,8546356,81.4902439
Austria,AUT,2015,49.0169872,50.9830128,14.30391015,18.4613708,9.8,9.6,1.49,115175,1.303523318,43915.22802,1.120992502,3.1,93,8642699,81.1902439
Austria,AUT,2016,49.13181816,50.86818184,14.3661094,18.49991568,10,9.2,1.53,65976,2.117219645,45061.49939,1.081396299,3,87,8736668,81.64146341
Austria,AUT,2017,49.16696945,50.83303055,14.4153435,18.61032967,10,9.5,1.52,45478,2.27224992,47163.74258,0.694621104,3,90,8797566,81.64390244
Austria,AUT,2018,49.18081476,50.81918524,14.42996418,18.76258285,9.7,9.5,1.47,35296,2.484221141,51194.07498,0.487071925,3,85,8840521,81.69268293
Austria,AUT,2019,49.18984343,50.81015657,14.42284522,18.94029936,9.6,9.4,1.46,41090,1.754976196,49885.99474,0.444673639,2.9,88,8879920,81.89512195
Austria,AUT,2020,49.19719484,50.80280516,14.39315893,19.16978884,9.4,10.3,1.44,39601,-6.318255092,48716.40989,0.415176732,2.9,85,8916864,81.19268293
Austria,AUT,2021,49.20227999,50.79772001,14.36066562,19.46285272,9.6,10.3,1.48,52150,4.923091717,53648.6438,0.435671684,2.8,86,8955797,81.1902439
Austria,AUT,2022,49.20966856,50.79033144,14.34615376,19.78975092,9.1,10.3,1.41,157365,5.330963794,52336.77252,0.956287797,2.7,84,9041851,81.29512195
Austria,AUT,2023,49.22041451,50.77958549,14.30263573,20.16401968,8.5,9.8,1.32,4819,-0.786244289,56579.50418,0.989464654,2.6,87,9131761,81.54146341
Austria,AUT,2024,49.23479957,50.76520043,14.22800248,20.60640318,,,,8813,-0.659089573,58268.87877,0.504879814,,85,9177982,
Azerbaijan,AZE,2000,47.13290931,52.86709069,30.33476536,5.534518306,14.5,5.8,2,15938,11.09999914,655.0972496,0.821519964,59.9,76,8048600,65.377
Azerbaijan,AZE,2001,47.22408075,52.77591925,29.21445161,5.786043129,13.6,5.6,1.8,16252,9.899999865,703.6709986,0.774765939,55.7,77,8111200,66.043
Azerbaijan,AZE,2002,47.31515819,52.68484181,28.06895301,6.049890985,13.5,5.7,1.8,15068,9.438916269,763.1088955,0.746173583,51.7,76,8171950,66.769
Azerbaijan,AZE,2003,47.40167585,52.59832415,26.95296011,6.29424572,13.8,6,1.9,13153,10.2082994,883.6925807,0.757650956,47.9,77,8234100,67.036
Azerbaijan,AZE,2004,47.49561654,52.50438346,25.98039146,6.465555319,15.8,6,2.0535,13486,9.253801797,1045.013633,0.87542728,44.5,77,8306500,67.488
Azerbaijan,AZE,2005,47.6009477,52.3990523,25.13934692,6.561669502,16.9,6.2,2,16431,27.96153811,1578.36733,1.022265592,41.4,75,8391850,67.71
Azerbaijan,AZE,2006,47.70777994,52.29222006,24.385746,6.586998845,17.6,6.2,1.97,16909,34.46620962,2472.957257,1.098586574,38.6,78,8484550,68.489
Azerbaijan,AZE,2007,47.81224316,52.18775684,23.75208442,6.506142199,17.7,6.3,1.97,17112,25.46321573,3851.330152,1.133855466,36.1,79,8581300,68.659
Azerbaijan,AZE,2008,47.91241154,52.08758846,23.18203403,6.327685056,17.4,6,1.9,15047,10.59143746,5574.468104,2.099854033,33.7,81,8763400,69.355
Azerbaijan,AZE,2009,47.99689642,52.00310358,22.67231728,6.095407024,17,5.9,1.82,883,9.369502603,4950.39949,2.076148264,31.6,81,8947243,69.874
Azerbaijan,AZE,2010,48.07019903,51.92980097,22.3113628,5.887884578,18.3,5.9,1.92,1373,4.788832488,5843.533768,1.189787708,29.5,81,9054332,70.309
Azerbaijan,AZE,2011,48.14453093,51.85546907,22.16324282,5.742814237,19.2,5.9,1.96,1686,-1.572997351,7189.818692,1.303000855,27.5,82,9173082,70.565
Azerbaijan,AZE,2012,48.22223976,51.77776024,22.28093838,5.678362314,18.8,5.9,2,1986,2.202938917,7495.865277,1.328763827,25.7,79,9295784,71.08
Azerbaijan,AZE,2013,48.30036249,51.69963751,22.65626406,5.684482854,18.3,5.8,1.98,2291,5.843415905,7875.345367,1.293447027,24.1,78,9416801,71.485
Azerbaijan,AZE,2014,48.37309984,51.62690016,23.08243325,5.715736811,17.9,5.8,1.97,1073,2.797585214,7890.840281,1.248208997,22.5,78,9535079,71.93
Azerbaijan,AZE,2015,48.43923571,51.56076429,23.45293427,5.794962498,17.2,5.7,1.94,1073,1.049546412,5500.503646,1.191209858,21.1,79,9649341,72.349
Azerbaijan,AZE,2016,48.54903942,51.45096058,23.76443847,5.946403014,16.3,5.8,1.9,4671,-3.063598423,3880.685228,1.11785721,19.8,78,9757812,72.568
Azerbaijan,AZE,2017,48.69424304,51.30575696,23.91501458,6.140135594,14.6,5.8,1.75,-11324,0.153614662,4147.198142,0.981261805,18.7,76,9854033,72.694
Azerbaijan,AZE,2018,48.81543778,51.18456222,23.76190943,6.368876742,14,5.8,1.73,-37559,1.500401672,4739.794312,0.866316916,17.6,74,9939771,73.016
Azerbaijan,AZE,2019,48.8870602,51.1129398,23.54677698,6.627641135,14.1,5.6,1.81,384,2.479808792,4805.753718,0.846646726,16.6,74,10024283,73.29
Azerbaijan,AZE,2020,48.91372095,51.08627905,23.38996418,6.883368543,12.5,7.5,1.7,1073,-4.198960653,4229.910649,0.684365325,15.6,56,10093121,70.312
Azerbaijan,AZE,2021,48.93749699,51.06250301,23.14531705,7.146682837,11.1,7.6,1.52,1073,5.616440272,5408.045352,0.441197736,14.8,49,10137750,70.999
Azerbaijan,AZE,2022,48.9716088,51.0283912,22.79760267,7.52651403,12.1,6,1.67,9086,4.714680332,7770.594223,0.039507866,14.1,51,10141756,74.125
Azerbaijan,AZE,2023,49.00053856,50.99946144,22.3444393,8.010548732,11.1,5.9,1.55,-84122,1.354477491,7133.02838,0.12024215,13.3,51,10153958,74.429
Azerbaijan,AZE,2024,49.01840329,50.98159671,21.81163446,8.555767129,,,,10864,4.07140205,7283.849908,0.480155257,,51,10202830,
"Bahamas, The",BHS,2000,49.37113036,50.62886964,27.81431902,6.6936866,17.254,6.485,2.06,845,4.148419308,24940.07751,1.312010913,13.7,99,323835,72.481
"Bahamas, The",BHS,2001,49.31627608,50.68372392,27.52138264,6.902841665,16.787,6.485,2.02,290,2.626009827,25371.92377,1.227935653,13.9,99,327836,72.765
"Bahamas, The",BHS,2002,49.26722032,50.73277968,27.1809996,7.130881085,16.299,6.499,1.984,636,2.704956247,26781.61959,1.145815857,14.1,94,331614,73.023
"Bahamas, The",BHS,2003,49.20564451,50.79435549,26.78063569,7.370444032,16.024,6.545,1.971,949,-1.264916676,26429.12478,1.200196652,14.3,92,335618,73.213
"Bahamas, The",BHS,2004,49.13679948,50.86320052,26.34041827,7.622387295,15.967,6.654,1.98,1030,0.882373745,26650.29342,1.233062706,14.4,93,339782,73.235
"Bahamas, The",BHS,2005,49.0720978,50.9279022,25.88922749,7.884842422,16.086,6.721,2.008,804,3.396084205,28602.41819,1.202923486,14.5,93,343894,73.413
"Bahamas, The",BHS,2006,48.99461787,51.00538213,25.42389666,8.144384643,16.028,6.827,2.019,1735,2.516592217,29184.78651,1.294601545,14.4,95,348375,73.456
"Bahamas, The",BHS,2007,48.89990774,51.10009226,24.87713484,8.389359092,16.125,6.948,2.035,1727,1.446099912,30051.84896,1.413429943,14.2,95,353334,73.463
"Bahamas, The",BHS,2008,48.81087677,51.18912323,24.29517439,8.624471372,15.831,7.081,1.999,1474,-2.32364807,29392.38244,1.345434054,14,93,358120,73.445
"Bahamas, The",BHS,2009,48.72357432,51.27642568,23.7944103,8.884402304,15.918,7.202,2.011,1613,-4.175428056,27512.9131,1.301115549,13.7,96,362810,73.455
"Bahamas, The",BHS,2010,48.62876145,51.37123855,23.31271983,9.156751094,14.565,7.322,1.837,1898,1.538662487,27473.10043,1.278417166,13.4,99,367478,73.449
"Bahamas, The",BHS,2011,48.54073801,51.45926199,22.8229436,9.405507776,14.273,7.39,1.791,1381,0.613170736,27090.83768,1.150164125,13.1,98,371729,73.571
"Bahamas, The",BHS,2012,48.46938504,51.53061496,22.3778496,9.637001141,14.075,7.457,1.761,1047,4.520038867,28552.02427,1.001081704,12.8,98,375469,73.707
"Bahamas, The",BHS,2013,48.40441955,51.59558045,21.97396511,9.849638346,13.902,7.486,1.738,1002,-2.863200815,27642.74198,0.923627563,12.6,97,378953,73.93
"Bahamas, The",BHS,2014,48.33977682,51.66022318,21.61468279,10.04007345,13.503,7.596,1.687,1002,1.846970129,29137.21756,0.878822236,12.4,96,382298,74.029
"Bahamas, The",BHS,2015,48.27545044,51.72454956,21.27513809,10.209902,12.607,7.832,1.574,1002,0.997411675,30719.40542,0.79412228,12.3,95,385346,73.805
"Bahamas, The",BHS,2016,48.20940331,51.79059669,20.9269035,10.36488337,11.983,7.94,1.495,1002,-1.156508113,30616.53632,0.700545016,12.2,94,388055,74.042
"Bahamas, The",BHS,2017,48.1409017,51.8590983,20.57082858,10.5142323,11.421,8.12,1.424,1002,3.371398846,31875.48817,0.62424741,12.1,94,390485,74.031
"Bahamas, The",BHS,2018,48.07227596,51.92772404,20.21325762,10.66759184,11.263,8.276,1.404,1002,2.397955108,32642.33532,0.569969444,12,90,392717,74.062
"Bahamas, The",BHS,2019,48.01304368,51.98695632,19.84964825,10.82436286,11.195,9.321,1.397,1002,-0.838585871,33640.33699,0.497339073,15.7,89,394675,71.408
"Bahamas, The",BHS,2020,47.96507883,52.03492117,19.48681676,10.97641226,11.115,9.523,1.386,0,-20.08936649,26178.75376,0.300555038,11.8,83,395863,72.994
"Bahamas, The",BHS,2021,47.91408071,52.08591929,19.13828641,11.09195127,11.023,11.259,1.382,481,17.586139,30367.86058,0.128749532,11.7,86,396373,70.752
"Bahamas, The",BHS,2022,47.85517899,52.14482101,18.7512656,11.25211772,10.942,8.558,1.379,1001,10.87790094,34957.16133,0.293483989,11.6,87,397538,74.491
"Bahamas, The",BHS,2023,47.79404217,52.20595783,18.32826166,11.49795777,10.852,8.713,1.373,1001,3.048241806,38231.77448,0.477303918,11.4,87,399440,74.552
"Bahamas, The",BHS,2024,47.74610437,52.25389563,17.91279471,11.77585395,,,,1018,3.378665533,39455.44665,0.460334786,,90,401283,
Bahrain,BHR,2000,59.07315033,40.92684967,29.75168781,2.249916179,20.431,2.646,2.798,2886,5.300069403,14214.48368,2.63695278,10.5,97,637582,74.673
Bahrain,BHR,2001,59.29972741,40.70027259,28.93519659,2.222355564,19.082,2.528,2.653,34371,2.490948753,13573.23399,3.654889294,10.1,99,661316,74.942
Bahrain,BHR,2002,59.81092719,40.18907281,27.60910532,2.182604967,19.147,2.434,2.699,45952,3.348550671,13501.47088,7.181175095,9.7,98,710553,75.209
Bahrain,BHR,2003,60.31555268,39.68444732,26.17302866,2.157218998,19.692,2.37,2.778,45571,6.296441291,14486.0269,7.320072177,9.4,97,764517,75.486
Bahrain,BHR,2004,60.73875255,39.26124745,24.86562502,2.148794756,19.86,2.313,2.774,45413,6.980961759,15963.94932,7.461189823,9.1,98,823741,75.787
Bahrain,BHR,2005,61.09502114,38.90497886,23.74266034,2.144264876,19.354,2.258,2.67,45682,6.768997378,17966.16578,7.604083038,8.8,98,888822,76.125
Bahrain,BHR,2006,61.39700005,38.60299995,22.79111176,2.131672662,18.079,2.203,2.464,46615,6.46699952,19267.28262,7.747786313,8.5,98,960424,76.51
Bahrain,BHR,2007,61.65546787,38.34453213,21.97738804,2.115320052,16.962,2.151,2.282,47500,8.293961291,20908.40425,7.892302403,8.1,97,1039295,76.952
Bahrain,BHR,2008,61.88064038,38.11935962,21.26426602,2.105845963,16.186,2.103,2.152,47674,6.24501095,23299.49928,5.994072321,7.8,97,1103496,77.457
Bahrain,BHR,2009,62.08557754,37.91442246,20.58143528,2.108219335,15.462,2.058,2.047,46467,2.539885702,19465.31407,6.568699333,7.4,98,1178415,78.016
Bahrain,BHR,2010,62.15814791,37.84185209,20.38176162,2.150474266,15.486,2.077,1.987,-19329,4.334298975,21819.32911,4.165859919,7.1,99,1228543,78.593
Bahrain,BHR,2011,62.30691589,37.69308411,20.37716867,2.235176444,15.441,2.061,2.025,-26107,1.928157912,25032.78677,-2.766599276,6.8,99,1195020,79.141
Bahrain,BHR,2012,62.69811059,37.30188941,19.87280308,2.302756797,15.438,2.022,2.11,12801,3.80302899,26438.67332,1.160087287,6.6,99,1208964,79.622
Bahrain,BHR,2013,62.50430519,37.49569481,19.75949787,2.455689336,15.585,1.984,2.166,35574,5.292622249,26989.76011,3.592930394,6.5,99,1253191,79.998
Bahrain,BHR,2014,61.83411941,38.16588059,20.33053331,2.625399132,15.625,2.065,2.149,40815,4.308856927,26451.79656,4.781043184,6.4,99,1314562,80.214
Bahrain,BHR,2015,61.83119775,38.16880225,20.50877962,2.588763553,15.36,2.084,2.113,36809,2.507872053,23734.05511,4.154221842,6.3,98,1370322,80.338
Bahrain,BHR,2016,62.50469536,37.49530464,20.08829018,2.537485905,14.623,1.983,2.042,46833,3.814993274,23800.00144,3.823163003,6.3,99,1423726,80.407
Bahrain,BHR,2017,63.0471088,36.9528912,19.77938522,2.612019609,14.071,1.987,1.984,21958,4.953835341,24784.76935,5.293145273,6.3,97,1501116,80.407
Bahrain,BHR,2018,62.85685669,37.14314331,19.84331196,2.772388691,13.641,2.035,1.911,-25978,2.05258865,26324.40665,0.131482304,6.4,99,1503091,80.412
Bahrain,BHR,2019,62.48260887,37.51739113,20.10045296,3.004468353,13.318,2.104,1.843,-31967,2.052877744,27259.74386,-1.294694377,6.5,99,1483756,80.471
Bahrain,BHR,2020,62.31052063,37.68947937,19.89458403,3.278892465,12.813,2.586,1.86,-5048,-5.911362952,24342.84446,-0.781611308,6.6,98,1472204,78.683
Bahrain,BHR,2021,62.00048743,37.99951257,19.29115337,3.464160635,13.042,2.804,1.852,11882,4.350040917,27147.80839,2.161028459,6.8,98,1504365,78.083
Bahrain,BHR,2022,61.97287438,38.02712562,19.07895809,3.498952368,13.282,2.094,1.839,18975,6.180161255,30470.52193,1.342219606,7,97,1524693,80.992
Bahrain,BHR,2023,62.07668515,37.92331485,18.99188075,3.638004403,12.46,2.089,1.824,20002,3.878116148,29290.12842,3.376864177,7.2,99,1577059,81.284
Bahrain,BHR,2024,62.0410218,37.9589782,18.71676555,3.853399571,,,,22699,2.603796706,29653.56827,0.733546811,,96,1588670,
Bangladesh,BGD,2000,50.8955864,49.1044136,37.3226802,3.461401817,29.589,8.276,3.279,-512422,5.293294719,396.6707302,1.827328067,59.8,82,134544304,62.049
Bangladesh,BGD,2001,50.8218178,49.1781822,36.91948779,3.496335779,29.174,7.934,3.203,-737740,5.077287775,394.65641,1.666893247,56.6,85,136805810,62.836
Bangladesh,BGD,2002,50.718756,49.281244,36.63247426,3.539298951,28.526,7.598,3.126,-819909,3.83312394,393.8864223,1.543406357,53.6,83,138933658,63.591
Bangladesh,BGD,2003,50.60995698,49.39004302,36.35103123,3.593504553,27.745,7.302,3.029,-896335,4.7395674,426.7488075,1.455305305,50.9,87,140970351,64.288
Bangladesh,BGD,2004,50.49560661,49.50439339,36.05713183,3.655827227,26.994,7.053,2.94,-970264,5.23953291,455.6140169,1.361547907,48.4,99,142902856,64.912
Bangladesh,BGD,2005,50.37638119,49.62361881,35.73911591,3.724921896,26.055,6.824,2.846,-1036635,6.535944939,480.0858508,1.260665163,46,93,144715786,65.509
Bangladesh,BGD,2006,50.25343228,49.74656772,35.4168353,3.80177384,25.252,6.634,2.755,-1091865,6.671904986,490.3880265,1.161167751,43.9,94,146405973,66.048
Bangladesh,BGD,2007,50.12794204,49.87205796,35.10437357,3.887386017,24.526,6.51,2.666,-1133553,7.058599354,537.9554928,1.075642532,41.9,94,147989278,66.458
Bangladesh,BGD,2008,50.00032179,49.99967821,34.79327731,3.983115461,23.685,6.319,2.577,-1158420,6.013789757,613.062041,0.998440566,40.1,96,149474264,67.047
Bangladesh,BGD,2009,49.8720642,50.1279358,34.44808716,4.090303961,22.829,6.181,2.484,-1150194,5.045124799,679.2114774,0.931892491,38.4,97,150873714,67.527
Bangladesh,BGD,2010,49.74598425,50.25401575,34.05041478,4.209254661,21.874,6.049,2.38,-1113727,5.571788185,757.3852804,0.876530534,36.9,94,152201981,68.009
Bangladesh,BGD,2011,49.63622431,50.36377569,33.58219176,4.343773542,21.114,5.93,2.309,-848910,6.464379125,837.3369447,0.908525896,35.4,96,153591076,68.499
Bangladesh,BGD,2012,49.54305956,50.45694044,33.02650157,4.489055874,20.709,5.847,2.263,-829875,6.521458779,859.6805364,0.958355913,34.1,94,155070101,68.989
Bangladesh,BGD,2013,49.45159218,50.54840782,32.42369991,4.626843073,20.55,5.778,2.247,-862944,6.013605658,958.2629898,0.93840835,32.7,96,156532141,69.487
Bangladesh,BGD,2014,49.36010733,50.63989267,31.80630725,4.756567531,20.298,5.703,2.228,-889222,6.061059359,1094.461997,0.911167734,31.4,97,157964929,70.016
Bangladesh,BGD,2015,49.2699766,50.7300234,31.18234077,4.902601422,20.254,5.638,2.227,-909223,6.552639878,1224.386477,0.893819378,30,98,159383179,70.543
Bangladesh,BGD,2016,49.18267321,50.81732679,30.56604988,5.072238343,20.226,5.575,2.227,-918770,7.113478213,1649.283809,0.892432416,28.6,98,160811932,71.075
Bangladesh,BGD,2017,49.15578332,50.84421668,30.0763108,5.258889051,19.991,5.512,2.205,-1037176,6.590249998,1811.082217,0.850917316,27.4,98,162186147,71.606
Bangladesh,BGD,2018,49.18638775,50.81361225,29.74453821,5.458144023,20.069,5.442,2.193,-1029069,7.31941263,1965.243727,0.820955198,26.3,98,163523103,72.122
Bangladesh,BGD,2019,49.21513946,50.78486054,29.47616185,5.662558371,20.131,5.372,2.18,-1016796,7.881915151,2129.79897,0.846411252,25.4,98,164913055,72.625
Bangladesh,BGD,2020,49.23623145,50.76376855,29.25845469,5.83513578,20.289,6.126,2.175,-1002522,3.448017551,2248.850788,0.836310836,24.9,97,166298024,71.421
Bangladesh,BGD,2021,49.25021169,50.74978831,29.0745008,5.973813331,20.414,6.317,2.173,-994722,6.938679124,2482.849178,0.814977994,24.5,97,167658854,71.103
Bangladesh,BGD,2022,49.23661789,50.76338211,28.77009003,6.135157652,20.583,5.037,2.179,-549990,7.099828776,2716.485928,1.024233847,24.4,97,169384897,74.265
Bangladesh,BGD,2023,49.19763915,50.80236085,28.36088217,6.320548054,20.353,5.01,2.163,-549918,5.77511237,2551.017738,1.221714755,24.4,97,171466990,74.672
Bangladesh,BGD,2024,49.17175247,50.82824753,27.98893054,6.498462996,,,,-473362,4.223259113,2593.416117,1.214621154,,97,173562364,
Barbados,BRB,2000,48.11247677,51.88752323,21.89740635,11.26503932,15.147,9.13,1.933,-2628,4.447189628,11674.67365,-0.173090897,13,93,262063,74.58
Barbados,BRB,2001,48.11126989,51.88873011,21.73893162,11.24662047,15.053,9.041,1.955,199,-2.365464667,11639.51605,0.138039405,13.1,84,262425,74.707
Barbados,BRB,2002,48.07229281,51.92770719,21.60133713,11.28571861,14.219,9.036,1.862,308,0.787402032,11760.45247,0.65442252,13.3,87,264148,74.82
Barbados,BRB,2003,48.03311071,51.96688929,21.46939528,11.30801878,14.044,9.075,1.856,248,2.175480794,12075.9587,0.614429662,13.4,89,265776,74.865
Barbados,BRB,2004,47.99212864,52.00787136,21.28467104,11.3064819,13.472,8.97,1.797,273,1.411598307,12886.36653,0.571029214,13.5,93,267298,75.15
Barbados,BRB,2005,47.94739251,52.05260749,21.02632617,11.32483086,12.913,9.125,1.738,330,3.955457208,14214.42022,0.525370422,13.5,92,268706,74.96
Barbados,BRB,2006,47.89853408,52.10146592,20.73229223,11.34104811,12.553,9.121,1.702,317,6.070546217,15619.6006,0.481152127,13.4,84,270002,75.049
Barbados,BRB,2007,47.85339619,52.14660381,20.4715644,11.37792424,12.85,9.064,1.755,308,2.079183863,17235.43964,0.475162083,13.2,93,271288,75.263
Barbados,BRB,2008,47.81511835,52.18488165,20.3238185,11.48270444,12.756,9.128,1.756,526,0.633460591,17565.693,0.524263979,13.1,85,272714,75.3
Barbados,BRB,2009,47.77580785,52.22419215,20.24733468,11.65792666,12.756,9.109,1.77,296,-5.017275383,16294.90995,0.515328377,12.9,93,274123,75.458
Barbados,BRB,2010,47.76833562,52.23166438,20.15942248,11.81789942,12.768,9.203,1.785,-36,-2.217710856,20610.51507,0.407743308,12.7,86,275243,75.488
Barbados,BRB,2011,47.79278627,52.20721373,20.03918317,11.95140853,12.46,9.21,1.758,-54,-0.310320188,20508.14988,0.325001828,12.5,91,276139,75.599
Barbados,BRB,2012,47.8157566,52.1842434,19.87307606,12.13902054,12.153,9.208,1.731,-64,-3.413908212,20804.115,0.288929229,12.4,87,276938,75.737
Barbados,BRB,2013,47.83606144,52.16393856,19.67352745,12.36904183,12.029,9.252,1.729,-65,-1.771174941,20410.20654,0.262169666,12.2,91,277665,75.816
Barbados,BRB,2014,47.85520284,52.14479716,19.44634055,12.63310676,11.905,9.283,1.727,-65,0.752615447,20192.70841,0.245677833,12,94,278348,75.926
Barbados,BRB,2015,47.87483422,52.12516578,19.18420015,12.92161009,11.798,9.324,1.726,-65,-1.17048019,20424.20875,0.230380948,11.8,97,278990,76.055
Barbados,BRB,2016,47.89286008,52.10713992,18.90896735,13.20308658,11.706,9.36,1.724,-65,1.496506225,20295.56721,0.217691837,11.5,97,279598,76.168
Barbados,BRB,2017,47.9103833,52.0896167,18.65860492,13.51585282,11.628,9.427,1.724,-65,0.708386729,20284.57621,0.204727379,11.2,90,280171,76.237
Barbados,BRB,2018,47.92739838,52.07260162,18.43945987,13.88120501,11.539,9.459,1.72,-65,-1.276024177,21381.24263,0.19255393,10.9,95,280711,76.378
Barbados,BRB,2019,47.94297439,52.05702561,18.24008961,14.29567135,11.446,9.517,1.715,-65,0.227712137,21912.15012,0.17653826,10.5,90,281207,76.495
Barbados,BRB,2020,47.96004217,52.03995783,18.06136359,14.77096039,11.334,9.548,1.708,0,-14.36471193,19194.49197,0.174452216,10.2,85,281698,76.647
Barbados,BRB,2021,47.97392848,52.02607152,17.90027521,15.26210674,11.287,9.817,1.709,-28,-0.096777961,21079.61453,0.159263661,9.9,82,282147,76.58
Barbados,BRB,2022,47.96416794,52.03583206,17.72540185,15.69878647,11.249,11.097,1.712,-80,17.22646268,24387.03873,0.060588347,9.6,86,282318,75.676
Barbados,BRB,2023,47.94446314,52.05553686,17.48678879,16.09341352,11.173,10.613,1.708,-80,2.91435736,25583.87878,0.006375586,9.3,85,282336,76.178
Barbados,BRB,2024,47.94294555,52.05705445,17.24127554,16.55022259,,,,-70,2.48226214,26544.87073,0.046387856,,94,282467,
Belarus,BLR,2000,46.83335413,53.16664587,18.62068579,13.51880879,9.4,13.5,1.317,1812,5.800003275,1276.288034,-0.471131335,9.9,99,9979610,68.91219512
Belarus,BLR,2001,46.80454394,53.19545606,17.94607904,13.75263696,9.2,14.1,1.286,-4469,4.725306051,1244.373185,-0.512966688,9.2,99,9928549,68.50731707
Belarus,BLR,2002,46.76664659,53.23335341,17.2676682,14.02816716,8.9,14.8,1.24,-11945,5.045267583,1479.380663,-0.636565666,8.5,99,9865548,68.05609756
Belarus,BLR,2003,46.71860969,53.28139031,16.62723812,14.2966415,9,14.5,1.232,-10795,7.043192466,1819.526531,-0.699809191,7.8,50,9796749,68.55365854
Belarus,BLR,2004,46.6728765,53.3271235,16.02769301,14.53849789,9.1,14.3,1.233,-10424,11.44974321,2378.337005,-0.682169472,7.2,99,9730146,68.95609756
Belarus,BLR,2005,46.62207828,53.37792172,15.53100003,14.70340035,9.3,14.5,1.252,-15451,9.400001516,3126.071767,-0.68300556,6.7,99,9663915,68.85121951
Belarus,BLR,2006,46.57215065,53.42784935,15.17088404,14.78764234,9.9,14.2,1.335,-8303,9.99999473,3848.223503,-0.612296198,6.1,99,9604924,69.40487805
Belarus,BLR,2007,46.53726488,53.46273512,14.93317541,14.75058358,10.7,13.7,1.429,-4013,8.600006598,4735.481076,-0.458847536,5.6,95,9560953,70.20731707
Belarus,BLR,2008,46.51450811,53.48549189,14.79812176,14.52298256,11.1,13.8,1.488,-495,10.19999949,6376.175692,-0.345415054,5.1,97,9527985,70.45609756
Belarus,BLR,2009,46.50327989,53.49672011,14.77609345,14.23170863,11.4,14.1,1.509,13610,0.199995232,5352.488092,-0.245915441,4.6,96,9504583,70.40731707
Belarus,BLR,2010,46.49376572,53.50623428,14.84811292,13.94548682,11.4,14.5,1.494,10300,7.750017075,6034.678852,-0.218522756,4.2,98,9483836,70.40487805
Belarus,BLR,2011,46.47590163,53.52409837,15.00515427,13.7427575,11.5,14.3,1.515,5686,5.549974716,6527.659343,-0.234282914,3.9,98,9461643,70.55365854
Belarus,BLR,2012,46.46640834,53.53359166,15.26932071,13.73977585,12.2,13.4,1.62,10903,1.707852534,6953.215917,-0.1566176,3.7,98,9446836,71.96585366
Belarus,BLR,2013,46.47556985,53.52443015,15.57959557,13.84393266,12.5,13.2,1.668,10550,0.9987193,7998.080205,-0.03838,3.5,98,9443211,72.47073171
Belarus,BLR,2014,46.49656677,53.50343323,15.87427354,14.05726399,12.5,12.8,1.696,14979,1.651124702,8341.318093,0.056151568,3.3,97,9448515,72.97073171
Belarus,BLR,2015,46.52719732,53.47280268,16.1689483,14.31376685,12.5,12.6,1.724,18088,-3.829570568,5967.055951,0.132853237,3.1,99,9461076,73.62439024
Belarus,BLR,2016,46.5604976,53.4395024,16.46792339,14.54027547,12.4,12.6,1.733,8272,-2.526446446,5039.775609,0.087721088,2.9,98,9469379,73.82682927
Belarus,BLR,2017,46.58140572,53.41859428,16.71373402,14.79764795,10.8,12.6,1.541,3337,2.532183495,5785.544919,-0.109782323,2.8,97,9458989,74.12926829
Belarus,BLR,2018,46.60130331,53.39869669,16.86916425,15.05115331,9.9,12.7,1.448,8615,3.149197583,6360.037502,-0.213824207,2.6,97,9438785,74.17560976
Belarus,BLR,2019,46.61916481,53.38083519,16.97343186,15.37194504,9.3,12.8,1.382,-33954,1.446455482,6837.773396,-0.201786601,2.4,98,9419758,74.22682927
Belarus,BLR,2020,46.61345421,53.38654579,17.04679763,15.73378581,8.886,15.784,1.369,-33954,-0.672742919,6542.8558,-0.42347525,2.2,97,9379952,72.13856098
Belarus,BLR,2021,46.59699984,53.40300016,17.07306976,16.06976916,8.624,15.839,1.371,-33954,2.438862102,7489.718947,-0.828232721,2.1,98,9302585,72.07146341
Belarus,BLR,2022,46.59597769,53.40402231,16.95985289,16.5067849,8.062,13.246,1.326,-8000,-4.658395913,7994.648061,-0.804228427,2,98,9228071,74.10336585
Belarus,BLR,2023,46.60374212,53.39625788,16.67528369,17.06197453,7.136,13.338,1.208,-3034,4.126540072,7896.753883,-0.540824986,1.9,98,9178298,74.18378049
Belarus,BLR,2024,46.60006254,53.39993746,16.29722914,17.66656405,,,,-3119,4.009848525,8317.633999,-0.498817943,,98,9132629,
Belgium,BEL,2000,48.89126378,51.10873622,17.60627025,16.80524833,11.4,10.2,1.67,13952,3.716705107,23098.88651,0.242517956,4.8,95,10251250,77.72195122
Belgium,BEL,2001,48.89984986,51.10015014,17.54809673,16.89938991,11.2,10.1,1.67,34924,1.099603624,23015.07126,0.343951158,4.7,95,10286570,77.97317073
Belgium,BEL,2002,48.91820583,51.08179417,17.45845557,16.97983726,10.9,10.2,1.65,39404,1.706894303,25006.1914,0.448268895,4.5,95,10332785,78.07560976
Belgium,BEL,2003,48.9304046,51.0695954,17.34800882,17.07097259,11,10.3,1.67,34472,1.037955182,30655.20927,0.418641508,4.4,95,10376133,78.12926829
Belgium,BEL,2004,48.93242604,51.06757396,17.23543012,17.17558149,11.3,9.7,1.72,35143,3.571206719,35429.40779,0.432788248,4.2,95,10421137,78.87804878
Belgium,BEL,2005,48.93446689,51.06553311,17.13432693,17.22019961,11.4,9.9,1.76,50576,2.321737929,36809.70134,0.550055708,4.1,97,10478617,78.9804878
Belgium,BEL,2006,48.94437027,51.05562973,17.03494615,17.15875116,11.6,9.6,1.8,53574,2.552340873,38705.1068,0.659558215,4,98,10547958,79.3804878
Belgium,BEL,2007,48.96240579,51.03759421,16.94190175,17.07877541,11.7,9.5,1.82,59911,3.676924625,44319.16545,0.734330831,3.9,98,10625700,79.78292683
Belgium,BEL,2008,48.98491621,51.01508379,16.88871521,17.06866411,11.9,9.8,1.85,66470,0.446905131,48303.39796,0.789976845,3.8,99,10709973,79.6804878
Belgium,BEL,2009,49.02709579,50.97290421,16.8916526,17.09932516,11.8,9.6,1.84,97175,-1.906441055,44923.34001,0.804599573,3.8,98,10796493,80.03414634
Belgium,BEL,2010,49.08127059,50.91872941,16.94028473,17.11726346,11.9,9.7,1.86,105232,2.710311503,44197.39367,0.913639392,3.7,98,10895586,80.18292683
Belgium,BEL,2011,49.11261188,50.88738812,16.97755288,17.25106051,11.7,9.4,1.81,52464,1.931155024,47760.82988,1.301002902,3.6,98,11038264,80.58536585
Belgium,BEL,2012,49.12891431,50.87108569,16.98171455,17.48942923,11.5,9.8,1.8,45001,0.215803612,44874.17092,0.620163579,3.5,99,11106932,80.38536585
Belgium,BEL,2013,49.1372346,50.8627654,16.98853595,17.72038165,11.3,9.8,1.76,28066,0.305494549,46964.59468,0.471340144,3.5,99,11159407,80.58780488
Belgium,BEL,2014,49.14735063,50.85264937,16.99834319,17.96215098,11.2,9.3,1.74,37472,1.765540381,47995.7787,0.443929288,3.4,99,11209057,81.28780488
Belgium,BEL,2015,49.19814349,50.80185651,16.99326526,18.16370947,10.8,9.8,1.7,63536,1.474164337,40893.80454,0.579446242,3.4,99,11274196,80.99268293
Belgium,BEL,2016,49.23744562,50.76255438,16.98257181,18.35666618,10.8,9.5,1.68,28090,1.19350273,41854.54983,0.506300002,3.4,98,11331422,81.43902439
Belgium,BEL,2017,49.24560808,50.75439192,16.97246374,18.58490343,10.5,9.6,1.65,37981,1.474467616,44035.32394,0.385228018,3.4,98,11375158,81.49268293
Belgium,BEL,2018,49.26545722,50.73454278,16.94662647,18.808621,10.4,9.7,1.62,50604,1.877968474,47487.21004,0.455184695,3.3,98,11427054,81.59512195
Belgium,BEL,2019,49.29194409,50.70805591,16.89074078,19.02983808,10.2,9.5,1.6,58469,2.442890045,46716.62275,0.540461327,3.3,97,11488980,81.99512195
Belgium,BEL,2020,49.32134939,50.67865061,16.80039015,19.22402019,9.9,11,1.55,43777,-4.792983908,45906.28758,0.430996815,3.2,98,11538604,80.69512195
Belgium,BEL,2021,49.30948857,50.69051143,16.68276388,19.45205205,10.2,9.7,1.6,24017,6.254456865,51658.23829,0.411601997,3.2,98,11586195,81.7902439
Belgium,BEL,2022,49.28445896,50.71554104,16.52967921,19.76719276,9.8,10,1.53,118615,3.956237976,50605.74967,0.80816535,3.1,98,11680210,81.74878049
Belgium,BEL,2023,49.29235672,50.70764328,16.29074474,20.14527495,9.4,9.4,1.47,41679,1.714121955,55291.47545,0.850263748,3,98,11779946,82.39756098
Belgium,BEL,2024,49.31059601,50.68940399,15.99612685,20.55808093,,,,36243,1.07045413,56614.56795,0.665559185,,97,11858610,
Belize,BLZ,2000,50.55980066,49.44019934,39.90257435,3.963471609,30.213,5.569,3.633,1675,12.24061207,4726.506755,3.267092021,19.6,91,240799,68.911
Belize,BLZ,2001,50.5237984,49.4762016,39.47644422,3.984644404,29.412,5.598,3.526,1640,4.993562061,4718.777151,3.099324482,19,96,248379,68.944
Belize,BLZ,2002,50.46502271,49.53497729,39.09909241,3.97643047,28.691,5.384,3.43,1739,5.399073207,4858.860626,3.025679469,18.4,89,256009,69.528
Belize,BLZ,2003,50.40393357,49.59606643,38.71787095,3.968458564,27.92,5.294,3.335,1870,9.665226796,4959.740124,2.990282229,17.9,96,263780,69.819
Belize,BLZ,2004,50.34304055,49.65695945,38.32366847,3.966307002,27.272,5.2,3.252,1980,4.780665053,5153.713083,2.95389267,17.5,97,271688,70.152
Belize,BLZ,2005,50.28366538,49.71633462,37.92704049,3.969177476,26.722,5.163,3.173,2073,2.219190537,5270.414791,2.9174078,17.1,96,279731,70.335
Belize,BLZ,2006,50.22526826,49.77473174,37.5201691,3.973551342,25.52,5.115,3.021,2321,4.511454602,5524.781678,2.870835217,16.8,98,287878,70.535
Belize,BLZ,2007,50.17021277,49.82978723,37.0996285,3.975346167,24.448,5.104,2.885,2521,3.339397383,5762.210233,2.816045583,16.5,96,296100,70.652
Belize,BLZ,2008,50.11910199,49.88089801,36.66478842,3.979314072,23.683,5.142,2.78,2627,-1.627477764,5711.814589,2.751726178,16.2,94,304361,70.665
Belize,BLZ,2009,50.07069421,49.92930579,36.19943445,3.990224366,22.749,5.136,2.659,2728,-0.446709637,5399.671,2.675470577,15.9,97,312614,70.806
Belize,BLZ,2010,50.07541101,49.92458899,35.54122625,3.986947493,21.974,5.173,2.552,1639,1.417410992,5461.40736,2.41171252,15.5,96,320245,70.875
Belize,BLZ,2011,50.12893449,49.87106551,34.73898405,3.973443162,22.011,5.181,2.531,1582,-0.130071123,5596.052222,2.178474303,15.1,95,327298,70.975
Belize,BLZ,2012,50.17642802,49.82357198,33.98332606,3.976807191,22.002,5.173,2.51,1524,3.943893218,5732.665199,2.150867548,14.7,98,334414,71.134
Belize,BLZ,2013,50.21866017,49.78133983,33.25571457,3.995439471,22.055,5.173,2.498,1505,4.066465616,5957.349536,2.133975224,14.2,95,341627,71.276
Belize,BLZ,2014,50.25564453,49.74435547,32.54146694,4.027971828,21.972,5.167,2.474,1456,3.892260672,6128.120531,2.113176888,13.6,95,348923,71.437
Belize,BLZ,2015,50.2908796,49.7091204,31.83693343,4.076102971,21.698,5.143,2.433,1596,2.760260274,6154.622642,2.101441942,13.1,94,356333,71.647
Belize,BLZ,2016,50.36207346,49.63792654,31.10171234,4.131147091,21.374,5.113,2.396,3313,-0.018741496,6140.867139,2.322312072,12.6,95,364705,71.843
Belize,BLZ,2017,50.43100099,49.56899901,30.41895598,4.194382927,21.286,5.094,2.368,1705,-1.833237291,6071.854518,2.30310204,12.1,88,373202,72.062
Belize,BLZ,2018,50.4346088,49.5653912,29.89191968,4.2741629,21.144,5.07,2.343,187,0.822068593,6011.990369,1.864598476,11.7,96,380226,72.322
Belize,BLZ,2019,50.3913661,49.6086339,29.41656721,4.375130401,19.335,5.04,2.142,-606,4.2565871,6171.614498,1.462845335,11.4,98,385829,72.577
Belize,BLZ,2020,50.3473546,49.6526454,28.89462055,4.485538425,18.353,5.576,2.04,64,-13.52289971,5238.540782,1.283235981,11.1,79,390812,71.58
Belize,BLZ,2021,50.31099262,49.68900738,28.31629975,4.598497773,16.539,5.95,1.837,-173,17.98992441,6142.989306,1.153470491,11,83,395346,70.917
Belize,BLZ,2022,50.38400131,49.61599869,27.61084888,4.708330333,17.391,5.409,1.949,5936,9.250513295,7068.21728,1.851248051,10.9,84,402733,72.19
Belize,BLZ,2023,50.47043828,49.52956172,26.99258463,4.841336348,18.025,4.925,2.007,595,0.500127942,7424.758213,2.057727743,10.8,85,411106,73.566
Belize,BLZ,2024,50.45699543,49.54300457,26.57841641,5.023838838,,,,490,3.50466435,7681.244006,1.440777998,,88,417072,
Benin,BEN,2000,49.40487722,50.59512278,45.43837746,3.162573379,42.079,11.89,5.937,3335,5.857714205,487.4241414,3.076652652,79.7,78,7221619,56.594
Benin,BEN,2001,49.44721685,50.55278315,45.26269623,3.136767023,41.695,11.761,5.848,3732,5.333135706,492.4014995,3.054355066,77.8,76,7445596,56.654
Benin,BEN,2002,49.48940945,50.51059055,45.08483014,3.113006163,41.48,11.583,5.793,3572,4.643030871,546.4638297,3.040108016,76,75,7675426,56.851
Benin,BEN,2003,49.5323497,50.4676503,44.91369342,3.092308042,41.475,11.403,5.763,4283,3.443576776,676.0028781,3.049202597,74.2,73,7913070,57.092
Benin,BEN,2004,49.575964,50.424036,44.76014739,3.076609977,41.329,11.224,5.718,4173,4.429684554,758.6958038,3.061731061,72.5,72,8159094,57.346
Benin,BEN,2005,49.5974374,50.4025626,44.57127985,3.065257552,41.087,10.967,5.692,30495,1.713164564,779.4377778,3.220611997,70.9,70,8426144,57.738
Benin,BEN,2006,49.621177,50.378823,44.4384155,3.058243403,41.341,10.853,5.673,-15135,3.943738828,809.1470725,3.120668883,69.3,74,8693242,57.966
Benin,BEN,2007,49.6675385,50.3324615,44.37149045,3.056342947,40.961,10.661,5.627,241,5.986349322,912.3382472,2.955095547,67.9,82,8953969,58.249
Benin,BEN,2008,49.71039607,50.28960393,44.26045997,3.05763168,40.371,10.654,5.548,3198,4.896577084,1060.602545,3.019593985,66.4,75,9228466,58.099
Benin,BEN,2009,49.74950636,50.25049364,44.08588197,3.06062208,39.982,10.516,5.491,4279,2.319292139,1024.102779,2.999036422,65.1,79,9509423,58.258
Benin,BEN,2010,49.78702696,50.21297304,43.89894895,3.06378658,39.77,10.405,5.452,3947,2.114064726,973.2442549,2.984241628,63.7,76,9797484,58.387
Benin,BEN,2011,49.82330923,50.17669077,43.7626983,3.06346378,39.691,10.331,5.436,4283,2.963752919,1059.413589,2.977822028,62.4,75,10093623,58.462
Benin,BEN,2012,49.8598867,50.1401133,43.65478203,3.057982197,39.706,10.259,5.429,1260,4.811223316,1071.525837,2.9676654,61,80,10397657,58.559
Benin,BEN,2013,49.89706629,50.10293371,43.56685068,3.052923551,39.582,10.092,5.41,-887,7.191433721,1168.926993,2.948851601,59.7,77,10708834,58.863
Benin,BEN,2014,49.93238896,50.06761104,43.48267886,3.046304564,39.342,9.99,5.374,3667,6.357679098,1204.399187,2.955018759,58.3,74,11030004,59.008
Benin,BEN,2015,49.96518254,50.03481746,43.39789138,3.037626001,38.996,9.898,5.32,3369,1.77815106,1002.418869,2.953916277,57,74,11360681,59.123
Benin,BEN,2016,49.99547352,50.00452648,43.31193922,3.031443878,38.554,9.783,5.254,3837,3.339673426,1010.533896,2.924602167,55.7,78,11697842,59.283
Benin,BEN,2017,50.02257931,49.97742069,43.20801543,3.027846024,37.84,9.62,5.155,3716,5.671561952,1054.974081,2.881178694,54.4,76,12039780,59.528
Benin,BEN,2018,50.04753561,49.95246439,43.06539892,3.028280519,36.955,9.477,5.031,3372,6.697253622,1151.74097,2.813641884,53.1,74,12383347,59.71
Benin,BEN,2019,50.07009249,49.92990751,42.87698239,3.033271246,36.036,9.335,4.9,3366,6.865686628,1130.821353,2.735388428,51.8,72,12726755,59.888
Benin,BEN,2020,50.08753904,49.91246096,42.65317839,3.039964518,35.331,9.17,4.795,1729,3.8487924,1200.194266,2.662598752,50.4,70,13070169,60.154
Benin,BEN,2021,50.10412708,49.89587292,42.39886451,3.04703492,34.779,9.349,4.707,1729,7.155451646,1318.651581,2.592301675,49.1,70,13413417,59.61
Benin,BEN,2022,50.12142883,49.87857117,42.12063149,3.062531231,34.35,8.948,4.634,-192,6.252947054,1266.42711,2.547409263,47.7,69,13759501,60.475
Benin,BEN,2023,50.13527003,49.86472997,41.8362665,3.087881331,33.879,8.797,4.556,-192,6.352777385,1394.177847,2.522747723,46.4,69,14111034,60.774
Benin,BEN,2024,50.14660447,49.85339553,41.55249039,3.118147038,,,,-7725,7.453115662,1485.380189,2.461753619,,63,14462724,
Bhutan,BTN,2000,52.18634762,47.81365238,38.59587544,3.76166725,25.18,8.188,3.378,3940,3.355068382,771.9249114,2.422280776,60.1,92,596863,61.842
Bhutan,BTN,2001,52.55192422,47.44807578,37.65636397,3.960988516,23.865,7.65,3.188,3874,7.328374357,812.2382108,2.307214379,56.7,88,610794,63.323
Bhutan,BTN,2002,52.90810991,47.09189009,36.62594279,4.159616661,22.657,7.5,3.012,3996,10.44377972,895.7994899,2.204585226,53.5,86,624409,63.984
Bhutan,BTN,2003,53.25265344,46.74734656,35.51238231,4.355510391,21.706,7.386,2.865,3921,7.786560409,1022.382403,2.100432825,50.3,95,637663,64.662
Bhutan,BTN,2004,53.5807669,46.4192331,34.31763699,4.544961951,21.261,7.341,2.781,3642,5.157257362,1130.359346,1.999900532,47.2,89,650544,65.29
Bhutan,BTN,2005,53.79427256,46.20572744,33.22427291,4.692191994,21.114,7.362,2.726,848,6.935071468,1299.949386,1.725267171,44.1,95,661865,65.875
Bhutan,BTN,2006,53.83669326,46.16330674,32.36138369,4.781682157,20.971,7.26,2.66,-1283,5.640805154,1405.607162,1.340793154,41.2,95,670799,66.499
Bhutan,BTN,2007,53.81511902,46.18488098,31.58334082,4.853449762,20.795,7.059,2.589,-1553,16.10478365,1850.415704,1.162272984,38.4,95,678641,67.152
Bhutan,BTN,2008,53.8008194,46.1991806,30.81351174,4.93296802,20.293,6.89,2.481,-1538,4.529448777,1919.597749,1.129688965,35.9,96,686351,67.733
Bhutan,BTN,2009,53.79343735,46.20656265,30.08834447,5.020764048,19.641,6.797,2.364,-1305,7.667492386,1918.395992,1.106551061,33.6,93,693988,68.156
Bhutan,BTN,2010,53.79144623,46.20855377,29.42176241,5.114860782,18.901,6.647,2.252,-922,11.93187384,2435.579806,1.095438076,31.4,91,701632,68.765
Bhutan,BTN,2011,53.7936158,46.2063842,28.81993637,5.212108653,18.224,6.549,2.155,-464,8.489258484,2787.979676,1.097807,29.5,95,709377,69.28
Bhutan,BTN,2012,53.79879545,46.20120455,28.29894065,5.310203345,17.589,6.482,2.068,20,5.164820127,2751.212886,1.10777662,27.9,97,717279,69.759
Bhutan,BTN,2013,53.80587199,46.19412801,27.84944428,5.410996963,17.065,6.463,2,309,1.736340395,2679.952172,1.108324945,26.5,97,725273,70.161
Bhutan,BTN,2014,53.81496031,46.18503969,27.41920194,5.516753633,16.422,6.478,1.923,452,5.881085507,2849.499986,1.078717986,25.4,99,733139,70.504
Bhutan,BTN,2015,53.82929684,46.17070316,26.95465139,5.633268433,15.656,6.526,1.835,450,6.660801289,2954.040819,1.014965724,24.4,99,740618,70.797
Bhutan,BTN,2016,53.85189325,46.14810675,26.46323004,5.762529651,14.81,6.568,1.738,1116,8.475943392,3152.309051,0.973884474,23.4,98,747866,71.119
Bhutan,BTN,2017,53.83523236,46.16476764,25.81938119,5.83666795,13.759,6.643,1.621,287,2.086845227,3435.288047,0.861274888,22.6,98,754335,71.413
Bhutan,BTN,2018,53.77633404,46.22366596,25.00233627,5.866662981,12.941,6.48,1.517,287,3.501871857,3400.204172,0.716471131,21.8,97,759759,71.711
Bhutan,BTN,2019,53.71987056,46.28012944,24.16353305,5.927965127,12.421,6.35,1.448,287,5.755148512,3576.879871,0.664446427,21.1,97,764824,72.005
Bhutan,BTN,2020,53.66295847,46.33704153,23.37345423,6.018005055,12.952,6.275,1.502,287,-10.21839742,3191.66907,0.675256503,20.3,95,770006,72.253
Bhutan,BTN,2021,53.60658824,46.39341176,22.67024656,6.126638824,12.892,6.234,1.488,287,4.421367389,3570.61258,0.703488234,19.8,98,775442,72.448
Bhutan,BTN,2022,53.55135137,46.44864863,22.03890439,6.245754177,12.807,6.143,1.478,291,5.213867838,3711.32768,0.703183918,19.1,98,780914,72.754
Bhutan,BTN,2023,53.49580676,46.50419324,21.46149787,6.36869981,12.663,6.11,1.462,291,4.632157045,3831.325355,0.698146585,18.5,99,786385,72.975
Bhutan,BTN,2024,53.44720634,46.55279366,20.90939699,6.494239913,,,,-277,,,0.651370665,,98,791524,
Bolivia,BOL,2000,50.52936067,49.47063933,38.03436205,5.254966245,29.846,9.745,3.991,-26940,2.507810809,975.7770604,1.717127233,59.6,75,8606326,62.057
Bolivia,BOL,2001,50.58833032,49.41166968,37.7297453,5.349464442,29.12,9.563,3.89,-24405,1.683799127,930.1682272,1.686882296,56.6,71,8752736,62.538
Bolivia,BOL,2002,50.60584093,49.39415907,37.41573581,5.388436451,28.53,9.356,3.802,-22188,2.485565738,888.221329,1.672482638,53.7,77,8900355,63.068
Bolivia,BOL,2003,50.58837997,49.41162003,37.09021402,5.381185986,28.135,9.148,3.721,-19621,2.711339837,893.0137602,1.67509392,50.9,88,9050700,63.455
Bolivia,BOL,2004,50.57091331,49.42908669,36.72965308,5.375935441,27.689,8.964,3.633,-17385,4.173295589,953.1918932,1.682725099,48.2,84,9204287,63.819
Bolivia,BOL,2005,50.55359857,49.44640143,36.34441394,5.373995801,27.332,8.79,3.558,-15594,4.421433127,1020.123262,1.685648902,45.7,85,9360754,64.182
Bolivia,BOL,2006,50.53697931,49.46302069,35.95074361,5.37477122,27.342,8.648,3.533,-14107,4.797008824,1202.711504,1.704640623,43.3,83,9521689,64.529
Bolivia,BOL,2007,50.52051119,49.47948881,35.56284744,5.380860822,26.874,8.465,3.447,-13669,4.564384269,1354.549059,1.710516527,41,84,9685960,64.939
Bolivia,BOL,2008,50.5039155,49.4960845,35.18240925,5.395469379,26.441,8.313,3.364,-13418,6.148497875,1692.672485,1.688114369,38.8,88,9850858,65.299
Bolivia,BOL,2009,50.48825037,49.51174963,34.80742917,5.419189997,26.017,8.172,3.287,-13055,3.356999574,1731.181721,1.665271206,36.8,93,10016275,65.656
Bolivia,BOL,2010,50.47286259,49.52713741,34.43644858,5.452201826,25.619,8.036,3.213,-12590,4.126722591,1929.783731,1.644406818,34.9,91,10182345,66.003
Bolivia,BOL,2011,50.4575401,49.5424599,34.06477617,5.491548932,25.221,7.94,3.143,-12106,5.204092443,2315.521219,1.622769787,33.2,95,10348929,66.282
Bolivia,BOL,2012,50.44252904,49.55747096,33.69998613,5.531040081,24.83,7.835,3.076,-11689,5.122275581,2575.598571,1.599651762,31.5,93,10515807,66.586
Bolivia,BOL,2013,50.42720377,49.57279623,33.34290341,5.55753827,24.437,7.781,3.01,-11369,6.796011428,2870.02377,1.573744476,29.9,86,10682608,66.777
Bolivia,BOL,2014,50.4114984,49.5885016,32.97989006,5.567542703,24.041,7.729,2.947,-10971,5.460569506,3041.435032,1.544558778,28.4,85,10848888,66.97
Bolivia,BOL,2015,50.39568468,49.60431532,32.62035615,5.579568404,23.653,7.659,2.886,-10525,4.85718718,2996.012898,1.516861198,27.1,89,11014705,67.205
Bolivia,BOL,2016,50.37964605,49.62035395,32.27722009,5.601085937,23.272,7.614,2.829,-10071,4.263920864,3035.873477,1.48970584,25.9,87,11180020,67.392
Bolivia,BOL,2017,50.36285587,49.63714413,31.94773278,5.626938838,22.911,7.591,2.777,-9669,4.195206334,4048.401197,1.461245723,24.8,84,11344587,67.536
Bolivia,BOL,2018,50.34538346,49.65461654,31.6221466,5.658317496,22.574,7.561,2.73,-9344,2.868084048,4206.855294,1.433370907,23.9,83,11508368,67.699
Bolivia,BOL,2019,50.3276903,49.6723097,31.29711121,5.696375979,22.257,7.555,2.688,-8981,1.506721027,4203.154929,1.406578238,23,75,11671386,67.82
Bolivia,BOL,2020,50.27009726,49.72990274,31.02022761,5.653597389,21.996,10.836,2.651,-4663,-12.71946901,3580.967618,1.233964427,22.2,68,11816299,62.906
Bolivia,BOL,2021,50.17812984,49.82187016,30.78971107,5.520764454,21.808,11.791,2.618,-4663,10.02904888,4010.760537,1.019312841,21.4,70,11937360,61.427
Bolivia,BOL,2022,50.12563803,49.87436197,30.49852639,5.479080585,21.566,7.681,2.584,-3008,3.747417812,4219.461137,1.164259073,20.7,69,12077154,67.434
Bolivia,BOL,2023,50.11149398,49.88850602,30.14239973,5.550466735,21.247,7.172,2.547,-3008,2.516365902,4274.708205,1.373343823,20,67,12244159,68.581
Bolivia,BOL,2024,50.10116555,49.89883445,29.78656386,5.641474497,,,,-3000,-1.123355955,4421.166099,1.372067988,,59,12413315,
Bosnia and Herzegovina,BIH,2000,47.83424376,52.16575624,19.86547819,10.9806993,10.231,7.413,1.282,8138,5.41431595,1338.480596,0.710877056,8.3,85,4159771,75.292
Bosnia and Herzegovina,BIH,2001,47.85030906,52.14969094,19.09769926,11.44961356,9.977,7.483,1.23,9055,2.423313172,1387.893629,0.471676306,7.8,91,4179438,75.573
Bosnia and Herzegovina,BIH,2002,47.85777374,52.14222626,18.40249618,11.92636585,10.11,7.49,1.231,-13312,5.027444647,1606.546745,0.204698283,7.3,80,4188002,75.994
Bosnia and Herzegovina,BIH,2003,47.85588113,52.14411887,17.79232758,12.42943978,10.068,7.488,1.219,-27396,3.86713552,2033.947009,-0.226593575,6.9,87,4178523,76.449
Bosnia and Herzegovina,BIH,2004,47.83799128,52.16200872,17.29433104,12.97403252,10.125,7.819,1.221,-68008,6.325267949,2452.686092,-0.902366959,6.6,84,4140987,76.489
Bosnia and Herzegovina,BIH,2005,47.81204313,52.18795687,16.86285074,13.48709738,9.81,8.212,1.203,-37086,3.897183205,2739.610769,-1.08029234,6.4,93,4096493,76.424
Bosnia and Herzegovina,BIH,2006,47.78773062,52.21226938,16.43197896,13.8857059,9.551,8.883,1.18,-38622,5.414002996,3166.128653,-0.814268145,6.3,87,4063272,76.028
Bosnia and Herzegovina,BIH,2007,47.7528913,52.2471087,16.05982822,14.23421747,9.555,9.167,1.19,-65335,5.859116894,3931.489487,-1.234381805,6.2,95,4013424,76.162
Bosnia and Herzegovina,BIH,2008,47.7107924,52.2892076,15.81557852,14.54832238,9.533,9.492,1.21,-68140,5.441847302,4841.693119,-1.655112894,6.1,91,3947544,76.3
Bosnia and Herzegovina,BIH,2009,47.66954122,52.33045878,15.67898966,14.82520721,9.761,9.593,1.267,-68182,-3.004455539,4539.918638,-1.731155394,6,90,3879794,76.701
Bosnia and Herzegovina,BIH,2010,47.63082285,52.36917715,15.57530996,15.11450368,9.464,9.961,1.26,-67228,0.865667236,4506.478285,-1.776659321,6,89,3811472,76.827
Bosnia and Herzegovina,BIH,2011,47.59439179,52.40560821,15.41191099,15.45365563,8.865,10.296,1.209,-64875,0.95951171,4982.693758,-1.844922166,5.9,88,3741798,76.963
Bosnia and Herzegovina,BIH,2012,47.55948931,52.44051069,15.12423253,15.87130752,8.87,10.712,1.252,-66378,-0.821837253,4693.788991,-1.934379278,5.9,92,3670113,77.037
Bosnia and Herzegovina,BIH,2013,47.53572488,52.46427512,14.77630392,16.32295806,8.735,11.052,1.278,-37002,2.349858732,5034.566348,-1.627675761,5.9,89,3610859,77.129
Bosnia and Herzegovina,BIH,2014,47.52749711,52.47250289,14.48539327,16.7737639,8.399,11.487,1.262,-35683,1.153847934,5206.065735,-1.28296078,5.9,86,3564829,77.089
Bosnia and Herzegovina,BIH,2015,47.52447108,52.47552892,14.27901711,17.25351747,8.515,11.909,1.322,-33948,4.284130161,4662.258692,-1.306967133,5.9,82,3518541,77.073
Bosnia and Herzegovina,BIH,2016,47.52800386,52.47199614,14.11547874,17.77183895,8.482,12.228,1.36,-32173,3.242258222,4928.56659,-1.302677748,5.9,78,3473003,77.124
Bosnia and Herzegovina,BIH,2017,47.54434866,52.45565134,13.96252059,18.3388809,8.568,12.304,1.419,-30650,3.244098953,5345.019788,-1.28437068,6,75,3428682,77.385
Bosnia and Herzegovina,BIH,2018,47.54635371,52.45364629,13.81883673,18.97601122,8.803,11.98,1.504,-29147,3.829003993,6047.847072,-1.223135694,5.9,73,3387000,77.942
Bosnia and Herzegovina,BIH,2019,47.5406161,52.4593839,13.68406768,19.64568874,8.561,13.102,1.509,-27841,2.885852421,6122.375414,-1.231855065,5.9,80,3345533,77.394
Bosnia and Herzegovina,BIH,2020,47.54565219,52.45434781,13.56335544,20.24271754,8.353,15.173,1.515,-26840,-3.015093355,6130.31188,-1.39008469,5.8,78,3299349,76.04
Bosnia and Herzegovina,BIH,2021,47.5621805,52.4378195,13.48195596,20.67769266,8.011,18.387,1.49,-25865,7.391642565,7295.343787,-1.663848602,5.7,76,3244907,74.567
Bosnia and Herzegovina,BIH,2022,47.55906917,52.44093083,13.37650501,21.10326941,7.748,14.05,1.481,-485,4.226813334,7655.59421,-1.243638028,5.5,75,3204802,76.777
Bosnia and Herzegovina,BIH,2023,47.55517377,52.44482623,13.21991678,21.64242389,7.714,13.457,1.486,-485,1.994394149,8663.023265,-0.617510129,5.3,73,3185073,77.85
Bosnia and Herzegovina,BIH,2024,47.58767633,52.41232367,13.03781651,22.23023886,,,,-4497,2.971517462,9358.78769,-0.655819992,,79,3164253,
Botswana,BWA,2000,49.02932069,50.97067931,38.38295678,3.342290742,27.936,12.525,3.294,9798,1.987695834,3450.811806,2.132106063,42.5,97,1677382,52.263
Botswana,BWA,2001,49.06409913,50.93590087,37.71265829,3.361241965,27.907,12.657,3.248,7991,0.25057395,3206.071237,2.057638658,42.3,97,1712254,52.21
Botswana,BWA,2002,49.10076612,50.89923388,37.06808233,3.381520408,27.647,12.652,3.175,4747,6.069530876,3117.250872,1.880809861,42.4,97,1744763,52.373
Botswana,BWA,2003,49.13968067,50.86031933,36.4639123,3.400476366,27.393,12.444,3.106,4488,4.62589475,4230.123269,1.759625506,43.3,96,1775736,52.851
Botswana,BWA,2004,49.17674102,50.82325898,35.93115885,3.413310269,27.309,12.102,3.063,4314,2.705821706,4956.692877,1.753382038,44.5,96,1807146,53.573
Botswana,BWA,2005,49.21252888,50.78747112,35.4761215,3.419250309,27.706,11.735,3.082,4283,4.556645653,5391.070766,1.794991631,43,96,1839877,54.386
Botswana,BWA,2006,49.2515672,50.7484328,35.09560999,3.418801595,28.141,11.422,3.114,4270,8.363871093,5291.583791,1.865177121,43.8,96,1874516,55.112
Botswana,BWA,2007,49.29366404,50.70633596,34.77057097,3.414685321,28.335,10.633,3.127,3926,5.792555777,5529.125746,1.938134749,47.1,96,1911201,56.735
Botswana,BWA,2008,49.33470771,50.66529229,34.48523965,3.408718234,28.396,10.225,3.131,4343,3.252072958,5503.073953,2.008214758,49,96,1949970,57.661
Botswana,BWA,2009,49.37099162,50.62900838,34.24311778,3.402668344,28.396,9.975,3.133,4960,-14.14423462,5082.933883,2.065878468,49.3,96,1990673,58.297
Botswana,BWA,2010,49.40116373,50.59883627,34.07522611,3.398585566,28.365,9.625,3.135,5151,10.11972332,6215.732161,2.109435975,50.5,95,2033111,59.137
Botswana,BWA,2011,49.41773348,50.58226652,34.02559736,3.398134924,28.038,9.416,3.103,-1019,6.838410525,7287.382953,1.968774796,52,95,2073535,59.715
Botswana,BWA,2012,49.45993012,50.54006988,34.16512675,3.40830113,27.742,9.151,3.07,-6636,-0.170857099,6595.53845,1.677740212,48.8,95,2108617,60.384
Botswana,BWA,2013,49.53690014,50.46309986,34.35420713,3.433250844,27.183,8.776,3.045,-7836,11.10290687,6666.912196,1.50921875,47.6,95,2140682,61.217
Botswana,BWA,2014,49.6097453,50.3902547,34.41194101,3.485311531,26.795,8.358,3.027,-8893,5.697144221,7122.364234,1.454418984,48.4,95,2172044,62.167
Botswana,BWA,2015,49.67797923,50.32202077,34.35023712,3.561111129,26.475,7.913,3.008,-9599,-4.851325074,6141.203947,1.427532237,47.2,95,2203273,63.215
Botswana,BWA,2016,49.74046616,50.25953384,34.18540252,3.639694457,26.254,7.463,2.99,-10286,7.204424759,6749.059943,1.419701726,46.7,95,2234776,64.32
Botswana,BWA,2017,49.79569851,50.20430149,33.93819425,3.714684524,26.073,7.035,2.969,-10916,4.114378564,7104.964011,1.420476473,44.3,95,2266747,65.42
Botswana,BWA,2018,49.84265863,50.15734137,33.62977738,3.783956704,25.897,6.685,2.941,-11623,4.188692372,7407.959401,1.418981085,43.2,95,2299141,66.371
Botswana,BWA,2019,49.88120063,50.11879937,33.26976355,3.845553524,25.751,6.408,2.906,-11770,3.031773395,7172.089565,1.422628471,42.3,95,2332083,67.167
Botswana,BWA,2020,49.9099917,50.0900083,32.87423969,3.890454072,25.532,6.254,2.861,-11330,-8.72888244,6323.297497,1.439410358,41.5,95,2365894,67.643
Botswana,BWA,2021,49.93349823,50.06650177,32.58544195,3.869031941,25.422,8.393,2.827,-4083,11.91627244,7807.887946,1.491301064,40.3,95,2401441,63.303
Botswana,BWA,2022,49.92003744,50.07996256,32.42322456,3.880152048,25.253,5.826,2.785,-7306,5.486017064,8328.709057,1.588480219,39.2,86,2439892,68.749
Botswana,BWA,2023,49.87287541,50.12712459,32.28125292,3.969669119,24.713,5.724,2.732,-6487,3.208068122,7826.353765,1.64031664,38.2,95,2480244,69.163
Botswana,BWA,2024,49.84118283,50.15881717,32.12964458,4.035894094,,,,-5778,-2.989868795,7695.753194,1.63538411,,95,2521139,
Brazil,BRA,2000,49.68146191,50.31853809,29.88320799,5.153056002,19.879,6.248,2.247,-45800,4.387949444,3766.547863,1.375211283,29.1,98,174018282,69.584
Brazil,BRA,2001,49.66258767,50.33741233,29.30492199,5.257889534,19.185,6.189,2.162,-51600,1.389896404,3176.289751,1.303355032,27.3,98,176301203,69.98
Brazil,BRA,2002,49.6428263,50.3571737,28.73297316,5.370579505,18.49,6.126,2.081,-42008,3.053461857,2855.940171,1.241420626,25.5,99,178503484,70.396
Brazil,BRA,2003,49.62252666,50.37747334,28.17123166,5.493777156,17.819,6.033,2.006,-55350,1.140828999,3090.606891,1.180213955,23.9,99,180622688,70.884
Brazil,BRA,2004,49.60212677,50.39787323,27.62879895,5.629810839,17.5,5.96,1.973,-76661,5.759964637,3663.822625,1.12991417,22.4,99,182675143,71.361
Brazil,BRA,2005,49.58194816,50.41805184,27.11664265,5.775105117,17.176,5.896,1.942,-88868,3.202132062,4827.781659,1.095906125,21,99,184688101,71.832
Brazil,BRA,2006,49.5620188,50.4379812,26.62474721,5.930030186,16.691,5.836,1.896,-90634,3.961988709,5934.145619,1.058338425,19.7,99,186653106,72.296
Brazil,BRA,2007,49.54196188,50.45803812,26.14473664,6.09660385,16.243,5.793,1.854,-107481,6.069870607,7409.690038,1.012368206,18.6,99,188552320,72.73
Brazil,BRA,2008,49.52149949,50.47850051,25.66596055,6.274230084,15.801,5.778,1.815,-141056,5.094195448,8908.333385,0.957984636,17.6,99,190367302,73.111
Brazil,BRA,2009,49.5008896,50.4991104,25.1859259,6.464255362,15.564,5.784,1.799,-220207,-0.125812003,8678.658473,0.895632239,16.7,99,192079951,73.457
Brazil,BRA,2010,49.480333,50.519667,24.70775414,6.666886093,15.338,5.801,1.786,-261539,7.528225818,11403.284,0.840883225,16,99,193701929,73.779
Brazil,BRA,2011,49.4596106,50.5403894,24.22897295,6.882000293,15.141,5.843,1.777,-235860,3.974423079,13396.62632,0.813813884,15.3,99,195284734,74.047
Brazil,BRA,2012,49.43884304,50.56115696,23.74945195,7.114766689,14.935,5.881,1.766,-179707,1.921175985,12521.72385,0.811598483,14.8,95,196876111,74.335
Brazil,BRA,2013,49.41854676,50.58145324,23.26961921,7.370284831,14.785,5.924,1.761,-157228,3.00482267,12458.89034,0.810511648,14.4,97,198478299,74.609
Brazil,BRA,2014,49.39875766,50.60124234,22.81427769,7.65357587,14.784,5.998,1.775,-145732,0.50395574,12274.99416,0.806314178,14,93,200085127,74.823
Brazil,BRA,2015,49.38003759,50.61996241,22.40220296,7.956807324,14.684,6.045,1.777,-173611,-3.545763393,8936.195589,0.791721774,13.7,96,201675532,75.106
Brazil,BRA,2016,49.36062835,50.63937165,22.01577346,8.268573953,14.146,6.226,1.727,-92989,-3.275916906,8836.28546,0.76197267,14.6,89,203218114,75.081
Brazil,BRA,2017,49.34050744,50.65949256,21.65939489,8.591652915,14.123,6.256,1.74,-156296,1.322869054,10080.50787,0.72824666,13.3,83,204703445,75.383
Brazil,BRA,2018,49.32117506,50.67882494,21.35253163,8.927850215,14.022,6.337,1.744,-230334,1.783666761,9300.660729,0.683439571,13.1,87,206107261,75.633
Brazil,BRA,2019,49.30250209,50.69749791,21.05981188,9.273074349,13.548,6.452,1.705,-129216,1.220777823,9029.833044,0.651994346,13,70,207455459,75.809
Brazil,BRA,2020,49.28786423,50.71213577,20.75669492,9.598664876,12.995,7.502,1.653,-78437,-3.276758796,7074.194075,0.57935071,12.8,77,208660842,74.506
Brazil,BRA,2021,49.26572186,50.73427814,20.47063723,9.91109991,12.754,8.366,1.638,-208581,4.76260438,7972.536961,0.425360907,12.7,68,209550294,73.038
Brazil,BRA,2022,49.23717377,50.76282623,20.20247699,10.25178478,12.555,7.539,1.629,-253639,3.016694354,9281.332821,0.360180891,12.6,77,210306415,74.872
Brazil,BRA,2023,49.21507162,50.78492838,19.93595205,10.63363147,12.322,7.077,1.619,-240059,3.241655328,10377.58977,0.395928696,12.5,90,211140729,75.848
Brazil,BRA,2024,49.19614152,50.80385848,19.66513963,11.04918449,,,,-225510,3.419315166,10310.54888,0.405467028,,91,211998573,
Brunei Darussalam,BRN,2000,53.9323089,46.0676911,30.31501973,2.791155062,19.803,3.472,2.398,1660,3.474676277,20130.25723,2.171847504,8.3,99,326424,74.017
Brunei Darussalam,BRN,2001,53.87271445,46.12728555,29.59756409,2.831900883,19.298,3.472,2.337,1569,1.46606082,18287.82723,2.09808399,8.1,97,333345,74.209
Brunei Darussalam,BRN,2002,53.81476036,46.18523964,28.86762384,2.877838512,18.685,3.487,2.264,1499,3.9614389,18621.29226,2.0058762,8,94,340099,74.365
Brunei Darussalam,BRN,2003,53.7585428,46.2414572,28.13115738,2.932750976,18.036,3.511,2.185,1383,3.5834291,20677.90011,1.904137119,7.9,92,346637,74.509
Brunei Darussalam,BRN,2004,53.70462724,46.29537276,27.39391432,3.002602643,17.365,3.555,2.104,1261,0.104538373,24423.0947,1.793777762,7.8,92,352911,74.603
Brunei Darussalam,BRN,2005,53.65253612,46.34746388,26.66282175,3.08888861,16.713,3.61,2.024,1163,-0.003925317,29386.27038,1.687247732,7.8,94,358916,74.683
Brunei Darussalam,BRN,2006,53.6014172,46.3985828,25.94275529,3.184451376,16.262,3.676,1.969,1030,4.098412573,34674.79952,1.58852616,7.8,97,364663,74.753
Brunei Darussalam,BRN,2007,53.47451412,46.52548588,25.53910036,3.274710311,15.943,3.752,1.933,2291,-3.763623263,36217.32907,1.688604653,7.9,99,370873,74.793
Brunei Darussalam,BRN,2008,53.28235303,46.71764697,25.4579889,3.348129796,16.015,3.775,1.918,2409,-3.900711017,42156.56858,1.848674063,8,98,377793,74.814
Brunei Darussalam,BRN,2009,53.10388541,46.89611459,25.40196518,3.400809191,16.241,3.803,1.921,2489,-1.900253672,30946.46738,1.877222462,8,99,384952,74.814
Brunei Darussalam,BRN,2010,52.92877698,47.07122302,25.3446061,3.434845998,16.577,3.825,1.937,2479,2.741364395,34937.55554,1.898976893,8.1,95,392332,74.82
Brunei Darussalam,BRN,2011,52.8134225,47.1865775,25.19050999,3.483700707,16.966,3.843,1.957,1399,3.744406255,46382.82743,1.782745917,8.2,97,399389,74.835
Brunei Darussalam,BRN,2012,52.81501737,47.18498263,24.87507906,3.591484787,17.096,3.908,1.973,346,0.91313519,46968.59712,1.532555159,8.3,95,405557,74.843
Brunei Darussalam,BRN,2013,52.87158136,47.12841864,24.47276521,3.751440898,16.913,4.018,1.978,285,-2.124782927,44003.06443,1.382314706,8.4,99,411202,74.854
Brunei Darussalam,BRN,2014,52.92621476,47.07378524,24.03608394,3.940367198,16.627,4.135,1.969,303,-2.507887276,41026.50842,1.340194369,8.5,99,416750,74.862
Brunei Darussalam,BRN,2015,52.97907212,47.02092788,23.57716453,4.156802929,16.239,4.256,1.947,356,-0.39238375,30625.12877,1.302103593,8.5,99,422212,74.88
Brunei Darussalam,BRN,2016,53.02995575,46.97004425,23.13641934,4.403083515,15.785,4.381,1.915,415,-2.477917718,26663.2973,1.259642722,8.6,99,427564,74.905
Brunei Darussalam,BRN,2017,53.07875741,46.92124259,22.72120193,4.678560535,15.334,4.509,1.881,440,1.328726611,28024.38246,1.210704566,8.6,99,432772,74.943
Brunei Darussalam,BRN,2018,53.12704855,46.87295145,22.32466404,4.975908472,14.924,4.641,1.848,450,0.052371042,30988.11903,1.157399588,8.6,99,437810,74.992
Brunei Darussalam,BRN,2019,53.17452788,46.82547212,21.94666576,5.288357278,14.572,4.779,1.819,456,3.868844362,30426.57307,1.106213509,8.5,99,442680,75.049
Brunei Darussalam,BRN,2020,53.21891002,46.78108998,21.59940635,5.613501012,14.284,4.922,1.796,462,1.13357335,26834.35922,1.061482816,8.5,99,447404,75.114
Brunei Darussalam,BRN,2021,53.21880811,46.78119189,21.33896956,5.923020983,14.06,5.238,1.778,0,-1.590762601,31006.96363,0.960274305,8.4,99,451721,74.869
Brunei Darussalam,BRN,2022,53.18016817,46.81983183,21.1818095,6.201776799,13.847,6.559,1.764,0,-1.628331545,36632.9281,0.804554269,8.3,99,455370,72.917
Brunei Darussalam,BRN,2023,53.14066082,46.85933918,21.0243633,6.51107913,13.59,5.23,1.747,0,1.127644182,32890.54918,0.782881747,8.2,99,458949,75.327
Brunei Darussalam,BRN,2024,53.09883688,46.90116312,20.82526963,6.867845994,,,,0,4.052517093,33153.47389,0.818518789,,99,462721,
Bulgaria,BGR,2000,48.73965052,51.26034948,15.67441964,16.58326062,9,14.1,1.26,-26211,4.587225414,1621.262107,-0.493896417,14.3,93,8170172,71.66341463
Bulgaria,BGR,2001,48.70052817,51.29947183,15.22650323,16.80182336,8.5,14,1.21,-30726,3.823703646,1770.907049,-1.990632204,13.8,94,8009142,71.76829268
Bulgaria,BGR,2002,48.67877428,51.32122572,14.76784522,16.99427972,8.5,14.4,1.23,-12735,5.871931081,2092.982886,-2.17069878,13.2,93,7837161,71.86585366
Bulgaria,BGR,2003,48.67061683,51.32938317,14.3610801,17.12034075,8.7,14.4,1.26,-13183,5.23715365,2719.494369,-0.792113638,12.5,96,7775327,72.06585366
Bulgaria,BGR,2004,48.65812066,51.34187934,13.98219611,17.22595081,9.1,14.3,1.33,-13604,6.510425784,3389.687434,-0.754796951,11.8,95,7716860,72.56341463
Bulgaria,BGR,2005,48.6452393,51.3547607,13.66999004,17.33712044,9.3,14.8,1.37,-14435,7.056348735,3899.825963,-0.752977445,11,96,7658972,72.56097561
Bulgaria,BGR,2006,48.63476458,51.36523542,13.45973728,17.45020545,9.7,14.9,1.44,-15184,6.802589436,4523.146558,-0.759505916,10.4,95,7601022,72.61219512
Bulgaria,BGR,2007,48.63046614,51.36953386,13.35470485,17.57264639,10,15,1.49,-16366,6.654387924,5888.570814,-0.735282284,9.9,95,7545338,72.66341463
Bulgaria,BGR,2008,48.63178633,51.36821367,13.32432232,17.7279116,10.4,14.8,1.56,-17595,6.129558416,7271.303389,-0.701922745,9.6,95,7492561,72.96341463
Bulgaria,BGR,2009,48.63568595,51.36431405,13.36764774,17.90951443,10.9,14.5,1.66,-19060,-3.347141497,6988.273163,-0.644281363,9.3,94,7444443,73.41219512
Bulgaria,BGR,2010,48.64171892,51.35828108,13.45689069,18.14722857,10.2,14.9,1.57,-21668,1.555359799,6853.948055,-0.658275447,9.1,94,7395599,73.51219512
Bulgaria,BGR,2011,48.6498623,51.3501377,13.5153675,18.51908361,9.6,14.7,1.51,-23360,2.090175078,7849.580613,-0.641228921,8.7,95,7348328,74.16341463
Bulgaria,BGR,2012,48.66061484,51.33938516,13.55902924,18.94926803,9.5,15,1.5,-26334,0.748815412,7431.957895,-0.579220596,8.3,95,7305888,74.31463415
Bulgaria,BGR,2013,48.6586252,51.3413748,13.66995524,19.35469395,9.3,14.6,1.54,-1324,-0.542751389,7795.980921,-2.016991909,7.8,95,7160005,74.86097561
Bulgaria,BGR,2014,48.6374999,51.3625001,13.80464417,19.77573872,9.6,15.4,1.62,-2180,0.949449091,8069.600057,-1.214509359,7.3,88,7073572,74.46585366
Bulgaria,BGR,2015,48.61569816,51.38430184,13.90735125,20.20978146,9.4,15.8,1.64,-4227,3.397553368,7268.654455,-1.271155119,6.8,91,6984225,74.61463415
Bulgaria,BGR,2016,48.5926071,51.4073929,14.02492117,20.57605163,9.4,15.6,1.67,-9482,3.026628412,7822.499233,-1.298240416,6.4,92,6894139,74.81219512
Bulgaria,BGR,2017,48.56168407,51.43831593,14.17120059,20.86995578,9.4,16.1,1.71,-6109,2.745926761,8696.689304,-1.323914818,6.1,92,6803468,74.81463415
Bulgaria,BGR,2018,48.52723501,51.47276499,14.30110884,21.17088797,9.3,16.2,1.73,-3873,2.330152134,9849.383972,-1.371461129,5.8,92,6710798,74.96341463
Bulgaria,BGR,2019,48.49192219,51.50807781,14.38700394,21.47945894,9.3,16.3,1.79,-2156,3.793317654,10353.72046,-1.411718521,5.5,93,6616726,75.11219512
Bulgaria,BGR,2020,48.45192692,51.54807308,14.43175256,21.6867893,9,19,1.77,30167,-3.133233031,10760.21198,-1.002938214,5.4,91,6550696,73.35609756
Bulgaria,BGR,2021,48.42426996,51.57573004,14.48327527,21.70322174,9,22.9,1.8,11756,7.828172328,12966.14575,-0.664652622,5.2,89,6507301,71.21219512
Bulgaria,BGR,2022,48.41085319,51.58914681,14.53922903,21.69729722,8.8,18.4,1.78,26498,4.083864092,13999.19495,-0.650676134,5.1,91,6465097,74.16097561
Bulgaria,BGR,2023,48.39798917,51.60201083,14.538201,21.83243834,8.9,15.7,1.81,5173,1.68151075,15853.20864,-0.286577642,5,92,6446596,75.70731707
Bulgaria,BGR,2024,48.39035185,51.60964815,14.4744612,22.03033626,,,,524,3.387090638,17596.01737,-0.080307161,,94,6441421,
Burkina Faso,BFA,2000,49.22254706,50.77745294,46.55092717,2.943668279,45.239,15.332,6.519,3877,1.888473889,248.9085269,2.984144224,92.4,45,11925546,50.808
Burkina Faso,BFA,2001,49.28532336,50.71467664,46.29953263,2.89887329,44.907,14.998,6.431,10654,6.613405745,259.4852234,3.050993511,90.5,62,12295001,51.188
Burkina Faso,BFA,2002,49.35316085,50.64683915,46.04483603,2.859671633,44.483,14.727,6.339,16076,4.35296383,285.6540876,3.090393083,88.3,69,12680897,51.447
Burkina Faso,BFA,2003,49.42102951,50.57897049,45.81737694,2.824957738,44.491,14.335,6.28,15359,7.802493889,362.3739,3.118121744,85.9,79,13082532,51.959
Burkina Faso,BFA,2004,49.48718691,50.51281309,45.62385257,2.79361923,44.124,13.861,6.216,17570,4.478452137,403.8128374,3.145126087,83.2,79,13500533,52.6
Burkina Faso,BFA,2005,49.54769998,50.45230002,45.4655028,2.765540372,44.058,13.392,6.182,9795,8.661873228,441.164148,3.146801491,80.3,82,13932123,53.271
Burkina Faso,BFA,2006,49.59314949,50.40685051,45.37594929,2.740563029,44.381,13.049,6.17,-4218,6.253164688,455.5136556,3.120345375,77.1,86,14373707,53.784
Burkina Faso,BFA,2007,49.61633827,50.38366173,45.37189819,2.720330468,44.191,12.653,6.11,-28202,4.111379018,514.6844512,3.032776372,73.9,89,14816307,54.377
Burkina Faso,BFA,2008,49.6210765,50.3789235,45.43451138,2.707202663,43.923,12.122,6.05,-40725,5.799991741,619.4375333,2.938165228,71,93,15258093,55.199
Burkina Faso,BFA,2009,49.6215802,50.3784198,45.51523035,2.701242716,43.511,11.71,5.992,-40148,2.961950859,601.5695207,2.919160259,68.2,92,15710066,55.791
Burkina Faso,BFA,2010,49.62302718,50.37697282,45.58549075,2.700275424,43.2,11.334,5.936,-42055,8.446281577,624.9572522,2.925779475,65.7,91,16176498,56.343
Burkina Faso,BFA,2011,49.62862597,50.37137403,45.62945012,2.700846146,42.76,10.905,5.869,-33391,6.622562613,725.0247677,2.956570784,63.5,91,16661908,57.001
Burkina Faso,BFA,2012,49.64481435,50.35518565,45.63179034,2.696254145,42.28,10.584,5.793,-20930,6.45267238,731.4701389,3.017170749,61.6,90,17172287,57.457
Burkina Faso,BFA,2013,49.66121439,50.33878561,45.61854999,2.669989148,41.703,10.277,5.697,-33212,5.792584845,759.7620652,3.000836393,59.8,88,17695409,57.903
Burkina Faso,BFA,2014,49.67830643,50.32169357,45.5777738,2.629435944,40.862,9.966,5.595,-17984,4.326845615,764.8616751,2.97337942,58,91,18229461,58.331
Burkina Faso,BFA,2015,49.69974949,50.30025051,45.48287798,2.59648429,40.043,9.658,5.478,-19726,3.921228794,630.1247508,2.961963065,56.3,91,18777487,58.778
Burkina Faso,BFA,2016,49.72387949,50.27612051,45.32938713,2.573497381,38.925,9.366,5.331,-7598,5.957976708,663.7423648,2.925082514,54.7,91,19334856,59.173
Burkina Faso,BFA,2017,49.74825337,50.25174663,45.1225362,2.559485689,37.727,9.077,5.17,-14780,6.203489411,709.0915359,2.852915955,53.1,91,19894407,59.578
Burkina Faso,BFA,2018,49.76405804,50.23594196,44.8544883,2.554807917,36.006,8.778,4.921,-23938,6.604569068,777.4656185,2.697136754,51.6,91,20438288,59.972
Burkina Faso,BFA,2019,49.7727144,50.2272856,44.50276996,2.559186698,34.325,8.564,4.681,-25240,5.889204971,764.8530778,2.52989804,50.2,91,20961952,60.184
Burkina Faso,BFA,2020,49.78454225,50.21545775,44.04673758,2.568841549,32.738,8.325,4.44,-5661,2.010772624,825.2370388,2.435229593,48.7,91,21478690,60.454
Burkina Faso,BFA,2021,49.8000204,50.1999796,43.51664358,2.579178143,32.416,8.435,4.361,-13079,6.942524926,895.5352884,2.376492189,47.3,91,21995243,60.046
Burkina Faso,BFA,2022,49.80825259,50.19174741,42.96831693,2.594655476,32.043,8.135,4.275,-24960,1.626732582,827.3308435,2.309071474,46.1,91,22509038,60.7
Burkina Faso,BFA,2023,49.80836694,50.19163306,42.40125067,2.620712978,31.643,7.964,4.186,-24957,3.000274158,873.4825897,2.269736663,44.8,91,23025776,61.092
Burkina Faso,BFA,2024,49.81186075,50.18813925,41.80203001,2.651772081,,,,-25807,4.799809517,981.9926498,2.245977284,,91,23548781,
Burundi,BDI,2000,49.25360032,50.74639968,48.26238968,2.399688665,42.726,15.854,6.872,-40032,-0.856864058,134.5378618,2.077616304,88.6,80,6470194,47.617
Burundi,BDI,2001,49.25797721,50.74202279,47.73673893,2.38453115,43.035,15.219,6.849,9967,2.055807108,132.1595545,2.5056866,86.1,81,6634365,48.509
Burundi,BDI,2002,49.26916713,50.73083287,47.22861111,2.373151459,44.042,14.457,6.819,-16871,4.446519412,120.9523086,2.820219489,83.3,81,6824132,49.924
Burundi,BDI,2003,49.28984241,50.71015759,46.72583144,2.363812976,44.528,13.818,6.785,36719,-1.22372796,111.4066828,3.159092771,80.4,82,7043154,50.997
Burundi,BDI,2004,49.31765357,50.68234643,46.15858686,2.354569822,45.29,13.16,6.746,47091,4.833657768,125.1949652,3.727692861,77.1,83,7310656,52.217
Burundi,BDI,2005,49.34607164,50.65392836,45.76642492,2.342941803,46.154,12.756,6.708,17905,0.900000001,147.2346193,3.714265528,73.4,87,7587299,53.053
Burundi,BDI,2006,49.3735655,50.6264345,45.56199623,2.329119788,46.575,12.264,6.659,15322,5.413807145,161.8927556,3.601641763,69.5,92,7865547,53.962
Burundi,BDI,2007,49.40185305,50.59814695,45.44116952,2.31501981,46.726,11.768,6.588,22129,3.444493647,166.1627449,3.698171675,65.6,99,8161874,54.832
Burundi,BDI,2008,49.43172393,50.56827607,45.24456546,2.301644192,46.656,11.297,6.515,79319,4.908741908,189.5020746,4.125532069,61.8,92,8505637,55.581
Burundi,BDI,2009,49.46578128,50.53421872,45.03877026,2.289160875,46.489,10.772,6.409,184359,3.787075831,198.431524,5.066136077,58.3,94,8947646,56.422
Burundi,BDI,2010,49.49672291,50.50327709,45.09701412,2.273873642,46.963,10.509,6.26,11845,5.093736973,216.7277053,4.681010573,55,96,9376444,57.088
Burundi,BDI,2011,49.52059986,50.47940014,45.38992576,2.256462198,45.978,10.072,6.108,-19513,4.024427939,230.0697614,3.577698548,51.9,96,9717978,57.804
Burundi,BDI,2012,49.54385987,50.45614013,45.71815537,2.240898458,44.758,9.601,5.991,22617,4.423031185,231.0987878,3.568521478,49,96,10071028,58.501
Burundi,BDI,2013,49.56611725,50.43388275,46.06049108,2.228886011,43.899,9.201,5.889,-2285,4.923924851,234.8447702,3.591867093,46.3,96,10439341,59.179
Burundi,BDI,2014,49.58581587,50.41418413,46.40605131,2.212312458,42.901,8.845,5.794,-6856,4.244908031,250.5444922,3.394476867,44,95,10799785,59.764
Burundi,BDI,2015,49.59776255,50.40223745,47.04389106,2.223138461,42.257,8.688,5.695,-236207,-0.404525595,254.4025852,2.268517293,41.8,94,11047580,60.107
Burundi,BDI,2016,49.60636423,50.39363577,47.7164543,2.269399101,40.096,8.209,5.587,-109296,3.200174706,232.9378121,1.72186004,40,94,11239451,60.789
Burundi,BDI,2017,49.61817234,50.38182766,47.94941444,2.316077277,38.618,7.864,5.481,-68349,3.831857569,246.0607257,2.350486271,38.4,91,11506762,61.345
Burundi,BDI,2018,49.63182091,50.36817909,47.76137519,2.360738436,37.215,7.559,5.38,68141,5.342244731,245.6616783,3.018981828,37,90,11859446,61.806
Burundi,BDI,2019,49.64514644,50.35485356,47.34741882,2.401268215,36.579,7.394,5.271,14253,4.459342024,234.3106159,3.283675314,35.6,93,12255336,62.18
Burundi,BDI,2020,49.65468118,50.34531882,46.95674563,2.435064781,35.855,7.191,5.177,-10189,0.306443809,255.8324539,2.908653025,34.5,93,12617036,62.569
Burundi,BDI,2021,49.66158988,50.33841012,46.5191285,2.46187926,35.06,7.306,5.078,-14415,3.237074798,264.9803793,2.724255395,33.4,94,12965481,62.101
Burundi,BDI,2022,49.66758368,50.33241632,45.98889093,2.485849983,34.306,6.997,4.98,1995,2.317701222,302.9925053,2.705850089,32.4,91,13321097,62.882
Burundi,BDI,2023,49.67310593,50.32689407,45.36474239,2.510294515,33.667,6.718,4.878,1995,3.254768974,250.6272531,2.72764441,31.5,89,13689450,63.651
Burundi,BDI,2024,49.67753637,50.32246363,44.69890131,2.531804656,,,,-27074,4.112273763,219.4248309,2.583934011,,89,14047786,
Cabo Verde,CPV,2000,48.9848186,51.0151814,41.781974,4.848809058,27.862,6.35,3.545,-2772,14.28486885,1189.514793,1.51097074,29.4,90,453317,68.117
Cabo Verde,CPV,2001,49.12088604,50.87911396,40.89406096,4.892644468,26.762,6.102,3.366,-2528,2.231654545,1223.330553,1.527158323,27,90,460293,68.707
Cabo Verde,CPV,2002,49.27159209,50.72840791,39.9273305,4.947692519,25.701,5.836,3.192,-2751,5.25089117,1328.578743,1.456451065,25.3,91,467046,69.447
Cabo Verde,CPV,2003,49.42277184,50.57722816,38.93242892,5.004298845,24.746,5.657,3.033,-2898,4.176259326,1717.975654,1.347703211,24.3,92,473383,70.006
Cabo Verde,CPV,2004,49.57339842,50.42660158,37.92752772,5.054034518,23.943,5.533,2.9,-2993,10.19707263,1929.490815,1.256795582,23.9,93,479370,70.499
Cabo Verde,CPV,2005,49.72326149,50.27673851,36.93326641,5.086211428,22.797,5.425,2.726,-2768,6.912457957,2004.146804,1.191323441,23.9,95,485115,70.936
Cabo Verde,CPV,2006,49.87223065,50.12776935,35.96395148,5.094069519,21.612,5.351,2.555,-2408,7.983750448,2256.996662,1.150402658,24.1,96,490728,71.341
Cabo Verde,CPV,2007,50.0192467,49.9807533,35.01414278,5.078301738,20.583,5.349,2.409,-2200,15.17068797,3324.576752,1.106891508,24.3,98,496190,71.487
Cabo Verde,CPV,2008,50.16265919,49.83734081,34.07106741,5.037847433,19.857,5.27,2.298,-2340,7.039011296,3908.648858,1.03555151,24.4,99,501355,71.888
Cabo Verde,CPV,2009,50.30031217,49.69968783,33.13138039,4.971934698,19.504,5.247,2.246,-2618,-1.503586724,3659.720464,0.95008536,24.3,99,506141,72.142
Cabo Verde,CPV,2010,50.40644665,49.59355335,32.18830702,4.907956205,20.42,5.224,2.329,-5069,1.83641915,3579.460061,0.717182,23.8,99,509784,72.507
Cabo Verde,CPV,2011,50.46124126,49.53875874,31.26837313,4.885652752,20.578,5.182,2.329,-7226,3.924718213,4002.013869,0.325685662,22.9,90,511447,72.913
Cabo Verde,CPV,2012,50.49467238,49.50532762,30.44642596,4.905606938,19.108,5.129,2.153,-6779,1.083648484,3736.81517,0.099276734,21.8,94,511955,73.315
Cabo Verde,CPV,2013,50.53169994,49.46830006,29.75664991,4.956220411,18.401,5.165,2.067,-6622,0.632136727,3960.975968,0.052725108,20.5,93,512225,73.481
Cabo Verde,CPV,2014,50.57112073,49.42887927,29.19150033,5.039959947,18.079,5.154,2.031,-6578,0.69666684,3985.607065,0.019715954,19,95,512326,73.788
Cabo Verde,CPV,2015,50.61232296,49.38767704,28.77056403,5.156583758,17.459,5.136,1.968,-6226,0.936026508,3415.062667,0.013271918,17.6,93,512394,74.096
Cabo Verde,CPV,2016,50.65515048,49.34484952,28.51989398,5.300607057,17.32,5.15,1.966,-6004,4.280714827,3608.966052,0.031221096,16.2,96,512554,74.35
Cabo Verde,CPV,2017,50.70092729,49.29907271,28.40923935,5.465272484,16.8,5.115,1.93,-5550,4.55131481,3893.095714,0.06611751,15,96,512893,74.71
Cabo Verde,CPV,2018,50.75134151,49.24865849,28.37441446,5.637934225,15.451,5.162,1.804,-4679,3.706964583,4294.9651,0.101723858,14,98,513415,74.84
Cabo Verde,CPV,2019,50.80839674,49.19160326,28.37538708,5.814290494,14.288,5.004,1.698,-4001,6.947826341,4380.781173,0.134109462,13.2,96,514104,75.449
Cabo Verde,CPV,2020,50.86422632,49.13577368,28.39553547,5.982655225,13.142,5.886,1.591,-3362,-20.8052759,3539.226612,0.111782574,12.5,93,514679,73.818
Cabo Verde,CPV,2021,50.88328827,49.11671173,27.99202166,6.13617756,12.569,5.648,1.554,0,7.033530107,3971.444092,0.382032175,12,93,516649,74.424
Cabo Verde,CPV,2022,50.87351032,49.12648968,27.17459273,6.328729117,12.438,5.004,1.533,-1253,15.84367568,4323.31362,0.596688346,11.5,93,519741,75.907
Cabo Verde,CPV,2023,50.86631057,49.13368943,26.37085141,6.579454962,12.33,5.059,1.522,-1226,4.794761391,4794.901219,0.497087597,11,93,522331,76.059
Cabo Verde,CPV,2024,50.85896315,49.14103685,25.54731871,6.858178202,,,,-1209,7.24388539,5192.481573,0.486246288,,93,524877,
Cambodia,KHM,2000,48.08758968,51.91241032,42.54794837,2.816518395,28.466,8.7,3.794,-50957,9.993580323,296.4266875,1.59016993,86.7,59,12462336,59.491
Cambodia,KHM,2001,48.1618889,51.8381111,41.50948091,2.919607119,28.11,8.303,3.687,-53815,7.389710651,327.5009843,1.561668659,79.4,60,12658484,60.457
Cambodia,KHM,2002,48.23298542,51.76701458,40.50819039,3.021382485,27.528,7.936,3.57,-55245,6.265072805,350.1472766,1.54239258,71.8,54,12855241,61.395
Cambodia,KHM,2003,48.30070842,51.69929158,39.53064248,3.124660945,26.88,7.58,3.429,-57026,10.28368131,386.6911239,1.511071915,65,69,13050968,62.345
Cambodia,KHM,2004,48.36841911,51.63158089,38.54931067,3.232107923,26.261,7.261,3.307,-58972,9.457694811,444.1990675,1.47375057,59.3,85,13244731,63.256
Cambodia,KHM,2005,48.43785751,51.56214249,37.58767076,3.343152369,26.104,6.999,3.238,-60473,13.30333384,525.7973251,1.457614537,54.5,82,13439202,64.113
Cambodia,KHM,2006,48.51189898,51.48810102,36.59781828,3.451987321,26.127,6.793,3.175,-60315,10.94336007,612.2526486,1.475943055,50.5,80,13639028,64.886
Cambodia,KHM,2007,48.58761209,51.41238791,35.58549232,3.561210019,26.209,6.649,3.13,-68653,10.3984581,731.6922951,1.475544331,47.1,82,13841770,65.549
Cambodia,KHM,2008,48.65687706,51.34312294,34.65903231,3.666867696,25.88,6.516,3.048,-50809,7.476366066,866.2839998,1.51791486,43.8,91,14053479,66.147
Cambodia,KHM,2009,48.70247625,51.29752375,33.89249419,3.769963318,25.625,6.384,2.971,-49354,4.074778506,875.7489362,1.576656181,40.6,94,14276810,66.747
Cambodia,KHM,2010,48.72841539,51.27158461,33.27319956,3.87951955,25.036,6.26,2.859,-49781,5.076918432,952.2746163,1.556217454,37.7,90,14500726,67.311
Cambodia,KHM,2011,48.75263744,51.24736256,32.77449461,3.995270124,24.631,6.145,2.782,-50941,7.286658139,1088.981528,1.518392423,35.1,91,14722584,67.869
Cambodia,KHM,2012,48.77481468,51.22518532,32.42834911,4.12078606,24.578,6.067,2.751,-52874,7.650256579,1192.80263,1.499984187,32.8,90,14945085,68.371
Cambodia,KHM,2013,48.79519121,51.20480879,32.20705452,4.257618098,24.56,6.036,2.742,-54554,7.857499755,1305.660097,1.49510213,30.8,86,15170208,68.755
Cambodia,KHM,2014,48.81421898,51.18578102,32.04917667,4.406940117,24.403,6.01,2.734,-56536,8.000320746,1431.563965,1.482437252,29.1,90,15396772,69.117
Cambodia,KHM,2015,48.83221808,51.16778192,31.9296391,4.568735552,24.218,6.015,2.729,-58101,7.207034725,1547.320104,1.46023763,27.7,91,15623251,69.398
Cambodia,KHM,2016,48.8507836,51.1492164,31.82637481,4.735418083,23.956,6.033,2.725,-51324,7.905501161,1675.195557,1.458607676,26.5,91,15852803,69.635
Cambodia,KHM,2017,48.86654151,51.13345849,31.704031,4.908836027,23.655,6.067,2.719,-74362,8.075039155,1826.353917,1.381765961,25.4,90,16073372,69.842
Cambodia,KHM,2018,48.87636638,51.12363362,31.52805445,5.092075979,23.372,6.126,2.724,-86702,8.776223762,2036.673776,1.243682774,24.4,89,16274522,69.993
Cambodia,KHM,2019,48.88803095,51.11196905,31.32365012,5.273077907,22.988,6.189,2.725,-57268,7.936950136,2225.877055,1.26258301,23.5,88,16481304,70.127
Cambodia,KHM,2020,48.91124454,51.08875546,31.07780177,5.438736906,22.409,6.341,2.699,0,-3.555721934,2081.739142,1.470629886,22.6,86,16725474,70.059
Cambodia,KHM,2021,48.93814215,51.06185785,30.78128587,5.594714906,21.905,6.827,2.664,-27025,3.089842841,2167.403242,1.476778362,21.9,86,16974305,69.301
Cambodia,KHM,2022,48.95935431,51.04064569,30.45441638,5.766954108,21.279,6.323,2.616,-31350,5.129901108,2325.0305,1.330888131,21.1,84,17201724,70.528
Cambodia,KHM,2023,48.97847385,51.02152615,30.11055717,5.96118643,20.752,6.39,2.579,-31837,5.007330438,2429.748535,1.283206776,20.3,84,17423880,70.668
Cambodia,KHM,2024,48.99985549,51.00014451,29.79314551,6.163704272,,,,-32960,5.975109396,2627.879698,1.225939863,,83,17638801,
Cameroon,CMR,2000,49.64213894,50.35786106,44.90562396,3.327521482,40.878,13.275,5.514,-21221,3.832417794,708.5657316,2.632763072,82.8,62,14912631,53.338
Cameroon,CMR,2001,49.66379353,50.33620647,44.71319277,3.297967362,40.669,13.071,5.441,-19203,4.324261192,715.4702965,2.626432559,80.9,63,15309490,53.598
Cameroon,CMR,2002,49.68529195,50.31470805,44.50414779,3.269216247,40.8,12.849,5.435,-10766,4.477026834,789.6238111,2.681248158,78.8,66,15725528,53.922
Cameroon,CMR,2003,49.70555694,50.29444306,44.31940479,3.239560554,41.074,12.645,5.432,-18568,5.453153689,988.2412768,2.727471335,76.9,73,16160340,54.253
Cameroon,CMR,2004,49.72470705,50.27529295,44.17942881,3.207046151,41.275,12.445,5.436,-19444,7.048862819,1133.393267,2.747415041,74.9,73,16610487,54.578
Cameroon,CMR,2005,49.74338482,50.25661518,44.07617833,3.171841158,41.319,12.238,5.421,-27775,2.228270209,1142.624663,2.755738484,73.3,80,17074594,54.904
Cameroon,CMR,2006,49.76039301,50.23960699,43.99310922,3.136514245,41.115,11.978,5.369,-28528,3.809583276,1191.45459,2.74855128,71.3,81,17550407,55.301
Cameroon,CMR,2007,49.77480478,50.22519522,43.90555768,3.102136987,40.897,11.703,5.343,-10807,4.32758901,1325.672482,2.806278246,69.7,82,18049896,55.71
Cameroon,CMR,2008,49.78765004,50.21234996,43.82106031,3.068896124,40.665,11.435,5.294,-10720,2.847677889,1492.142698,2.862584533,67.9,84,18574056,56.116
Cameroon,CMR,2009,49.79887227,50.20112773,43.75528197,3.037223003,40.359,11.174,5.236,-10203,2.579251777,1461.389992,2.865392227,66.3,80,19113974,56.486
Cameroon,CMR,2010,49.80845855,50.19154145,43.70173712,3.00754787,39.837,10.86,5.154,-9366,2.899024721,1398.58702,2.857661467,63.9,84,19668066,56.965
Cameroon,CMR,2011,49.81711425,50.18288575,43.65685301,2.979186231,39.217,10.52,5.052,-12669,3.379211285,1513.96057,2.828422971,62,81,20232304,57.482
Cameroon,CMR,2012,49.82459958,50.17540042,43.60778661,2.94920899,38.651,10.105,4.982,-7523,4.625978722,1449.098744,2.813047184,59.8,79,20809529,58.17
Cameroon,CMR,2013,49.83081318,50.16918682,43.53509395,2.914547899,38.076,9.758,4.905,-6900,4.995529161,1575.928821,2.80909371,57.4,76,21402376,58.73
Cameroon,CMR,2014,49.83542305,50.16457695,43.36061603,2.877194373,37.548,9.477,4.844,96599,5.719818145,1649.443391,3.02592195,55.4,76,22059893,59.13
Cameroon,CMR,2015,49.83862922,50.16137078,43.15953127,2.845728614,37.719,9.2,4.841,42008,5.666952987,1415.000097,3.13934346,53.2,76,22763414,59.687
Cameroon,CMR,2016,49.84173171,50.15826829,43.0445872,2.82198108,37.775,8.908,4.842,13255,4.535794237,1441.720173,2.989332251,51.6,78,23454161,60.293
Cameroon,CMR,2017,49.84444809,50.15555191,42.98195532,2.803670631,37.516,8.65,4.804,-37912,3.541176549,1496.089518,2.834997982,49.7,74,24128601,60.817
Cameroon,CMR,2018,49.84578364,50.15421636,42.89722125,2.791160646,36.899,8.431,4.74,-9184,3.955514239,1610.696416,2.770309875,48.1,68,24806383,61.189
Cameroon,CMR,2019,49.84626616,50.15373384,42.74372655,2.784299204,36.183,8.163,4.651,-12255,3.475059982,1555.226605,2.781644412,46.8,67,25506095,61.695
Cameroon,CMR,2020,49.84456837,50.15543163,42.54376996,2.776852366,35.438,8.107,4.557,-9888,0.259932916,1555.603707,2.724486348,45.3,68,26210558,61.674
Cameroon,CMR,2021,49.84192346,50.15807654,42.31580916,2.766102616,34.778,8.258,4.468,-9888,3.338857472,1672.326573,2.654960766,43.8,71,26915758,61.146
Cameroon,CMR,2022,49.84044308,50.15955692,42.05820071,2.763171982,34.268,7.673,4.397,-4798,3.736784006,1604.87727,2.62905091,42.5,71,27632771,62.443
Cameroon,CMR,2023,49.83872342,50.16127658,41.76055479,2.774839408,33.743,7.151,4.322,-4798,3.347562908,1720.475102,2.642453361,41.2,75,28372687,63.7
Cameroon,CMR,2024,49.8367964,50.1632036,41.44222737,2.794798684,,,,-13892,3.524723081,1830.008337,2.612682943,,77,29123744,
Canada,CAN,2000,49.49549885,50.50450115,19.206854,12.53630939,10.7,7.1,1.51,201727,5.13853918,24271.00206,0.931281553,5.3,89,30685730,79.16682927
Canada,CAN,2001,49.51773869,50.48226131,18.90687184,12.62300537,10.8,7.1,1.54,222100,1.875098107,23822.09621,1.086199455,5.3,89,31020855,79.39804878
Canada,CAN,2002,49.53185256,50.46814744,18.61929752,12.70702907,10.5,7.1,1.52,208060,2.99925535,24256.01923,1.084793283,5.3,88,31359199,79.53073171
Canada,CAN,2003,49.5367987,50.4632013,18.33673237,12.80459003,10.6,7.1,1.55,185643,1.806385123,28301.86459,0.89922681,5.3,91,31642461,79.71512195
Canada,CAN,2004,49.54093616,50.45906384,18.03386288,12.91679164,10.6,7.1,1.56,194611,3.092363843,32145.54126,0.932186964,5.3,91,31938807,79.99219512
Canada,CAN,2005,49.54810198,50.45189802,17.70724527,13.04664744,10.7,7.1,1.58,204526,3.210454391,36383.66001,0.94708627,5.2,93,32242732,80.11268293
Canada,CAN,2006,49.55199874,50.44800126,17.39435806,13.21211852,11,7,1.63,202175,2.63794375,40504.0371,1.013559391,5.2,95,32571193,80.54365854
Canada,CAN,2007,49.5489069,50.4510931,17.13501787,13.40743535,11.3,7.2,1.67,213801,2.049904637,44660.08389,0.970654173,5.1,94,32888886,80.54365854
Canada,CAN,2008,49.54561537,50.45438463,16.92488748,13.62092864,11.5,7.2,1.7,238083,0.995406301,46710.25269,1.083871149,5.1,92,33247298,80.72463415
Canada,CAN,2009,49.54489648,50.45510352,16.7366419,13.8518497,11.4,7.1,1.69,244463,-2.915086216,40874.88319,1.144707685,5,91,33630069,81.06609756
Canada,CAN,2010,49.54546317,50.45453683,16.56295234,14.10940235,11.2,7.1,1.65,225369,3.090806345,47560.6666,1.11135203,5,89,34005902,81.32219512
Canada,CAN,2011,49.55371009,50.44628991,16.4219829,14.42968082,11,7.1,1.63,227075,3.137194422,52223.85884,0.975407251,4.9,87,34339221,81.48268293
Canada,CAN,2012,49.57239908,50.42760092,16.3275063,14.82069906,11,7.1,1.63,243748,1.755661291,52670.34473,1.083746522,4.8,91,34713395,81.66365854
Canada,CAN,2013,49.59162233,50.40837767,16.27143804,15.22868879,10.9,7.2,1.61,239813,2.325813548,52638.11872,1.053380981,4.8,91,35080992,81.74487805
Canada,CAN,2014,49.60070873,50.39929127,16.24092778,15.62324418,10.9,7.3,1.61,192884,2.873466778,50960.84312,1.001422847,4.7,91,35434066,81.78439024
Canada,CAN,2015,49.60109264,50.39890736,16.23267898,16.01019976,10.7,7.4,1.6,224332,0.649971002,43594.1941,0.760300145,4.7,91,35704498,81.82585366
Canada,CAN,2016,49.60384112,50.39615888,16.22168971,16.38810219,10.6,7.4,1.59,329455,1.038550925,42314.06158,1.13153974,4.6,91,36110803,81.94
Canada,CAN,2017,49.61786405,50.38213595,16.17185722,16.75821369,10.3,7.6,1.55,372685,3.033834912,45129.62812,1.195435755,4.6,91,36545075,81.81292683
Canada,CAN,2018,49.64452746,50.35547254,16.08498779,17.12968131,10.1,7.7,1.51,420224,2.742963449,46539.17616,1.433226157,4.5,91,37072620,81.80878049
Canada,CAN,2019,49.66851834,50.33148166,15.98345147,17.53185952,9.9,7.6,1.47,387685,1.908431946,46352.86934,1.461712599,4.5,91,37618495,82.16365854
Canada,CAN,2020,49.68169649,50.31830351,15.87630478,17.98540848,9.5,8.1,1.41,256592,-5.038233435,43537.8393,1.084368971,4.5,92,38028638,81.53512195
Canada,CAN,2021,49.68364586,50.31635414,15.74308791,18.48225923,9.7,8.2,1.44,198867,5.950528028,52886.66164,0.553902422,4.5,92,38239864,81.51682927
Canada,CAN,2022,49.66957796,50.33042204,15.54790766,18.94074713,9,8.6,1.33,459988,4.189036281,56256.80073,1.803904575,4.5,92,38935934,81.24536585
Canada,CAN,2023,49.65908383,50.34091617,15.30454339,19.35811922,8.8,8.1,1.26,433842,1.528745508,54220.3285,2.904680171,4.4,92,40083484,81.64658537
Canada,CAN,2024,49.65715483,50.34284517,15.11132057,19.79959076,,,,368599,1.55479521,54340.34772,2.962202944,,92,41288599,
Central African Republic,CAF,2000,50.25781183,49.74218817,45.45273126,2.317397549,42.058,16.632,5.851,8079,-2.48943244,239.1541337,2.749554199,99.8,37,3833416,46.609
Central African Republic,CAF,2001,50.23958493,49.76041507,45.41446368,2.276433115,41.95,16.539,5.807,-33006,4.464739026,237.9517025,2.220446621,98.3,40,3919487,46.734
Central African Republic,CAF,2002,50.2223497,49.7776503,45.32572073,2.241456886,41.407,16.298,5.785,5992,3.616542192,248.639291,2.185168034,96.5,44,4006077,46.84
Central African Republic,CAF,2003,50.21336374,49.78663626,45.17609429,2.21505228,41.704,15.982,5.799,-18097,-5.397485219,278.4039922,2.392691529,94.7,47,4103086,47.306
Central African Republic,CAF,2004,50.20837974,49.79162026,45.11485809,2.19158868,41.558,15.669,5.784,-16510,5.994884228,303.4613212,2.163559608,92.6,51,4192826,47.696
Central African Republic,CAF,2005,50.20474211,49.79525789,45.05338951,2.171686065,41.775,15.303,5.812,-13604,0.908210515,311.9500231,2.263433559,90.5,54,4288810,48.207
Central African Republic,CAF,2006,50.20089872,49.79910128,45.11646734,2.153267822,42.193,15.036,5.84,-41282,4.77108543,333.9425199,2.048652666,87.8,51,4377579,48.687
Central African Republic,CAF,2007,50.1970525,49.8029475,45.25944142,2.140195199,42.192,14.6,5.867,-30352,4.607534855,380.8870488,1.927381763,85.6,48,4462770,49.327
Central African Republic,CAF,2008,50.19448416,49.80551584,45.35323499,2.133863832,42.457,14.243,5.902,-28983,2.054130962,437.2482747,2.133014221,83.6,45,4558984,49.873
Central African Republic,CAF,2009,49.69107187,50.30892813,45.61375115,1.996336315,43.644,72.483,5.936,-28899,8.587260426,456.4716739,-0.65882496,234.9,42,4529047,14.665
Central African Republic,CAF,2010,49.16260776,50.83739224,45.94735294,1.858147866,44.961,15.907,5.963,-43126,4.630818432,476.873787,-0.799202484,88.1,45,4492995,46.871
Central African Republic,CAF,2011,49.15820778,50.84179222,46.31530213,1.866453422,45.314,14.008,6.009,-86281,4.194615337,534.0572815,1.590359701,78.1,47,4565021,50.107
Central African Republic,CAF,2012,49.16640063,50.83359937,46.92014354,1.881204932,45.147,13.311,6.047,-111764,5.053761254,544.3958491,0.998867378,76.5,47,4610848,51.336
Central African Republic,CAF,2013,49.15881139,50.84118861,47.58922019,1.895412715,44.657,14.395,6.075,-112382,-36.3919771,364.3669626,0.682377857,81,23,4642419,49.487
Central African Republic,CAF,2014,49.06754698,50.93245302,48.45403015,1.907009069,44.647,21.406,6.099,-174051,0.081070515,409.850486,-0.415235399,100.2,45,4623182,40.265
Central African Republic,CAF,2015,48.99135316,51.00864684,49.00658747,1.953850463,43.338,12.683,6.126,-63045,4.33712103,366.3228539,0.132677645,72.4,43,4629320,51.934
Central African Republic,CAF,2016,48.99257753,51.00742247,48.99932929,2.032007588,43.391,13.177,6.126,-52607,4.750316841,387.1762034,1.805532372,77,42,4713663,50.999
Central African Republic,CAF,2017,48.9521355,51.0478645,49.02510384,2.097523308,43.742,16.943,6.127,-58584,4.527278213,432.3240257,1.679781553,87.4,42,4793511,45.231
Central African Republic,CAF,2018,48.91571594,51.08428406,49.04752476,2.162039676,43.838,12.403,6.108,-52954,3.789443593,455.2439629,1.760684876,74,40,4878657,52.297
Central African Republic,CAF,2019,48.77547776,51.22452224,49.0201283,2.188553874,44.108,30.25,6.09,-36849,3.1,449.2284676,1.344692553,124.3,38,4944703,31.53
Central African Republic,CAF,2020,48.63758594,51.36241406,48.91141249,2.200620157,44.475,13.259,6.059,-24745,0.899999997,462.8790713,1.643247897,74.5,37,5026628,50.596
Central African Republic,CAF,2021,48.57585951,51.42414049,49.00331566,2.221767962,45.226,20.89,6.052,-85646,0.982919996,492.2631428,1.686089712,93.6,35,5112100,40.279
Central African Republic,CAF,2022,48.1805455,51.8194545,49.21523264,2.143696611,45.425,55.126,6.023,-17430,0.453901876,467.359825,-0.275432272,189.1,33,5098039,18.818
Central African Republic,CAF,2023,47.89259263,52.10740737,49.16644517,2.095277356,46.358,9.419,6.012,-14682,0.699968401,495.9788973,1.061074532,60.4,40,5152421,57.408
Central African Republic,CAF,2024,47.98557935,52.01442065,49.00336063,2.151072577,,,,-15357,1.499999998,516.161,3.401398441,,42,5330690,
Chad,TCD,2000,49.58877916,50.41122084,48.76539765,2.826525744,51.589,17.852,7.249,-3845,-0.879681024,163.1216637,3.458862793,102,38,8512093,47.937
Chad,TCD,2001,49.63329685,50.36670315,49.00514804,2.76469868,51.241,17.478,7.231,3484,11.65813465,194.3229533,3.373238978,100.3,26,8804124,48.306
Chad,TCD,2002,49.67893944,50.32106056,49.13656661,2.704895712,50.473,17.236,7.201,20400,8.491209819,219.061392,3.483192496,98.5,25,9116192,48.36
Chad,TCD,2003,49.72514269,50.27485731,48.99322638,2.644945374,50.028,16.855,7.179,105140,14.72166701,289.0876211,3.995806789,96.6,23,9487833,48.609
Chad,TCD,2004,49.77076696,50.22923304,48.67460158,2.58253095,50.375,16.692,7.16,110387,33.62937185,445.8507672,4.45463094,94.8,22,9920036,48.687
Chad,TCD,2005,49.81395402,50.18604598,48.5555342,2.51816611,50.672,16.561,7.134,19281,17.33253374,838.0921077,4.031101101,93,26,10328092,48.86
Chad,TCD,2006,49.85326567,50.14673433,48.62037969,2.45418545,50.303,16.489,7.118,23052,-0.542829571,906.8972606,3.597637382,91,41,10706424,48.747
Chad,TCD,2007,49.88914116,50.11085884,48.70391942,2.393070966,50.107,16.111,7.092,-11339,4.200174182,980.4835315,3.444755444,89,29,11081660,49.21
Chad,TCD,2008,49.92529383,50.07470617,48.70112921,2.336041277,49.53,15.77,7.063,36446,3.081190339,1166.368835,3.499220115,87,19,11476296,49.503
Chad,TCD,2009,49.96152182,50.03847818,48.69060049,2.283042944,49.257,15.463,7.021,9108,-1.408282627,1035.637197,3.572969763,84.9,26,11893754,49.828
Chad,TCD,2010,49.99598378,50.00401622,48.75884614,2.233363046,48.979,15.178,6.99,10427,13.67382727,1141.800693,3.460770948,82.8,40,12312575,50.107
Chad,TCD,2011,50.02782047,49.97217953,48.74624824,2.18697817,48.49,14.857,6.948,29256,4.495429669,1308.142187,3.530201854,80.7,33,12754997,50.426
Chad,TCD,2012,50.0575581,49.9424419,48.69818692,2.142423305,48.177,14.55,6.905,9514,9.061803923,1354.343447,3.512654812,78.6,40,13210998,50.765
Chad,TCD,2013,50.08495312,49.91504688,48.61376709,2.100904461,47.429,14.231,6.839,51887,2.838215248,1304.88743,3.569478834,76.6,39,13691079,51.051
Chad,TCD,2014,50.10794169,49.89205831,48.50782263,2.07314233,47.052,14.071,6.781,20842,2.062830743,1278.789814,3.569986978,74.8,36,14188678,51.141
Chad,TCD,2015,50.1268636,49.8731364,48.52667542,2.059392443,46.51,13.876,6.706,-48918,3.304159798,993.9907306,3.183361057,72.8,42,14647621,51.32
Chad,TCD,2016,50.1435395,49.8564605,48.51267859,2.051598267,45.533,13.548,6.623,21540,-4.122503327,861.8317676,3.138686976,71,41,15114655,51.603
Chad,TCD,2017,50.15665927,49.84334073,48.39880715,2.04749366,44.917,13.277,6.537,16916,-1.617469228,854.4612004,3.306395837,69.2,41,15622759,51.875
Chad,TCD,2018,50.16586791,49.83413209,48.24813719,2.046655376,44.401,12.857,6.464,46661,5.741115808,948.6566299,3.359560287,67.4,47,16156531,52.447
Chad,TCD,2019,50.17204145,49.82795855,48.12209282,2.04845629,44.316,12.519,6.412,-29451,5.382822029,893.3364416,3.21991132,65.5,53,16685223,52.993
Chad,TCD,2020,50.17352718,49.82647282,47.96590114,2.047733371,43.75,12.328,6.346,36605,-0.393646583,866.9478149,3.181970361,63.6,55,17224679,53.082
Chad,TCD,2021,50.17142433,49.82857567,47.68217461,2.047279003,43.284,12.162,6.255,74509,0.293442648,946.3585002,3.444238694,61.9,62,17828273,53.136
Chad,TCD,2022,50.16840406,49.83159594,47.40370329,2.055510782,43.35,11.486,6.215,36670,4.129698977,966.0364683,3.456689111,60.3,66,18455316,54.528
Chad,TCD,2023,50.16386405,49.83613595,46.73717371,2.07477443,42.396,11.032,6.12,496830,3.980043684,949.3334537,4.573992134,58.7,67,19319064,55.069
Chad,TCD,2024,50.15663977,49.84336023,46.06462801,2.10053656,,,,204040,4.199258541,961.5597556,4.948530274,,68,20299123,
Chile,CHL,2000,49.7540996,50.2459004,26.81372465,8.176872714,16.322,5.011,2.046,7067,4.971621488,5052.992458,1.196019259,9.2,91,15503635,77.128
Chile,CHL,2001,49.74802102,50.25197898,26.34637709,8.363619798,15.914,4.969,2.007,6346,3.154034925,4563.595299,1.155694418,8.7,97,15683849,77.58
Chile,CHL,2002,49.74051775,50.25948225,25.83579737,8.550850488,15.249,5.013,1.934,7824,3.202799135,4430.847412,1.103791863,8.2,97,15857925,77.84
Chile,CHL,2003,49.73458246,50.26541754,25.28219548,8.732213414,14.789,5.161,1.885,9225,4.723245269,4773.401775,1.04651515,8,96,16024752,77.884
Chile,CHL,2004,49.73131131,50.26868869,24.69705689,8.910606366,14.415,5.14,1.844,11495,6.674254168,6120.591521,1.009381639,7.9,93,16187322,78.276
Chile,CHL,2005,49.7278818,50.2721182,24.0937067,9.089777508,14.23,5.238,1.825,14289,5.837045719,7480.32331,0.992481123,7.7,91,16348778,78.459
Chile,CHL,2006,49.7249563,50.2750437,23.48790851,9.266212231,13.995,5.377,1.798,17285,6.049990826,9318.656553,0.976434393,7.6,94,16509195,78.533
Chile,CHL,2007,49.72328358,50.27671642,22.92169,9.44140839,14.194,5.494,1.826,20170,5.168230985,10346.41382,0.978803488,7.6,96,16671581,78.652
Chile,CHL,2008,49.72267037,50.27732963,22.42015375,9.618015643,14.353,5.617,1.85,22488,3.789392806,10683.21888,0.99913787,7.6,95,16838988,78.752
Chile,CHL,2009,49.72352295,50.27647705,21.96692946,9.803080066,14.363,5.687,1.855,24324,-1.118037236,10098.80172,1.008868006,7.6,94,17009731,78.89
Chile,CHL,2010,49.72451125,50.27548875,21.54297503,9.997663761,14.23,5.76,1.844,26048,5.851651022,12632.87047,1.004553624,7.5,92,17181464,79.095
Chile,CHL,2011,49.72648396,50.27351604,21.14620801,10.20350003,14.017,5.888,1.823,28086,6.223896785,14487.39278,0.986604121,7.4,94,17351816,79.236
Chile,CHL,2012,49.72999211,50.27000789,20.79350851,10.42699407,13.776,6.092,1.798,30870,6.155340019,15241.907,0.959562935,7.2,90,17519119,79.221
Chile,CHL,2013,49.73366042,50.26633958,20.47929366,10.67875449,13.622,6.058,1.786,36529,3.308508247,15683.54864,0.953744683,7.1,91,17687006,79.551
Chile,CHL,2014,49.73673317,50.26326683,20.19946883,10.95457702,13.473,6.119,1.774,52702,1.792649471,14529.67672,0.99681846,7,95,17864195,79.714
Chile,CHL,2015,49.73765246,50.26234754,19.93925184,11.24965719,13.147,6.106,1.737,55689,2.1519425,13433.9203,1.021566689,6.8,96,18047625,80.008
Chile,CHL,2016,49.73766398,50.26233602,19.65939374,11.54489751,12.685,6.086,1.686,135864,1.753038749,13649.85205,1.209415437,6.7,95,18267221,80.295
Chile,CHL,2017,49.73900077,50.26099923,19.33601552,11.81308342,11.763,6.037,1.563,220621,1.357695373,14879.90862,1.583948258,6.5,93,18558868,80.61
Chile,CHL,2018,49.74082725,50.25917275,19.00825012,12.06365828,11.698,6.196,1.543,237807,3.990029478,15659.48087,1.785385849,6.3,95,18893191,80.559
Chile,CHL,2019,49.74103987,50.25896013,18.70293457,12.32606029,10.94,6.46,1.43,181339,0.634367534,14495.71672,1.599117953,6,96,19197744,80.324
Chile,CHL,2020,49.73117025,50.26882975,18.41281417,12.62681574,10.097,7.393,1.307,26042,-6.143474792,13114.81547,0.896491954,5.9,93,19370624,79.349
Chile,CHL,2021,49.71320394,50.28679606,18.0965849,12.95643362,9.07,7.655,1.176,65480,11.31492049,16206.83255,0.441498091,5.8,95,19456334,78.876
Chile,CHL,2022,49.70057593,50.29942407,17.75755648,13.30008002,9.672,7.573,1.255,59374,2.153993562,15405.61658,0.495789591,5.9,96,19553036,79.176
Chile,CHL,2023,49.69853759,50.30146241,17.3843389,13.69331906,8.963,6.495,1.167,62679,0.521367977,17067.03648,0.53962871,6.2,96,19658835,81.167
Chile,CHL,2024,49.70180784,50.29819216,16.96616376,14.13508626,,,,58316,2.644311549,16709.8894,0.537425496,,95,19764771,
China,CHN,2000,51.07778173,48.92221827,24.54409643,7.017475741,14.03,6.45,1.628,-62622,8.586432018,969.1995137,0.787956593,30,85,1262645000,72.288
China,CHN,2001,51.08959505,48.91040495,23.80636764,7.213516823,13.38,6.43,1.563,-176419,8.312638871,1065.405976,0.726380638,27.8,86,1271850000,72.675
China,CHN,2002,51.10019153,48.89980847,22.92830907,7.401628758,12.86,6.41,1.566,-761291,9.243393266,1163.559577,0.669999568,25.6,86,1280400000,73.034
China,CHN,2003,51.11007684,48.88992316,22.04292869,7.579626632,12.41,6.4,1.57,-613223,10.11819286,1306.972454,0.622860936,23.5,86,1288400000,73.385
China,CHN,2004,51.11949497,48.88050503,21.18643009,7.737251101,12.29,6.42,1.605,-770977,10.13140736,1530.927262,0.593932815,21.3,87,1296075000,73.727
China,CHN,2005,51.12800724,48.87199276,20.29446824,7.889628405,12.4,6.51,1.624,-103701,11.45823846,1777.644968,0.58812499,19.4,87,1303720000,74.085
China,CHN,2006,51.1355888,48.8644112,19.59217938,8.053863468,12.09,6.81,1.644,-759559,12.67467517,2129.25697,0.558374367,17.7,93,1311020000,74.404
China,CHN,2007,51.14387767,48.85612233,19.1700514,8.212586258,12.1,6.93,1.666,-1042019,14.14998549,2734.727099,0.522271866,16.1,93,1317885000,74.789
China,CHN,2008,51.15220032,48.84779968,18.86673497,8.355352904,12.14,7.06,1.701,-764370,9.670245886,3523.443021,0.512386932,14.8,97,1324655000,74.833
China,CHN,2009,51.15898575,48.84101425,18.64565124,8.498178887,11.95,7.08,1.714,-177135,9.402699728,3898.244592,0.497381401,13.6,99,1331260000,75.317
China,CHN,2010,51.16478687,48.83521313,18.47404982,8.661471438,11.9,7.11,1.687,-184144,10.59627198,4629.245517,0.482959689,12.5,99,1337705000,75.668
China,CHN,2011,51.16838568,48.83161432,18.34201273,8.859168729,13.27,7.14,1.668,-416189,9.461335887,5703.76028,0.546457595,11.5,99,1345035000,75.889
China,CHN,2012,51.16995618,48.83004382,18.29736019,9.089201868,14.57,7.13,1.798,-58864,7.856174271,6405.057424,0.678345459,10.5,99,1354190000,76.2
China,CHN,2013,51.17000558,48.82999442,18.30540066,9.356268616,13.03,7.13,1.714,-188951,7.778724094,7147.035186,0.666072978,9.7,99,1363240000,76.452
China,CHN,2014,51.16756576,48.83243424,18.32863558,9.666198738,13.83,7.12,1.769,-371108,7.461900282,7781.065975,0.63032639,8.9,99,1371860000,76.714
China,CHN,2015,51.16210912,48.83789088,18.31814455,10.05342091,11.99,7.07,1.67,-646941,6.978780027,8175.332851,0.581456147,8.2,99,1379860000,76.975
China,CHN,2016,51.15355049,48.84644951,18.30474803,10.49079946,13.57,7.04,1.772,-153056,6.775555628,8254.868593,0.573050906,7.6,99,1387790000,77.214
China,CHN,2017,51.13892128,48.86107872,18.35312723,10.98096066,12.64,7.06,1.795,-94625,6.891266362,8979.676527,0.605245013,7,99,1396215000,77.235
China,CHN,2018,51.12058806,48.87941194,18.32847456,11.5162092,10.86,7.08,1.539,-198206,6.756718002,10085.66381,0.467672053,6.4,99,1402760000,77.709
China,CHN,2019,51.10388028,48.89611972,18.19748138,12.06136597,10.41,7.09,1.496,-656091,6.068502351,10342.90095,0.35474089,6,99,1407745000,77.94
China,CHN,2020,51.07976297,48.92023703,17.95483746,12.64523761,8.52,7.07,1.236,-91577,2.340188431,10627.4638,0.23804087,5.5,99,1411100000,78.019
China,CHN,2021,51.04980235,48.95019765,17.58185402,13.20574103,7.52,7.18,1.117,-379749,8.570085132,12887.43572,0.0892522,5.1,99,1412360000,78.117
China,CHN,2022,51.01749427,48.98250573,17.12179976,13.78193035,6.77,7.37,1.034,-293846,3.134188872,12970.60564,-0.013099501,4.8,99,1412175000,78.202
China,CHN,2023,50.97926122,49.02073878,16.58961072,14.31607747,6.39,7.87,0.999,-567724,5.414843301,12951.17824,-0.103794532,4.5,96,1410710000,77.953
China,CHN,2024,50.94151227,49.05848773,16.00781233,14.66526884,,,,-318992,4.977356592,13303.14815,-0.123063407,,97,1408975000,
Colombia,COL,2000,49.65757937,50.34242063,32.48177779,4.55122155,22.258,5.574,2.574,-27878,2.924861482,2555.00751,1.63798275,21.6,79,39089934,70.905
Colombia,COL,2001,49.63310198,50.36689802,32.09997416,4.625604668,21.722,5.531,2.522,-28582,1.677898308,2472.99084,1.571946884,21,80,39709262,71.185
Colombia,COL,2002,49.61019157,50.38980843,31.70515922,4.703104898,21.352,5.46,2.489,-24387,2.503980467,2428.929698,1.537922822,20.4,81,40324680,71.537
Colombia,COL,2003,49.59109425,50.40890575,31.29810375,4.787734716,20.928,5.242,2.45,-33114,3.918271903,2311.942188,1.508109059,19.9,92,40937429,72.309
Colombia,COL,2004,49.57590021,50.42409979,30.86150873,4.882645996,20.278,5.151,2.384,-25949,5.333022068,2818.571954,1.468837255,19.3,89,41543171,72.76
Colombia,COL,2005,49.56260508,50.43739492,30.38316715,4.98930463,19.579,5.085,2.309,-41465,4.828761108,3456.066109,1.400264212,18.8,93,42128977,73.156
Colombia,COL,2006,49.54950194,50.45049806,29.85403381,5.119016246,18.965,5.042,2.241,-39303,6.716868698,3789.853612,1.32542991,18.3,93,42691084,73.497
Colombia,COL,2007,49.53556548,50.46443452,29.28051032,5.273985895,18.552,5.065,2.195,-49634,6.738194691,4769.926147,1.266890996,17.8,94,43235374,73.751
Colombia,COL,2008,49.52151234,50.47848766,28.68123455,5.450877393,18.191,5.013,2.155,-63313,3.283446186,5541.836297,1.203391548,17.3,92,43758808,74.206
Colombia,COL,2009,49.50871147,50.49128853,28.0682948,5.642509774,17.656,5.029,2.096,-46901,1.139648645,5250.972924,1.164913701,16.8,92,44271541,74.531
Colombia,COL,2010,49.49702549,50.50297451,27.4594667,5.84187164,16.93,5.012,2.01,-34220,4.494658971,6398.295845,1.135968364,16.3,88,44777319,74.876
Colombia,COL,2011,49.48517237,50.51482763,26.86098251,6.057648879,16.321,5.019,1.938,-46385,6.947891982,7400.99407,1.071337277,15.8,85,45259614,75.18
Colombia,COL,2012,49.47295368,50.52704632,26.26359459,6.293792016,15.986,4.977,1.899,-56070,3.912635767,8108.598382,1.002907827,15.3,92,45715810,75.611
Colombia,COL,2013,49.46095784,50.53904216,25.65866509,6.544631203,15.63,5.033,1.86,-64789,5.13399352,8279.102556,0.948709329,14.8,91,46151584,75.834
Colombia,COL,2014,49.4496271,50.5503729,25.06336112,6.818796911,15.258,5.145,1.822,-67522,4.499030001,8187.208249,0.892711564,14.4,90,46565429,75.95
Colombia,COL,2015,49.4392009,50.5607991,24.48948599,7.109127592,14.764,5.252,1.771,-41123,2.955901375,6248.514905,0.864942377,14,91,46969940,76.067
Colombia,COL,2016,49.43072689,50.56927311,23.91585482,7.388576787,14.271,5.31,1.719,104373,2.087382502,5959.842504,0.990548549,13.6,91,47437512,76.228
Colombia,COL,2017,49.42558943,50.57441057,23.30556361,7.65248495,14.177,5.315,1.717,431072,1.359360868,6479.532313,1.451477262,13.2,92,48131078,76.418
Colombia,COL,2018,49.42252711,50.57747289,22.68394237,7.913352977,14.195,5.35,1.715,495524,2.564324283,6816.968183,1.839137849,12.7,92,49024465,76.579
Colombia,COL,2019,49.41903385,50.58096615,22.12274549,8.190322651,14.218,5.38,1.71,396826,3.186855392,6472.545449,1.786155077,12.4,94,49907985,76.793
Colombia,COL,2020,49.40371714,50.59628286,21.66470579,8.464125443,14.106,6.621,1.694,227130,-7.185914138,5339.687114,1.436321673,12,88,50629997,74.757
Colombia,COL,2021,49.37325953,50.62674047,21.29844992,8.71354982,13.947,7.869,1.68,199070,10.80119819,6222.621644,1.096428254,11.6,87,51188173,72.698
Colombia,COL,2022,49.3519669,50.6480331,20.95328064,9.006556281,13.731,5.881,1.663,183180,7.328277294,6680.445069,1.068292955,11.3,87,51737944,76.508
Colombia,COL,2023,49.34630644,50.65369356,20.59784616,9.375428036,13.475,5.398,1.645,154521,0.712380032,7000.836605,1.120928643,10.9,90,52321152,77.725
Colombia,COL,2024,49.34215461,50.65784539,20.27211325,9.778435608,,,,141643,1.598331537,7919.208868,1.07447921,,89,52886363,
Comoros,COM,2000,49.24507536,50.75492464,47.00785984,4.183428018,35.359,10.606,5.227,-2557,-1.007018871,633.3090328,1.919894445,64.8,70,536080,58.941
Comoros,COM,2001,49.37630204,50.62369796,46.74089032,4.115620774,35.089,10.24,5.195,-2029,5.419599718,681.1638576,2.056751168,62.7,70,547220,59.587
Comoros,COM,2002,49.52005911,50.47994089,46.55127222,4.03105255,34.744,10.125,5.155,-1925,4.597682633,764.6134983,2.116080234,60.5,89,558923,59.723
Comoros,COM,2003,49.5786226,50.4213774,46.28793563,3.991067002,34.459,9.834,5.115,-4112,1.934428123,959.6910494,1.927019436,58.5,80,569798,60.24
Comoros,COM,2004,49.57878713,50.42121287,45.74438957,4.01521257,34.333,9.623,5.065,-2455,3.100412104,1072.28409,1.895924854,56.5,76,580704,60.557
Comoros,COM,2005,49.6110873,50.3889127,45.0295861,4.069670326,34.445,9.456,5.012,-2760,5.665202402,1105.787969,2.040840198,54.6,68,592677,60.883
Comoros,COM,2006,49.64555777,50.35444223,44.32082189,4.13838377,34.3,9.293,4.934,-3020,-1.754446794,1138.479084,2.017054763,52.9,69,604753,61.229
Comoros,COM,2007,49.68067483,50.31932517,43.61783778,4.197906882,34.137,9.186,4.859,-3147,0.803599788,1289.736311,1.993059228,51.2,75,616927,61.475
Comoros,COM,2008,49.71675192,50.28324808,42.92229389,4.22973207,34.099,8.985,4.805,-3294,3.964611189,1455.027686,1.986851146,49.7,81,629307,61.955
Comoros,COM,2009,49.7541857,50.2458143,42.24722427,4.228227386,34.279,8.865,4.778,-3553,3.240601985,1410.30517,1.988653182,48.3,83,641947,62.302
Comoros,COM,2010,49.79391755,50.20608245,41.61164017,4.205404101,34.437,8.706,4.755,-3832,3.777880707,1386.574243,1.987907684,47,74,654836,62.747
Comoros,COM,2011,49.83444502,50.16555498,41.02680015,4.17726957,34.512,8.596,4.722,-3897,4.143564792,1531.437894,1.998717975,45.9,83,668056,63.105
Comoros,COM,2012,49.87309831,50.12690169,40.49868734,4.155776709,34.241,8.471,4.652,-3835,3.168356276,1490.315114,2.011498627,44.9,86,681630,63.463
Comoros,COM,2013,49.94513008,50.05486992,40.15132309,4.163719086,33.856,8.323,4.572,-2365,4.466163698,1603.327971,2.113849573,44,83,696192,63.839
Comoros,COM,2014,50.04820788,49.95179212,39.96690103,4.21207234,33.322,8.198,4.489,-2667,2.106669206,1615.717237,2.17541496,43.2,80,711503,64.143
Comoros,COM,2015,50.14531803,49.85468197,39.78968792,4.285161873,32.78,8.063,4.42,-2815,1.147473994,1329.370482,2.110933384,42.5,80,726682,64.473
Comoros,COM,2016,50.23545955,49.76454045,39.58881874,4.364461449,32.093,7.943,4.348,-2938,3.32039988,1365.484034,2.051115782,41.7,75,741741,64.792
Comoros,COM,2017,50.28413972,49.71586028,39.27751812,4.412098016,31.35,7.828,4.278,-2920,3.815702113,1423.924803,1.992577987,41,79,756669,65.127
Comoros,COM,2018,50.29471611,49.70528389,38.90135953,4.43234101,30.91,7.733,4.208,-2917,3.642595874,1527.405271,1.952741536,40.3,77,771590,65.401
Comoros,COM,2019,50.30410207,49.69589793,38.56324484,4.457917714,30.447,7.644,4.138,-2916,1.760701647,1510.232182,1.923857027,39.5,78,786578,65.662
Comoros,COM,2020,50.30436457,49.69563543,38.26775963,4.467730082,29.985,7.662,4.071,-1766,-0.195577457,1519.346656,1.961993798,38.7,74,802163,65.756
Comoros,COM,2021,50.2978584,49.7021416,38.00405659,4.455650964,29.498,7.932,3.999,-1766,2.000192118,1554.972892,1.976319881,37.8,72,818174,65.201
Comoros,COM,2022,50.29537706,49.70462294,37.71865575,4.455290654,29.062,7.3,3.935,-2002,2.603010319,1465.479643,1.93837687,36.8,78,834188,66.481
Comoros,COM,2023,50.29439538,49.70560462,37.40138313,4.472904689,28.653,7.196,3.878,-2002,2.99521564,1560.273785,1.923274337,35.7,75,850387,66.777
Comoros,COM,2024,50.2885898,49.7114102,37.12140619,4.472161066,,,,-2051,3.338101094,1662.756633,1.891827897,,75,866628,
"Congo, Dem. Rep.",COD,2000,49.47199364,50.52800636,45.66786659,2.957171172,45.298,14.619,6.702,79340,-6.910927317,377.9254215,3.207807483,91.2,30,50507442,51.887
"Congo, Dem. Rep.",COD,2001,49.47628593,50.52371407,45.70165113,2.970783413,44.977,14.382,6.663,26523,-2.100173025,142.6781426,3.167066345,89,30,52132646,52.205
"Congo, Dem. Rep.",COD,2002,49.47857533,50.52142467,45.74838242,2.98575412,44.559,14.204,6.606,-17358,2.947765184,162.3805291,3.056206058,86.5,38,53750524,52.371
"Congo, Dem. Rep.",COD,2003,49.48076722,50.51923278,45.81960635,3.002635324,44.155,13.814,6.549,-106731,5.577822311,161.4915535,2.921243324,84,42,55343867,52.952
"Congo, Dem. Rep.",COD,2004,49.48676124,50.51323876,45.86852661,3.019934597,43.781,13.411,6.53,4260,6.738373933,180.664765,2.944578643,81.3,54,56997741,53.534
"Congo, Dem. Rep.",COD,2005,49.49521166,50.50478834,45.87726179,3.036062958,43.728,13.098,6.526,20384,6.135151155,214.5397405,3.071727704,78.6,61,58775724,54.001
"Congo, Dem. Rep.",COD,2006,49.50408644,50.49591356,45.90198291,3.051455594,43.973,12.803,6.547,-29715,5.108944332,255.4452296,3.082845436,75.9,62,60615908,54.498
"Congo, Dem. Rep.",COD,2007,49.51341399,50.48658601,45.96601043,3.06698935,43.961,12.53,6.559,-99742,8.529929742,294.1016151,3.025315849,73.3,65,62477752,54.954
"Congo, Dem. Rep.",COD,2008,49.52255811,50.47744189,46.03934078,3.082870081,44.011,12.264,6.58,-82339,7.401723375,352.9003634,3.015812829,70.7,68,64390664,55.388
"Congo, Dem. Rep.",COD,2009,49.53033142,50.46966858,46.08844745,3.098581034,44.032,12.006,6.591,-46009,0.565481558,280.178991,3.090977192,68.3,71,66412044,55.798
"Congo, Dem. Rep.",COD,2010,49.53804336,50.46195664,46.06189523,3.113791451,43.92,11.654,6.587,8823,7.843007822,352.4003988,3.187515928,65.9,60,68563038,56.411
"Congo, Dem. Rep.",COD,2011,49.54704217,50.45295783,45.98559014,3.127551917,43.981,11.367,6.582,40891,7.593317213,372.5142739,3.280165646,63.8,70,70849311,56.911
"Congo, Dem. Rep.",COD,2012,49.55543895,50.44456105,45.95336811,3.138285404,43.95,11.113,6.559,53668,8.668593605,409.9314248,3.338604896,61.8,71,73254618,57.35
"Congo, Dem. Rep.",COD,2013,49.56305629,50.43694371,45.95602327,3.141702081,43.69,10.844,6.527,121097,9.624488792,460.3703349,3.401708493,59.9,71,75789395,57.795
"Congo, Dem. Rep.",COD,2014,49.57053562,50.42946438,45.96891988,3.136601162,43.505,10.595,6.483,36966,7.302277509,489.1759521,3.390690333,58,73,78403242,58.236
"Congo, Dem. Rep.",COD,2015,49.57747115,50.42252885,45.98963879,3.126979571,43.236,10.349,6.437,-17711,6.359737562,495.826633,3.302243427,56.2,70,81035531,58.658
"Congo, Dem. Rep.",COD,2016,49.5852866,50.4147134,45.9157445,3.115308699,42.875,10.076,6.392,440748,0.393832798,459.7650366,3.541008232,54.5,70,83956415,59.081
"Congo, Dem. Rep.",COD,2017,49.59315896,50.40684104,45.82263487,3.104224298,42.976,9.867,6.349,176290,4.241210473,431.0525591,3.656846206,52.9,71,87083398,59.495
"Congo, Dem. Rep.",COD,2018,49.59866967,50.40133033,45.86749458,3.096875045,42.887,9.647,6.302,-124246,6.071688706,518.1696269,3.347265084,51.3,71,90047644,59.926
"Congo, Dem. Rep.",COD,2019,49.60297885,50.39702115,45.97770803,3.093294918,42.549,9.46,6.253,-144920,0.555384295,504.0041914,3.169528558,49.8,73,92947442,60.242
"Congo, Dem. Rep.",COD,2020,49.60579226,50.39420774,46.05259238,3.086076218,42.19,9.31,6.206,-1633,0.775427992,486.4255727,3.220980492,48.4,70,95989998,60.428
"Congo, Dem. Rep.",COD,2021,49.607317,50.392683,46.09430992,3.073628166,41.937,9.38,6.156,-64639,6.429610056,595.7430744,3.237908481,47.1,65,99148932,60.044
"Congo, Dem. Rep.",COD,2022,49.60918472,50.39081528,46.11211584,3.066046838,41.623,8.93,6.106,-14991,9.311169441,687.7385876,3.223401944,45.8,65,102396968,60.979
"Congo, Dem. Rep.",COD,2023,49.61150956,50.38849044,46.08828835,3.068356403,41.305,8.525,6.051,-14992,8.533489832,660.2120524,3.259635143,44.5,60,105789731,61.895
"Congo, Dem. Rep.",COD,2024,49.61446339,50.38553661,46.03297087,3.075577771,,,,-26968,6.126755518,649.3833386,3.242576276,,65,109276265,
"Congo, Rep.",COG,2000,49.73643008,50.26356992,42.45315215,3.126870729,36.164,11.257,4.724,79780,7.575980395,1024.301591,3.831866102,73.3,33,3151345,55.371
"Congo, Rep.",COG,2001,49.77129365,50.22870635,41.90890097,3.091591769,37.087,11.151,4.67,-764,3.802601899,854.5983144,3.773617925,71.5,31,3272537,55.885
"Congo, Rep.",COG,2002,49.80006094,50.19993906,41.87942743,3.073546816,37.316,10.905,4.697,-16140,4.581870061,905.5381355,2.362494353,68.6,41,3350771,56.414
"Congo, Rep.",COG,2003,49.82883272,50.17116728,41.73821248,3.054789919,36.955,10.451,4.696,26280,0.813264076,1016.823634,2.795198962,64.8,50,3445753,57.131
"Congo, Rep.",COG,2004,49.85847922,50.14152078,41.442536,3.023429178,37.113,10.027,4.69,25412,3.476631621,1306.101363,3.417698328,60.6,67,3565554,57.957
"Congo, Rep.",COG,2005,49.88598344,50.11401656,41.14782979,2.984084755,37.033,9.616,4.669,38337,7.755758978,1799.051584,3.603803778,56.3,63,3696393,58.73
"Congo, Rep.",COG,2006,49.91043433,50.08956567,40.8670147,2.941242385,37.097,9.246,4.651,35475,7.986238363,2103.582138,3.743991998,52.1,74,3837409,59.474
"Congo, Rep.",COG,2007,49.93083662,50.06916338,40.67144756,2.897086496,37.217,8.964,4.649,31239,-6.613994804,2206.471019,3.659245438,48.4,73,3980430,60.05
"Congo, Rep.",COG,2008,49.94661504,50.05338496,40.66606013,2.850759721,38,8.655,4.726,1774,6.306375956,2832.091778,3.288852669,45.3,80,4113517,60.79
"Congo, Rep.",COG,2009,49.95983621,50.04016379,40.5268336,2.799915164,38.009,8.367,4.808,86014,11.63728886,2271.152192,3.995940177,42.9,80,4281219,61.215
"Congo, Rep.",COG,2010,49.97118072,50.02881928,40.42844593,2.752700967,38.911,8.23,4.851,12318,9.931265431,2946.557981,4.142430505,41,76,4462290,61.731
"Congo, Rep.",COG,2011,49.97942394,50.02057606,40.63962398,2.716485846,38.403,7.952,4.826,5262,2.205919363,3396.165058,3.250589819,39.5,83,4609724,62.286
"Congo, Rep.",COG,2012,49.9855499,50.0144501,40.95534179,2.692497548,37.82,7.767,4.785,-26643,9.947153143,3732.327373,2.796408254,38.3,85,4740450,62.662
"Congo, Rep.",COG,2013,49.99031315,50.00968685,41.33424087,2.67643299,36.824,7.572,4.731,-24605,-0.712434452,3697.417059,2.43092782,37.2,85,4857099,62.969
"Congo, Rep.",COG,2014,49.99406135,50.00593865,41.65558655,2.664634195,35.819,7.347,4.665,-21598,6.646065409,3601.236581,2.416089328,36.1,90,4975880,63.349
"Congo, Rep.",COG,2015,49.99744977,50.00255023,41.90679284,2.661095788,34.932,7.166,4.607,-18207,0.415193061,2439.351894,2.416387409,35,80,5097581,63.662
"Congo, Rep.",COG,2016,49.99998085,50.00001915,42.05310409,2.667851404,34.093,7.026,4.546,-14783,-8.685243439,2093.107286,2.421699419,33.9,71,5222536,63.911
"Congo, Rep.",COG,2017,50.0019529,49.9980471,42.08799982,2.682016539,33.413,6.881,4.496,-11601,-5.594773719,2211.633099,2.430240734,32.9,69,5351011,64.203
"Congo, Rep.",COG,2018,50.00330104,49.99669896,42.05132919,2.701473869,32.784,6.758,4.442,-8856,-2.304317801,2694.434132,2.438840224,32,75,5483118,64.472
"Congo, Rep.",COG,2019,50.00411276,49.99588724,41.9421254,2.727750527,32.183,7.344,4.38,-6268,1.12447392,2488.424667,2.406344197,33,79,5616661,63.152
"Congo, Rep.",COG,2020,50.00215548,49.99784452,41.76619156,2.759174004,31.741,6.798,4.329,-4472,-6.26777228,1993.586672,2.394776912,30.2,73,5752791,64.391
"Congo, Rep.",COG,2021,49.99960117,50.00039883,41.5436435,2.797562465,31.377,6.897,4.28,-4476,1.01507037,2516.162551,2.394142883,29.3,77,5892183,64.192
"Congo, Rep.",COG,2022,49.99854186,50.00145814,41.25642242,2.849859754,30.941,6.571,4.215,-995,1.475356132,2620.838043,2.396653003,28.5,78,6035104,65
"Congo, Rep.",COG,2023,49.99655501,50.00344499,40.8836975,2.914610251,30.627,6.288,4.157,-995,1.906864263,2477.978455,2.419190381,27.6,78,6182885,65.772
"Congo, Rep.",COG,2024,49.9939128,50.0060872,40.44579621,2.985593943,,,,-2491,2.579669439,2482.248995,2.398290828,,78,6332961,
Costa Rica,CRI,2000,49.66530286,50.33469714,31.12100624,5.569668279,20.237,3.916,2.413,8826,3.86871809,3812.753883,1.939536481,11.2,88,3937739,77.317
Costa Rica,CRI,2001,49.64418337,50.35581663,30.46302433,5.702968884,19.408,3.893,2.312,7119,3.491169894,3985.129845,1.79219126,10.8,91,4008947,77.609
Costa Rica,CRI,2002,49.62856733,50.37143267,29.77529041,5.853232754,18.188,3.862,2.162,5812,3.41687639,4067.718514,1.651512455,10.4,94,4075705,77.939
Costa Rica,CRI,2003,49.61585335,50.38414665,29.06809958,6.016778598,17.572,3.862,2.084,5216,4.317179866,4173.148564,1.535828702,10.1,88,4138784,78.214
Costa Rica,CRI,2004,49.60304299,50.39695701,28.36994079,6.187552492,17.136,3.858,2.028,4856,4.424599597,4431.011721,1.470107166,9.9,90,4200078,78.512
Costa Rica,CRI,2005,49.5907411,50.4092589,27.70641879,6.363757967,17.253,3.844,2.038,4567,3.976666368,4703.007218,1.445710119,9.7,91,4261240,78.877
Costa Rica,CRI,2006,49.57842928,50.42157072,27.06744055,6.548270507,16.429,3.892,1.937,4321,7.326695433,5256.596409,1.400534161,9.6,89,4321340,79.049
Costa Rica,CRI,2007,49.56532142,50.43467858,26.45530875,6.741114515,16.604,3.992,1.954,4080,8.215131983,6137.711999,1.353980445,9.5,89,4380248,79.098
Costa Rica,CRI,2008,49.55302366,50.44697634,25.89939473,6.939147495,16.806,4.083,1.98,3794,4.738174878,6937.242616,1.356164519,9.4,90,4440056,79.18
Costa Rica,CRI,2009,49.54205651,50.45794349,25.38028988,7.146343019,16.525,4.134,1.953,3432,-0.873455943,6832.698299,1.336396228,9.3,86,4499791,79.372
Costa Rica,CRI,2010,49.53265633,50.46734367,24.85076697,7.370133904,15.407,4.256,1.827,2357,5.360343526,8265.788203,1.240575365,9,88,4555962,79.354
Costa Rica,CRI,2011,49.52607838,50.47392162,24.34143493,7.612683583,15.759,4.287,1.877,1695,4.40315924,9276.391075,1.175492586,8.8,85,4609833,79.624
Costa Rica,CRI,2012,49.5239641,50.4760359,23.88296274,7.871574498,15.461,4.304,1.851,1587,4.88259241,10126.9991,1.166766725,8.5,91,4663934,79.925
Costa Rica,CRI,2013,49.52333961,50.47666039,23.42347471,8.152661484,14.77,4.332,1.779,1579,2.494766112,10803.2402,1.113285467,8.2,95,4716147,80.189
Costa Rica,CRI,2014,49.52162931,50.47837069,22.96425787,8.451278435,14.848,4.452,1.8,1589,3.542109878,10911.49788,1.074998653,8,91,4767119,80.231
Costa Rica,CRI,2015,49.51732437,50.48267563,22.52978053,8.758969029,14.704,4.518,1.797,1617,3.652080968,11714.7106,1.062465205,7.8,92,4818038,80.407
Costa Rica,CRI,2016,49.51143385,50.48856615,22.12060927,9.074876246,14.184,4.822,1.746,1649,4.204323252,12091.03016,1.011052867,7.7,97,4866998,79.988
Costa Rica,CRI,2017,49.50648023,50.49351977,21.7587215,9.400027721,13.812,4.964,1.714,1671,4.157698963,12317.09028,0.944345948,7.7,96,4913177,79.994
Costa Rica,CRI,2018,49.49907399,50.50092601,21.44680382,9.742219259,13.622,5.056,1.706,1673,2.615904404,12590.24938,0.904494518,7.8,94,4957818,80.09
Costa Rica,CRI,2019,49.49038444,50.50961556,21.12931685,10.10547242,12.661,5.124,1.6,1653,2.417511818,12884.686,0.838278385,7.9,95,4999553,80.296
Costa Rica,CRI,2020,49.4766324,50.5233676,20.7362762,10.48509034,11.366,5.573,1.448,1029,-4.273354322,12394.0494,0.692995399,8.2,97,5034320,79.725
Costa Rica,CRI,2021,49.4536646,50.5463354,20.29717465,10.86537269,10.543,6.567,1.353,1018,7.935762247,12838.11854,0.508564932,8.5,93,5059988,78.05
Costa Rica,CRI,2022,49.4324215,50.5675785,19.83963444,11.26206262,10.319,6.106,1.335,1006,4.55149178,13625.90085,0.429453044,8.8,95,5081765,79.316
Costa Rica,CRI,2023,49.41965812,50.58034188,19.33098757,11.71884265,10.179,5.457,1.33,995,5.111921832,16942.02681,0.466464449,9.2,99,5105525,80.799
Costa Rica,CRI,2024,49.41076939,50.58923061,18.79927718,12.225156,,,,967,4.321224296,18587.15322,0.476482849,,99,5129910,
Croatia,HRV,2000,48.06025281,51.93974719,16.91640828,15.91673294,9.8,11.2,1.39,-47629,2.945253151,4953.651588,-0.986434859,7.2,93,4468302,72.80780488
Croatia,HRV,2001,48.06527393,51.93472607,16.73234212,16.31378392,9.2,11.2,1.46,19298,3.11123491,5364.838247,-3.847670727,6.9,94,4299642,74.51292683
Croatia,HRV,2002,48.05631126,51.94368874,16.51218252,16.66296815,9,11.4,1.42,10306,5.803328259,6219.581641,0.058871291,6.6,95,4302174,74.71731707
Croatia,HRV,2003,48.04260167,51.95739833,16.26465222,16.97640599,8.9,11.8,1.41,12556,5.568372828,8190.111352,0.028469923,6.6,94,4303399,74.61390244
Croatia,HRV,2004,48.04568665,51.95431335,16.02500246,17.24017243,9.1,11.2,1.43,15445,4.170484899,9718.973228,0.027904279,6.1,96,4304600,75.5202439
Croatia,HRV,2005,48.0546924,51.9453076,15.84406713,17.47211254,9.563,11.656,1.5,10629,4.327076425,10443.52784,0.128732789,5.8,96,4310145,75.24463415
Croatia,HRV,2006,48.07266324,51.92733676,15.67402336,17.64971732,9.33,11.341,1.47,10852,5.069077708,11501.20997,0.023523124,5.5,96,4311159,75.83682927
Croatia,HRV,2007,48.09923831,51.90076169,15.53131526,17.80905012,9.4,11.798,1.48,8893,5.049276352,13755.83211,-0.02185266,5.3,96,4310217,75.70560976
Croatia,HRV,2008,48.11572531,51.88427469,15.43842514,17.93000583,9.9,11.8,1.47,6495,1.972870067,15888.06069,-0.011879458,5,96,4309705,75.91219512
Croatia,HRV,2009,48.13138988,51.86861012,15.3658465,17.94454302,10.1,11.8,1.5,1358,-6.812312176,14474.65198,-0.105027517,4.8,96,4305181,76.16829268
Croatia,HRV,2010,48.14257599,51.85742401,15.29354215,17.87755146,9.8,11.8,1.46,-3995,-1.336046724,13729.7655,-0.226821271,4.7,97,4295427,76.47560976
Croatia,HRV,2011,48.13299963,51.86700037,15.14176944,17.94820343,9.6,11.9,1.41,-17463,-0.110906722,14691.5583,-0.345264228,4.5,96,4280622,76.77560976
Croatia,HRV,2012,48.12852631,51.87147369,14.9562134,18.20046856,9.8,12.1,1.52,-4794,-2.237433601,13507.78053,-0.474278461,4.4,96,4260368,77.16829268
Croatia,HRV,2013,48.13977849,51.86022151,14.80962121,18.47659254,9.4,11.8,1.46,-6245,-0.133645737,14134.9475,-0.622679128,4.3,96,4233922,77.57073171
Croatia,HRV,2014,48.15003183,51.84996817,14.70059455,18.81223962,9.3,12,1.46,-13127,-0.557692914,14186.72955,-0.766382113,4.2,95,4201598,77.72439024
Croatia,HRV,2015,48.15693085,51.84306915,14.62261473,19.23112363,8.9,12.9,1.41,-27501,2.319986927,12283.78406,-1.194101859,4.2,94,4151725,77.27560976
Croatia,HRV,2016,48.16033969,51.83966031,14.57830864,19.65811935,9,12.3,1.43,-32144,3.466461143,12820.16539,-1.086345981,4.1,93,4106867,77.92195122
Croatia,HRV,2017,48.16326731,51.83673269,14.5707982,20.13544322,8.9,13,1.42,-44557,3.283963216,13901.78781,-1.606755205,4.1,92,4041407,77.72682927
Croatia,HRV,2018,48.16346772,51.83653228,14.5666392,20.6682803,9,12.9,1.47,-25016,2.911075934,15460.36696,-1.310873245,4,93,3988775,77.9195122
Croatia,HRV,2019,48.1666614,51.8333386,14.53499449,21.18221639,8.9,12.7,1.47,-13239,3.101526839,15563.59873,-0.992302961,4,94,3949390,78.22439024
Croatia,HRV,2020,48.17628311,51.82371689,14.45177212,21.66617602,8.9,14.1,1.48,-8552,-8.310864015,14807.56085,-0.894863744,4,94,3914206,77.52439024
Croatia,HRV,2021,48.18516999,51.81483001,14.38004031,22.10066733,9.4,16.2,1.62,-4517,12.63221904,17788.78658,-0.904000889,3.9,92,3878981,76.42439024
Croatia,HRV,2022,48.20035797,51.79964203,14.30092497,22.48470512,8.8,14.8,1.53,11681,7.294453436,18465.54144,-0.603521952,3.9,92,3855641,77.57560976
Croatia,HRV,2023,48.22089089,51.77910911,14.13855692,22.81536546,8.3,13.3,1.46,10202,3.761645407,22184.22793,0.104856226,3.9,93,3859686,78.47317073
Croatia,HRV,2024,48.23856064,51.76143936,13.92320644,23.18777135,,,,-5186,3.826887029,24050.43979,0.168627949,,92,3866200,
Cuba,CUB,2000,50.21941004,49.78058996,21.26123802,9.818672668,12.857,7.354,1.608,-24980,5.914760174,2751.381771,0.332523063,6.8,95,11109109,75.922
Cuba,CUB,2001,50.15544504,49.84455496,20.94737392,10.06562916,12.424,7.28,1.595,-23442,3.185029904,2842.967043,0.314767893,6.5,98,11144132,76.429
Cuba,CUB,2002,50.09711992,49.90288008,20.61064997,10.34178466,12.534,7.326,1.645,-25535,1.424821261,3005.211042,0.298241159,6.3,99,11177418,76.766
Cuba,CUB,2003,50.04791521,49.95208479,20.23521633,10.60702402,12.114,7.103,1.627,-24916,3.792740223,3202.781099,0.285570249,6,72,11209383,77.405
Cuba,CUB,2004,50.00273162,49.99726838,19.80927426,10.86793325,11.262,7.324,1.546,-16776,5.77053807,3399.219629,0.261696676,5.8,88,11238756,77.326
Cuba,CUB,2005,49.95524994,50.04475006,19.35185394,11.15486328,10.619,7.364,1.486,-16561,11.20165642,3786.337992,0.211525541,5.6,89,11262554,77.54
Cuba,CUB,2006,49.9065394,50.0934606,18.9054613,11.44564188,9.874,7.701,1.402,-12619,12.06586311,4329.98266,0.141927411,5.4,89,11278550,77.406
Cuba,CUB,2007,49.85832273,50.14167727,18.51121695,11.74149911,10.021,7.84,1.436,-19050,7.262136966,4807.43889,0.07730275,5.2,93,11287272,77.55
Cuba,CUB,2008,49.81118093,50.18881907,18.18790629,12.04931135,10.911,8.002,1.576,-29427,4.116828042,4986.124365,0.03977141,5.1,95,11291762,77.589
Cuba,CUB,2009,49.76462453,50.23537547,17.93490755,12.34707511,11.536,8.212,1.678,-35063,1.451305431,5089.235198,0.026183805,5,96,11294719,77.584
Cuba,CUB,2010,49.71858592,50.28141408,17.72168291,12.6387608,11.428,8.151,1.673,-34121,2.390352297,5272.267558,0.023813605,4.9,96,11297409,77.876
Cuba,CUB,2011,49.67258977,50.32741023,17.51721951,12.94094865,11.771,8.165,1.734,-35313,2.802300836,6104.461052,0.036833521,4.8,97,11301571,78.051
Cuba,CUB,2012,49.64544918,50.35455082,17.31606751,13.27133689,11.241,8.245,1.668,-36101,3.014900289,6470.836734,0.01419171,4.8,99,11303175,78.162
Cuba,CUB,2013,49.63648974,50.36351026,17.11326195,13.61157905,11.156,8.516,1.678,-37619,2.747602563,6828.364282,-0.044315953,4.7,99,11298167,78.028
Cuba,CUB,2014,49.62510332,50.37489668,16.90338426,13.91906121,10.873,8.884,1.655,-39426,1.047576632,7146.704591,-0.109741703,4.8,99,11285775,77.825
Cuba,CUB,2015,49.61087582,50.38912418,16.6972792,14.20212275,10.938,9.123,1.685,-24910,4.438333589,7727.919972,-0.094943281,4.8,99,11275065,77.745
Cuba,CUB,2016,49.59197515,50.40802485,16.48821209,14.47651046,10.299,9.44,1.6,-24146,0.512843096,8110.558743,-0.083875037,4.9,99,11265612,77.571
Cuba,CUB,2017,49.56727205,50.43272795,16.27564306,14.75460731,10.115,9.91,1.585,-23394,1.809791784,8610.608296,-0.157976772,5,99,11247829,77.3
Cuba,CUB,2018,49.54031387,50.45968613,16.09514196,15.06050418,10.172,9.866,1.607,-23779,2.247948529,8911.46206,-0.184303045,5.2,99,11227118,77.426
Cuba,CUB,2019,49.51248102,50.48751898,15.95155749,15.36970537,9.668,10.047,1.54,-23955,-0.163087224,9232.261159,-0.216424863,5.4,99,11202846,77.413
Cuba,CUB,2020,49.48212534,50.51787466,15.83547282,15.63955025,9.257,10.403,1.489,-11976,-10.9494359,9605.279146,-0.236755669,5.7,99,11176354,77.407
Cuba,CUB,2021,49.4298144,50.5701856,15.76594978,15.74457805,8.814,15.253,1.427,-11976,1.254487357,,-0.486006262,6,99,11122168,73.201
Cuba,CUB,2022,49.3800532,50.6199468,15.67700017,15.87587773,8.662,10.286,1.412,-23149,1.774652277,,-0.562151275,6.3,99,11059820,77.629
Cuba,CUB,2023,49.35548145,50.64451855,15.51397715,16.19552864,8.706,10.147,1.439,-22797,-1.929371232,,-0.361317874,6.6,99,11019931,78.085
Cuba,CUB,2024,49.33503695,50.66496305,15.2939498,16.56907974,,,,-22356,-1.061732732,,-0.364986968,,99,10979783,
Cyprus,CYP,2000,50.82750674,49.17249326,22.28067574,9.944690458,12.493,6.616,1.638,10753,5.965304455,14388.35254,1.749258639,5.8,97,947667,77.9
Cyprus,CYP,2001,50.80959251,49.19040749,21.73800754,10.02896921,12.045,6.539,1.566,11283,3.952562582,14821.44922,1.721985395,5.4,97,964127,78.185
Cyprus,CYP,2002,50.78588604,49.21411396,21.33136004,10.0892566,11.611,6.287,1.497,12814,3.722974911,16093.21582,1.779785225,5,98,981440,78.758
Cyprus,CYP,2003,50.76071189,49.23928811,20.9626947,10.14265849,11.751,6.265,1.505,12786,2.623299623,20252.24609,1.832431398,4.6,98,999590,78.908
Cyprus,CYP,2004,50.73879333,49.26120667,20.48610071,10.22512085,11.894,6.289,1.512,12583,5.026272267,23792.61914,1.812720488,4.3,98,1017875,79.007
Cyprus,CYP,2005,50.71924845,49.28075155,19.92145936,10.33651932,11.702,6.253,1.479,12616,4.852987622,24959.26172,1.779576531,3.9,98,1036151,79.198
Cyprus,CYP,2006,50.70057605,49.29942395,19.30031543,10.47966746,12.023,6.175,1.509,12110,4.713783586,26729.28125,1.747606983,3.6,97,1054418,79.456
Cyprus,CYP,2007,50.68191522,49.31808478,18.66327775,10.65592071,11.633,6.055,1.449,12332,5.098226149,31244.87891,1.720292977,3.3,97,1072714,79.798
Cyprus,CYP,2008,50.66354911,49.33645089,18.04896581,10.85844386,11.987,6.095,1.479,11887,3.646989221,35397.29688,1.69266522,3.1,97,1091026,79.906
Cyprus,CYP,2009,50.64658203,49.35341797,17.48486304,11.07929629,12.07,5.923,1.475,11555,-2.015082037,32236.44922,1.667465013,2.9,99,1109371,80.375
Cyprus,CYP,2010,50.63343666,49.36656334,16.98671725,11.31828626,11.844,5.883,1.434,11793,2.282671001,31105.02734,1.648983116,2.8,99,1127816,80.632
Cyprus,CYP,2011,50.61295621,49.38704379,16.62200145,11.55249598,11.344,5.874,1.36,12566,0.416711868,32485.79883,1.642469856,2.6,99,1146493,80.855
Cyprus,CYP,2012,50.58375007,49.41624993,16.39655843,11.77838968,11.609,5.838,1.382,12237,-3.447381514,28991.93555,1.635408374,2.5,99,1165397,81.128
Cyprus,CYP,2013,50.55710177,49.44289823,16.21702094,12.01745087,11.027,5.861,1.304,11914,-6.587477511,27764.73047,1.57480486,2.5,99,1183895,81.317
Cyprus,CYP,2014,50.53382382,49.46617618,16.07130302,12.26106163,11.141,5.988,1.312,11599,-1.776058677,26993.10352,1.501141491,2.4,99,1201801,81.337
Cyprus,CYP,2015,50.51242228,49.48757772,15.98038215,12.49990262,11.242,6.043,1.323,11277,3.418920389,23088.44141,1.462131369,2.4,97,1219502,81.464
Cyprus,CYP,2016,50.49134558,49.50865442,15.94289121,12.73065303,11.505,6.135,1.357,10951,6.573590809,24280.05664,1.433705226,2.4,97,1237112,81.534
Cyprus,CYP,2017,50.47082976,49.52917024,15.9324646,12.95034464,11.158,6.309,1.323,10632,5.750832366,26247.44922,1.377808547,2.4,97,1254275,81.543
Cyprus,CYP,2018,50.45465742,49.54534258,15.92480744,13.16648796,11.029,6.382,1.319,10311,6.271663601,29120.375,1.30393307,2.5,99,1270737,81.556
Cyprus,CYP,2019,50.44249851,49.55750149,15.92838576,13.38255336,11.014,6.6,1.33,9983,5.875595834,29227.17383,1.246121557,2.6,96,1286671,81.454
Cyprus,CYP,2020,50.42457351,49.57542649,15.94919553,13.61127589,11.142,6.668,1.361,9653,-3.220630186,28130.3418,1.203297126,2.6,96,1302247,81.23
Cyprus,CYP,2021,50.40142472,49.59857528,15.98945881,13.85142508,11.236,7.209,1.392,9341,11.39755908,32937.83984,1.149978545,2.7,96,1317309,80.573
Cyprus,CYP,2022,50.38603122,49.61396878,16.03325897,14.07794227,11.048,7.693,1.393,9014,8.273725973,33231.04297,1.061746787,2.8,96,1331370,80.434
Cyprus,CYP,2023,50.38019294,49.61980706,16.05389838,14.32327206,10.799,7.063,1.389,8697,3.619456446,36623.69141,1.016768177,2.9,95,1344976,81.648
Cyprus,CYP,2024,50.3760262,49.6239738,16.07217794,14.61618427,,,,8138,3.940773817,38674.29297,0.984449687,,94,1358282,
Czechia,CZE,2000,48.68386657,51.31613343,16.46140729,13.76099415,8.9,10.6,1.15,4420,4.01066962,6062.921528,-0.280414108,4.5,98,10255063,74.96829268
Czechia,CZE,2001,48.710943,51.289057,16.06219488,13.80319912,8.9,10.5,1.15,21749,2.917219529,6669.074948,-0.375719704,4.2,98,10216605,75.17317073
Czechia,CZE,2002,48.74915376,51.25084624,15.69320789,13.82991284,9.1,10.6,1.17,26089,1.513459491,8101.260186,-0.192901618,4.1,98,10196916,75.22195122
Czechia,CZE,2003,48.78752008,51.21247992,15.33782805,13.85682695,9.2,10.9,1.18,25997,3.300836833,9852.456779,-0.028620591,3.9,97,10193998,75.17073171
Czechia,CZE,2004,48.82508807,51.17491193,15.00642283,13.92149325,9.6,10.5,1.23,26030,4.736339697,11782.55467,0.030434848,3.7,98,10197101,75.72195122
Czechia,CZE,2005,48.86437001,51.13562999,14.70956778,14.05758329,10,10.6,1.29,26203,6.375028861,13442.49163,0.13832598,3.5,97,10211216,75.92439024
Czechia,CZE,2006,48.90578837,51.09421163,14.4460839,14.25267976,10.3,10.2,1.34,26259,6.623172992,15259.07882,0.270795629,3.3,98,10238905,76.52439024
Czechia,CZE,2007,48.94518939,51.05481061,14.27670482,14.48230493,11.1,10.2,1.45,27887,5.488825952,18452.65328,0.583542205,3.2,99,10298828,76.72439024
Czechia,CZE,2008,48.98358998,51.01641002,14.20868606,14.78187284,11.5,10.1,1.51,29813,2.612268072,22774.70451,0.829412603,3,99,10384603,76.97560976
Czechia,CZE,2009,49.0225971,50.9774029,14.24193175,15.13578683,11.3,10.3,1.51,31270,-4.798324167,19817.42158,0.569729451,2.8,99,10443936,77.07804878
Czechia,CZE,2010,49.06117955,50.93882045,14.40264609,15.45900241,11.2,10.2,1.51,34927,2.714665099,20160.43551,0.291361674,2.7,99,10474410,77.42439024
Czechia,CZE,2011,49.08902967,50.91097033,14.59190982,15.8988257,10.4,10.2,1.43,16841,1.772380853,22049.10808,0.206747667,2.6,99,10496088,77.87317073
Czechia,CZE,2012,49.11021682,50.88978318,14.75947993,16.50004973,10.3,10.3,1.45,5347,-0.770668191,20014.0354,0.139925656,2.6,99,10510785,78.07560976
Czechia,CZE,2013,49.13542869,50.86457131,14.92607977,17.08215909,10.2,10.4,1.46,5427,-0.041812416,20260.4955,0.033169946,2.5,98,10514272,78.17560976
Czechia,CZE,2014,49.15996861,50.84003139,15.09642919,17.60549396,10.4,10,1.53,6303,2.245212199,20038.41632,0.105277582,2.5,97,10525347,78.82439024
Czechia,CZE,2015,49.18597391,50.81402609,15.2736021,18.09687977,10.5,10.5,1.57,5037,4.958758489,17931.59877,0.196588748,2.6,97,10546059,78.57804878
Czechia,CZE,2016,49.21176975,50.78823025,15.44468792,18.59515922,10.7,10.2,1.63,5465,2.580870139,18753.96867,0.192048416,2.6,96,10566332,79.02682927
Czechia,CZE,2017,49.2359986,50.7640014,15.61393775,19.085882,10.8,10.5,1.69,5747,5.1735653,20913.19763,0.265642664,2.6,96,10594438,78.97804878
Czechia,CZE,2018,49.25924764,50.74075236,15.77685505,19.53157934,10.7,10.6,1.71,5849,2.830305883,23705.93298,0.334427262,2.5,97,10629928,79.02926829
Czechia,CZE,2019,49.28011938,50.71988062,15.91136323,19.94858774,10.5,10.5,1.71,5553,3.565776581,24062.719,0.393788864,2.4,97,10671870,79.22926829
Czechia,CZE,2020,49.29451574,50.70548426,16.00281779,20.29397364,10.3,12.1,1.74,4336,-5.304879555,23472.89155,0.243222682,2.4,97,10697858,78.22682927
Czechia,CZE,2021,49.29571045,50.70428955,16.06891576,20.53715417,10.6,13.3,1.83,4111,4.029018321,27696.46195,-1.81187141,2.3,94,10505772,77.22195122
Czechia,CZE,2022,49.30176608,50.69823392,15.9477001,20.51831065,9.5,11.3,1.64,329739,2.847170658,28282.22367,1.570972567,2.2,94,10672118,78.92926829
Czechia,CZE,2023,49.30936675,50.69063325,15.67363564,20.54590056,8.4,10.4,1.45,-14638,0.047580331,31761.59441,1.78238907,2.1,90,10864042,79.87804878
Czechia,CZE,2024,49.31182498,50.68817502,15.39729611,20.84538368,,,,-86169,1.23308612,31823.30783,0.376553049,,86,10905028,
Denmark,DNK,2000,49.42706068,50.57293932,18.49962877,14.81790455,12.6,10.9,1.77,10441,3.724008995,30722.02518,0.334233619,4.7,97,5339616,76.59268293
Denmark,DNK,2001,49.43720903,50.56279097,18.65786698,14.80389929,12.2,10.9,1.74,12192,0.950032246,30768.47755,0.358315679,4.6,97,5358783,76.79268293
Denmark,DNK,2002,49.44767994,50.55232006,18.77083698,14.81703078,11.9,10.9,1.72,9629,0.456530019,33257.16226,0.319487125,4.5,98,5375931,76.89512195
Denmark,DNK,2003,49.46118453,50.53881547,18.8346221,14.86988372,12,10.7,1.76,7228,0.441091007,40519.09749,0.272010444,4.4,96,5390574,77.14390244
Denmark,DNK,2004,49.47100598,50.52899402,18.83308435,14.96297227,12,10.3,1.78,5166,2.776351807,46625.0501,0.258432282,4.2,95,5404523,77.49268293
Denmark,DNK,2005,49.48031711,50.51968289,18.7654631,15.09282728,11.9,10.1,1.8,6887,2.35960883,48925.80767,0.275481733,4.1,93,5419432,77.84390244
Denmark,DNK,2006,49.49652593,50.50347407,18.66710683,15.24815997,12,10.2,1.85,10491,3.816487699,52119.1788,0.328645159,3.9,93,5437272,78.09512195
Denmark,DNK,2007,49.52291514,50.47708486,18.52977521,15.45573491,11.7,10.2,1.84,20560,0.987173816,58631.65664,0.443466054,3.8,87,5461438,78.19512195
Denmark,DNK,2008,49.55430367,50.44569633,18.3659799,15.73578841,11.8,9.9,1.89,25775,-0.41717844,64616.66576,0.58754759,3.7,88,5493621,78.44634146
Denmark,DNK,2009,49.5663001,50.4336999,18.19030474,16.1019309,11.4,9.9,1.84,15551,-4.974479057,58412.74724,0.535079062,3.6,89,5523095,78.59756098
Denmark,DNK,2010,49.56713055,50.43286945,17.99217266,16.55744893,11.4,9.8,1.87,17533,1.582897031,58104.54456,0.444197155,3.5,90,5547683,79.1
Denmark,DNK,2011,49.57368258,50.42631742,17.78454236,17.07635587,10.6,9.4,1.75,13495,1.310803761,61809.7379,0.411737855,3.5,91,5570572,79.8
Denmark,DNK,2012,49.58641196,50.41358804,17.5611349,17.60354433,10.4,9.4,1.73,16871,-0.005432302,58443.77471,0.376272243,3.5,94,5591572,80.05121951
Denmark,DNK,2013,49.60782372,50.39217628,17.32949919,18.05334769,10,9.3,1.67,21359,1.392673432,61377.59406,0.416901361,3.5,94,5614932,80.3
Denmark,DNK,2014,49.64268717,50.35731283,17.10967835,18.41555521,10.1,9.1,1.69,27242,1.277999832,62520.45097,0.507053283,3.5,94,5643475,80.7
Denmark,DNK,2015,49.69517221,50.30482779,16.91569454,18.70393956,10.2,9.2,1.71,42284,2.104414564,53094.01336,0.70642385,3.5,93,5683483,80.70243902
Denmark,DNK,2016,49.73788455,50.26211545,16.77486527,18.94257028,10.8,9.2,1.79,33391,3.073045492,54500.92604,0.780392644,3.5,94,5728010,80.85365854
Denmark,DNK,2017,49.75251372,50.24748628,16.66985247,19.18226841,10.6,9.2,1.75,24561,3.056477239,57521.5515,0.643350904,3.4,98,5764980,81.10243902
Denmark,DNK,2018,49.75555005,50.24444995,16.55202017,19.44038864,10.6,9.5,1.73,18919,1.86000749,61324.7665,0.495838926,3.4,97,5793636,80.95365854
Denmark,DNK,2019,49.75332859,50.24667141,16.42865306,19.71438023,10.5,9.3,1.7,9488,1.711400939,59404.26632,0.358130916,3.3,97,5814422,81.45121951
Denmark,DNK,2020,49.74401229,50.25598771,16.30644959,20.00081454,10.4,9.4,1.68,10851,-1.780106018,60985.48856,0.291641177,3.2,97,5831404,81.60243902
Denmark,DNK,2021,49.75145029,50.24854971,16.17393117,20.24812625,10.8,9.8,1.72,26887,6.500254458,69340.73349,0.433414489,3.2,97,5856733,81.40487805
Denmark,DNK,2022,49.73557083,50.26442917,16.03628621,20.40074008,9.9,10.1,1.55,60219,0.443832615,67781.09409,0.787502465,3.1,97,5903037,81.30487805
Denmark,DNK,2023,49.70542032,50.29457968,15.86695262,20.60018293,9.7,9.8,1.5,31006,0.604587766,68043.5467,0.741185516,3,97,5946952,81.85365854
Denmark,DNK,2024,49.70539931,50.29460069,15.69638332,20.86607047,,,,25639,3.477835931,71026.48323,0.503861198,,96,5976992,
Djibouti,DJI,2000,49.73371443,50.26628557,39.56719926,3.16424657,33.459,10.692,4.601,5632,,737.6121836,3.139834532,80.9,46,747318,56.734
Djibouti,DJI,2001,49.74595268,50.25404732,39.12840831,3.181069164,33.267,10.307,4.518,7629,,742.1337911,3.16034601,79.5,53,771313,57.506
Djibouti,DJI,2002,49.75451686,50.24548314,38.72996101,3.202781891,33.006,10.171,4.41,5022,,743.0132704,3.096960925,78,62,795574,57.824
Djibouti,DJI,2003,49.75741194,50.24258806,38.56965848,3.246820296,32.678,10.133,4.296,-5636,,764.6344652,2.230541555,76.4,68,813519,58.041
Djibouti,DJI,2004,49.75421336,50.24578664,38.54617379,3.307435268,31.601,10.108,4.162,-5249,,806.2616529,1.537560106,74.9,64,826124,58.103
Djibouti,DJI,2005,49.74671311,50.25328689,38.42637997,3.367744442,30.568,9.88,4.035,-3779,,844.4483574,1.566484982,73.3,71,839167,58.548
Djibouti,DJI,2006,49.73824559,50.26175441,38.11722624,3.420101804,29.391,9.641,3.899,2719,,898.4646281,1.958490405,71.6,72,855764,58.962
Djibouti,DJI,2007,49.72939658,50.27060342,37.68915214,3.470445469,28.485,9.449,3.756,1253,,969.5732202,2.168967505,69.9,88,874528,59.362
Djibouti,DJI,2008,49.71984936,50.28015064,37.24039705,3.527648509,27.554,9.233,3.621,2148,,1119.152333,2.060435192,68.1,89,892734,59.815
Djibouti,DJI,2009,49.71147348,50.28852652,36.78914613,3.592433356,26.905,8.997,3.521,2770,,1150.937586,2.083255102,66.6,89,911527,60.351
Djibouti,DJI,2010,49.70427368,50.29572632,36.36435953,3.666696587,26.291,8.85,3.431,2129,,1213.233526,2.033322702,64.9,88,930251,60.743
Djibouti,DJI,2011,49.69759329,50.30240671,35.94088919,3.748428535,25.657,8.612,3.341,2090,,1306.345528,1.948849448,63.3,87,948558,61.337
Djibouti,DJI,2012,49.69097396,50.30902604,35.51775412,3.837351532,25.061,8.484,3.255,2104,,1400.193579,1.899389061,61.6,81,966747,61.719
Djibouti,DJI,2013,49.68354784,50.31645216,35.07193414,3.932985014,24.592,8.359,3.187,2033,,2075.944984,1.85261177,59.9,82,984824,62.116
Djibouti,DJI,2014,49.67493321,50.32506679,34.57768514,4.032391975,24.094,8.28,3.116,1900,7.192987285,2214.620841,1.800564961,58.3,78,1002717,62.427
Djibouti,DJI,2015,49.66500443,50.33499557,34.03367398,4.123685575,23.567,8.162,3.041,1723,7.308985635,2376.125547,1.739612734,56.6,84,1020313,62.833
Djibouti,DJI,2016,49.65508668,50.34491332,33.4449474,4.200151688,23.061,8.007,2.969,1623,7.123432337,2510.430008,1.685198916,55.1,68,1037653,63.335
Djibouti,DJI,2017,49.64520719,50.35479281,32.82382502,4.267232819,22.703,7.921,2.916,1535,5.458091517,2618.955211,1.642861254,53.5,76,1054841,63.71
Djibouti,DJI,2018,49.63526803,50.36473197,32.1897373,4.333779278,22.313,7.83,2.858,1435,4.774339349,2718.083388,1.602593729,52,84,1071882,64.105
Djibouti,DJI,2019,49.62542826,50.37457174,31.57528779,4.405814593,21.913,7.797,2.798,1322,5.545080812,2837.169023,1.557660865,50.4,85,1088709,64.381
Djibouti,DJI,2020,49.61300702,50.38699298,31.00855646,4.475073709,21.578,8.033,2.745,1300,1.202115173,2844.888106,1.502286563,48.8,70,1105188,64.2
Djibouti,DJI,2021,49.59915237,50.40084763,30.49784704,4.541056038,21.308,8.327,2.699,1300,4.407156676,3025.911264,1.442689442,47.3,59,1121248,63.83
Djibouti,DJI,2022,49.58754582,50.41245418,30.02336654,4.62735776,21.032,7.544,2.653,500,5.166537029,3133.257798,1.403529326,45.9,59,1137096,65.54
Djibouti,DJI,2023,49.57764608,50.42235392,29.57460621,4.735748109,20.769,7.456,2.609,500,6.807335294,3381.297797,1.384102724,44.4,72,1152944,65.987
Djibouti,DJI,2024,49.56807521,50.43192479,29.17006782,4.850811399,,,,-11,6.980484673,3552.723351,1.359217296,,77,1168722,
Dominica,DMA,2000,49.5664993,50.4335007,29.96963991,9.869947892,17.923,9.729,2.346,-973,2.340219378,4867.398963,-0.522635324,16.6,99,68511,71.715
Dominica,DMA,2001,49.5885075,50.4114925,29.33165417,10.07717315,18.017,9.876,2.399,-585,-0.063843443,5527.515273,-0.326026064,17,99,68288,71.862
Dominica,DMA,2002,49.64602288,50.35397712,28.67757836,10.15767841,16.187,9.914,2.16,-248,-3.087420524,5488.02785,0.115619639,17.5,98,68367,71.927
Dominica,DMA,2003,49.70451329,50.29548671,28.04351315,10.19976361,15.605,9.956,2.075,-252,5.804954686,5447.440115,0.239594557,18,99,68531,71.942
Dominica,DMA,2004,49.76255681,50.23744319,27.43302889,10.25433728,15.239,10.003,2.023,-254,4.097836623,5778.833065,0.172036782,18.5,99,68649,71.987
Dominica,DMA,2005,49.82323416,50.17676584,26.82204715,10.32159978,15.019,10.088,1.998,-259,0.915286473,5695.224424,0.123741672,19,98,68734,72.016
Dominica,DMA,2006,49.87355754,50.12644246,26.16613256,10.42561386,15.546,10.252,2.074,-316,4.400774798,6055.781096,0.104696825,19.6,95,68806,72.007
Dominica,DMA,2007,49.90921899,50.09078101,25.45698827,10.56755873,15.12,10.486,2.022,-297,5.357937558,6459.035037,0.05957008,20.3,96,68847,71.901
Dominica,DMA,2008,49.93609667,50.06390333,24.7436605,10.72849798,14.668,10.717,1.968,-264,7.121312178,6971.326338,0.010166956,21,96,68854,71.945
Dominica,DMA,2009,49.96151891,50.03848109,24.08442728,10.90627904,14.252,11.064,1.918,-198,-1.135751456,7487.490104,0.01452243,21.7,99,68864,71.835
Dominica,DMA,2010,49.99346491,50.00653509,23.49673606,11.10973954,13.986,11.51,1.887,-206,-0.105610858,7549.619647,-0.007260951,22.5,98,68859,71.68
Dominica,DMA,2011,49.98117415,50.01882585,23.07486224,10.9342756,13.719,11.963,1.861,307,0.042738888,7705.407172,0.28133901,23.3,98,69053,71.517
Dominica,DMA,2012,49.9804679,50.0195321,22.62740985,10.80189532,13.87,11.447,1.827,-461,-0.157391793,7528.51002,0.09408632,24.1,97,69118,71.391
Dominica,DMA,2013,49.88309546,50.11690454,22.45858137,10.15276483,13.294,11.718,1.778,1376,0.004503997,7822.217972,0.860031375,25,97,69715,71.228
Dominica,DMA,2014,49.78401114,50.21598886,22.25427366,9.54556435,13.684,10.027,1.713,-431,2.335217421,8131.748761,0.939416423,25.9,97,70373,71.189
Dominica,DMA,2015,49.80116461,50.19883539,21.68015907,9.641386167,13.106,10.873,1.648,92,-3.373382625,8282.598747,0.052563166,26.8,98,70410,69.968
Dominica,DMA,2016,49.95618257,50.04381743,20.75309059,10.56438695,12.922,10.374,1.581,-2032,1.447245565,8802.56172,-1.148452801,27.8,99,69606,71.189
Dominica,DMA,2017,50.13796225,49.86203775,19.86597855,11.65096027,11.813,13.626,1.54,-234,-7.544363755,8224.648966,-1.607542112,28.8,91,68496,68.62
Dominica,DMA,2018,50.15695133,49.84304867,19.52562908,11.78739851,11.636,12.517,1.517,-231,2.96401061,9215.308541,-0.471208891,29.7,94,68174,71.378
Dominica,DMA,2019,50.16499705,49.83500295,19.19034185,11.96809098,11.512,12.611,1.504,-228,3.948097579,9491.14996,-0.432182012,30.6,99,67880,71.305
Dominica,DMA,2020,50.1679665,49.8320335,18.84628476,12.1853403,11.404,12.706,1.495,-225,-15.70640245,7827.748427,-0.453294539,31.4,96,67573,71.269
Dominica,DMA,2021,50.16293915,49.83706085,18.52549031,12.41108896,11.251,14.31,1.484,-224,5.37983839,8376.404141,-0.550548599,32.1,92,67202,69.832
Dominica,DMA,2022,50.127196,49.872804,18.29289279,12.58557608,11.146,12.908,1.482,-202,10.39680766,9323.660895,-0.561078262,32.7,82,66826,71.081
Dominica,DMA,2023,50.06465193,49.93534807,18.10992249,12.74385247,11.09,12.763,1.484,-199,3.652210122,9912.962128,-0.473991408,33.1,56,66510,71.132
Dominica,DMA,2024,49.99924477,50.00075523,17.87327241,12.95597009,,,,-200,2.052738473,10405.27878,-0.45963235,,90,66205,
Dominican Republic,DOM,2000,50.02615273,49.97384727,35.31922057,4.286688668,25.557,5.557,2.869,-33256,4.651725503,2831.458836,1.620455604,33.6,78,8584190,70.365
Dominican Republic,DOM,2001,50.01516579,49.98483421,34.95859395,4.375660493,25.069,5.552,2.827,-36441,2.469370238,2935.893673,1.572955224,32.9,72,8720283,70.553
Dominican Republic,DOM,2002,50.00444521,49.99555479,34.58373507,4.47022701,24.385,5.549,2.764,-36575,4.48650367,3065.603295,1.501827799,32.3,82,8852235,70.719
Dominican Republic,DOM,2003,49.99464402,50.00535598,34.17181665,4.564785059,23.738,5.558,2.703,-36657,-1.349357448,2383.261718,1.439895274,31.8,79,8980620,70.856
Dominican Republic,DOM,2004,49.98641939,50.01358061,33.71009233,4.650197938,23.103,5.663,2.641,-36851,2.585566674,2451.691616,1.374292925,31.5,79,9104892,70.73
Dominican Republic,DOM,2005,49.98029817,50.01970183,33.21104291,4.725408058,22.464,5.618,2.574,-37063,9.43178932,3878.312067,1.310902406,31.2,87,9225034,71.043
Dominican Republic,DOM,2006,49.97634668,50.02365332,32.69367128,4.794692749,21.86,5.682,2.508,-37170,9.17120651,4055.142703,1.251202819,31,89,9341183,71.054
Dominican Republic,DOM,2007,49.97330699,50.02669301,32.18112373,4.858937369,21.829,5.747,2.51,-37076,7.418405778,4649.645589,1.218038875,30.9,85,9455658,71.097
Dominican Republic,DOM,2008,49.96866229,50.03133771,31.70220189,4.920579789,22.12,5.755,2.546,-36723,3.268086713,5023.585134,1.234692324,30.8,82,9573130,71.331
Dominican Republic,DOM,2009,49.9600011,50.0399989,31.26858317,4.984489851,22.344,5.749,2.574,-36561,1.00345293,4973.95187,1.267740627,30.7,82,9695265,71.587
Dominican Republic,DOM,2010,49.94669647,50.05330353,30.87039691,5.061859896,22.167,5.663,2.556,-36587,8.401145412,5478.624704,1.280132098,30.7,88,9820175,72.039
Dominican Republic,DOM,2011,49.9295318,50.0704682,30.49014081,5.162281714,21.871,5.573,2.527,-36687,3.191962275,5826.510141,1.269341081,30.8,84,9945621,72.496
Dominican Republic,DOM,2012,49.91063423,50.08936577,30.14233481,5.285529061,21.522,5.543,2.497,-36737,2.775671008,6013.81965,1.24691664,30.8,85,10070411,72.817
Dominican Republic,DOM,2013,49.89248892,50.10751108,29.83674688,5.42818415,21.179,5.549,2.474,-36673,4.934733007,6136.594293,1.21814094,30.9,83,10193833,73.038
Dominican Republic,DOM,2014,49.87639023,50.12360977,29.53053055,5.580257529,20.844,5.599,2.451,-36543,7.111226297,6496.45167,1.186740321,31,91,10315528,73.145
Dominican Republic,DOM,2015,49.86319854,50.13680146,29.18986981,5.744229254,20.538,5.755,2.43,-36375,6.987711312,6800.953094,1.149882043,31.2,85,10434829,72.982
Dominican Republic,DOM,2016,49.84930477,50.15069523,28.83850951,5.929267688,20.239,5.876,2.41,-36219,6.719740787,7160.44201,1.111224252,31.3,87,10551430,72.889
Dominican Republic,DOM,2017,49.83515741,50.16484259,28.50922714,6.133047051,20.009,5.8,2.398,-36069,3.933861764,7412.715716,1.087874948,31.3,84,10666843,73.37
Dominican Republic,DOM,2018,49.82305783,50.17694217,28.21309503,6.352801904,19.848,5.857,2.397,-35934,7.097516402,7882.982216,1.074284737,31.2,87,10782053,73.555
Dominican Republic,DOM,2019,49.81089667,50.18910333,27.94399068,6.582826661,19.43,6.132,2.366,-35797,4.894030115,8183.016236,1.033313346,30.9,89,10894043,73.112
Dominican Republic,DOM,2020,49.78918634,50.21081366,27.68258042,6.809970659,18.957,6.474,2.329,-17957,-7.929052342,7135.222733,1.043340765,30.4,82,11008300,72.636
Dominican Republic,DOM,2021,49.76168421,50.23831579,27.4364069,7.02934528,18.571,6.986,2.294,-17957,14.01242891,8527.075486,1.040829618,29.8,84,11123476,71.757
Dominican Republic,DOM,2022,49.74041768,50.25958232,27.19195946,7.287133116,18.255,5.899,2.267,-35153,5.237956529,10104.24493,0.959629735,29.1,88,11230734,74.211
Dominican Republic,DOM,2023,49.72553817,50.27446183,26.91400179,7.580861114,17.931,6.25,2.243,-34915,2.192298482,10630.43174,0.891159204,28.4,90,11331265,73.72
Dominican Republic,DOM,2024,49.71485596,50.28514404,26.57865106,7.879475027,,,,-34806,4.953522045,10875.66184,0.846199989,,87,11427557,
Ecuador,ECU,2000,49.99267094,50.00732906,35.38786175,4.708533564,25.645,5.168,3.102,-40859,1.091801647,1382.234218,1.736220015,24.1,87,12689206,72.09
Ecuador,ECU,2001,49.99192533,50.00807467,35.03072113,4.801153737,25.142,5.052,3.037,-35275,4.206271857,1791.303597,1.730781231,23,89,12910740,72.571
Ecuador,ECU,2002,49.99053923,50.00946077,34.66867761,4.899062844,24.655,4.908,2.972,-28090,4.928095496,2059.158554,1.748519702,21.9,88,13138472,73.164
Ecuador,ECU,2003,49.98827053,50.01172947,34.29244867,5.002757378,24.18,4.817,2.911,-22641,2.884500365,2315.622152,1.764113179,21.1,87,13372306,73.632
Ecuador,ECU,2004,49.9844401,50.0155599,33.89194774,5.111850679,23.73,4.813,2.853,-20940,6.832397366,2586.209147,1.752351565,20.3,88,13608701,73.868
Ecuador,ECU,2005,49.97935168,50.02064832,33.46941436,5.222649236,23.317,4.879,2.8,-16855,5.39862244,2909.02606,1.729878696,19.5,92,13846163,73.909
Ecuador,ECU,2006,49.97375788,50.02624212,33.0298315,5.332695496,22.968,4.923,2.753,-12679,4.341131986,3243.670104,1.718254175,18.8,96,14086131,74.01
Ecuador,ECU,2007,49.96805379,50.03194621,32.58006111,5.445644229,22.604,4.918,2.704,-9644,1.902428597,3478.924888,1.707891732,18.1,96,14328773,74.226
Ecuador,ECU,2008,49.96229898,50.03770102,32.14231843,5.570293106,22.501,4.807,2.688,-8799,6.564920682,4194.757507,1.705197788,17.4,96,14575202,74.709
Ecuador,ECU,2009,49.95675826,50.04324174,31.73419964,5.704944663,22.427,4.83,2.678,-8491,1.09101297,4053.363311,1.705770208,16.7,94,14825954,74.901
Ecuador,ECU,2010,49.95202198,50.04797802,31.33274236,5.842802418,21.887,4.814,2.615,-8330,4.02913788,4520.30959,1.677088053,16,91,15076695,75.188
Ecuador,ECU,2011,49.9487643,50.0512357,30.9274889,5.975469565,21.78,4.935,2.605,-8167,8.481476563,5153.691642,1.641536977,15.3,88,15326227,75.179
Ecuador,ECU,2012,49.94760212,50.05239788,30.51676276,6.107440609,20.944,4.901,2.509,-7883,5.783212336,5634.083932,1.592134406,14.6,87,15572194,75.486
Ecuador,ECU,2013,49.94843466,50.05156534,30.06534869,6.263911644,19.656,4.846,2.362,-6182,7.211236537,6109.290315,1.497408961,14,87,15807128,75.832
Ecuador,ECU,2014,49.95076433,50.04923567,29.56842649,6.448471916,18.896,4.815,2.274,2273,4.226065204,6405.799793,1.432058866,13.4,83,16035124,76.141
Ecuador,ECU,2015,49.9537969,50.0462031,29.04803358,6.639976393,18.357,4.869,2.209,14724,0.119692109,5976.159681,1.430930598,12.9,78,16266225,76.222
Ecuador,ECU,2016,49.95679225,50.04320775,28.50210254,6.825689466,17.622,5.005,2.122,35461,-0.687954246,5917.637713,1.458091478,12.5,83,16505139,76.094
Ecuador,ECU,2017,49.95917544,50.04082456,27.95137116,7.003926932,17.677,5.066,2.128,53707,5.97039881,6233.322448,1.52946084,12.2,85,16759519,76.22
Ecuador,ECU,2018,49.95814845,50.04185155,27.40143851,7.194525673,17.523,4.648,2.111,95482,1.044294607,6303.918867,1.71572391,11.9,85,17049547,77.248
Ecuador,ECU,2019,49.95298737,50.04701263,26.8591795,7.407911807,16.924,4.753,2.035,54921,0.165404465,6205.057652,1.689354796,11.7,85,17340021,77.286
Ecuador,ECU,2020,49.92572979,50.07427021,26.39386171,7.561752665,16.391,7.474,1.967,-10320,-9.245096192,5463.645153,1.181252582,11.5,70,17546065,72.004
Ecuador,ECU,2021,49.88882199,50.11117801,25.97664821,7.670366125,15.882,7.108,1.909,-28503,9.42189269,6061.323502,0.774314024,11.3,72,17682454,72.746
Ecuador,ECU,2022,49.87026407,50.12973593,25.51674306,7.850401627,15.423,5.363,1.861,-23090,5.868423549,6515.585284,0.796723652,11.2,70,17823897,76.577
Ecuador,ECU,2023,49.86045393,50.13954607,25.00468991,8.092882552,15.033,5.128,1.823,-21948,1.98823814,6737.847484,0.872456027,11.1,70,17980083,77.392
Ecuador,ECU,2024,49.85327929,50.14672071,24.45584904,8.343998662,,,,-19704,-2.001254763,6874.70574,0.860548499,,70,18135478,
"Egypt, Arab Rep.",EGY,2000,50.74447393,49.25552607,36.93999506,4.025846731,27.392,6.319,3.505,27873,6.37000383,1366.092744,2.160919785,39.6,98,73083284,67.332
"Egypt, Arab Rep.",EGY,2001,50.74753963,49.25246037,36.42364228,4.031367989,27.252,6.235,3.46,556,3.535251974,1295.137418,2.123803623,37.5,99,74652029,67.612
"Egypt, Arab Rep.",EGY,2002,50.74395582,49.25604418,35.92878091,4.032847329,27.076,6.175,3.412,11205,2.390204026,1116.828846,2.103723597,35.7,97,76239137,67.846
"Egypt, Arab Rep.",EGY,2003,50.73637298,49.26362702,35.4436268,4.025081169,26.866,6.131,3.352,9854,3.193454737,1031.275563,2.09545323,34,98,77853548,68.045
"Egypt, Arab Rep.",EGY,2004,50.7267131,49.2732869,34.98633798,4.005206207,26.569,6.101,3.283,-3044,4.092071611,991.2556891,2.064377349,32.6,97,79477443,68.211
"Egypt, Arab Rep.",EGY,2005,50.71407501,49.28592499,34.59138517,3.97614069,26.566,6.09,3.254,-37129,4.471744472,1105.539207,2.022209527,31.2,98,81101004,68.355
"Egypt, Arab Rep.",EGY,2006,50.69287631,49.30712369,34.28114492,3.946178473,26.562,6.086,3.223,-118055,6.843838194,1298.979002,1.952913423,30,98,82700403,68.493
"Egypt, Arab Rep.",EGY,2007,50.66254807,49.33745193,34.06858518,3.921954264,26.849,6.092,3.237,-173021,7.087827427,1547.741707,1.887532171,28.8,98,84276225,68.627
"Egypt, Arab Rep.",EGY,2008,50.62867795,49.37132205,33.94471607,3.907799133,26.976,6.095,3.238,-192199,7.156283566,1896.215943,1.867404133,27.7,97,85864789,68.761
"Egypt, Arab Rep.",EGY,2009,50.59731455,49.40268545,33.88663404,3.90865837,27.209,6.088,3.259,-175191,4.6735998,2161.639646,1.888365224,26.7,97,87501636,68.915
"Egypt, Arab Rep.",EGY,2010,50.56725311,49.43274689,33.88741808,3.929865858,27.491,6.076,3.296,-194100,5.147234858,2455.081946,1.917951241,25.6,97,89196072,69.078
"Egypt, Arab Rep.",EGY,2011,50.55110072,49.44889928,33.8837408,3.968255144,27.476,6.049,3.311,126170,1.764571949,2590.643849,2.104460762,24.6,96,91093059,69.232
"Egypt, Arab Rep.",EGY,2012,50.55005956,49.44994044,33.88112031,4.02277395,28.117,5.999,3.4,-2626,2.226199799,2996.067707,2.244757955,23.7,93,93161001,69.464
"Egypt, Arab Rep.",EGY,2013,50.54831115,49.45168885,33.90615579,4.082748809,28.591,5.966,3.49,130305,2.185466054,3025.525636,2.305263643,22.8,97,95333553,69.632
"Egypt, Arab Rep.",EGY,2014,50.53945121,49.46054879,33.95802581,4.138553476,28.393,5.879,3.49,-92801,2.91591188,3133.391023,2.276439566,22,94,97528654,69.911
"Egypt, Arab Rep.",EGY,2015,50.51699673,49.48300327,34.06187537,4.201294348,28.184,5.818,3.5,-193298,4.372019078,3306.981594,2.098925548,21.2,93,99597342,70.135
"Egypt, Arab Rep.",EGY,2016,50.49683855,49.50316145,34.1221179,4.277004849,26.679,5.707,3.35,-71604,4.346643456,3270.628777,2.034682949,20.5,95,101644589,70.437
"Egypt, Arab Rep.",EGY,2017,50.49196904,49.50803096,34.104326,4.36669398,26.1,5.628,3.31,-80000,4.181221,2395.103333,1.998178439,19.8,94,103696057,70.709
"Egypt, Arab Rep.",EGY,2018,50.49218366,49.50781634,33.98307112,4.472257166,23.592,5.533,3.02,20788,5.331108619,2484.703156,1.897138318,19.1,95,105682094,70.974
"Egypt, Arab Rep.",EGY,2019,50.49157506,49.50842494,33.74210267,4.593528997,22.267,5.477,2.87,7050,5.552093072,2962.98892,1.754974382,18.4,95,107553158,71.213
"Egypt, Arab Rep.",EGY,2020,50.49031733,49.50968267,33.47414093,4.691181637,22.004,6.407,2.85,6016,3.550164838,3511.11381,1.62495387,17.8,94,109315124,69.79
"Egypt, Arab Rep.",EGY,2021,50.49355468,49.50644532,33.19183814,4.740911903,21.154,7.036,2.75,6161,3.290646012,3827.354154,1.490805391,17.2,96,110957008,68.976
"Egypt, Arab Rep.",EGY,2022,50.49554535,49.50445465,32.8513404,4.8284035,21.091,5.675,2.75,13707,6.587845609,4233.307837,1.486096975,16.7,97,112618250,71.01
"Egypt, Arab Rep.",EGY,2023,50.491288,49.508712,32.43511919,4.969685388,21.004,5.461,2.75,305006,3.760280523,3456.789685,1.688341269,16.1,96,114535772,71.633
"Egypt, Arab Rep.",EGY,2024,50.48998158,49.51001842,31.99465506,5.116295393,,,,123884,2.399169268,3338.473714,1.733242053,,97,116538258,
El Salvador,SLV,2000,48.24316726,51.75683274,37.09348373,4.668356282,27.132,6.552,3.076,-94861,1.127906977,1982.870935,0.497012729,26.5,99,5943366,67.711
El Salvador,SLV,2001,48.16751172,51.83248828,36.70931593,4.936394741,25.826,6.672,2.93,-92389,0.87961366,2058.044591,0.414627692,25,92,5968060,67.965
El Salvador,SLV,2002,48.0898188,51.9101812,36.30705119,5.214168471,24.406,6.677,2.775,-90908,1.572918448,2115.411874,0.310690003,23.7,81,5986631,68.526
El Salvador,SLV,2003,48.00782649,51.99217351,35.86824489,5.505019214,23.144,6.832,2.636,-89146,1.565393031,2207.830895,0.199712546,22.4,94,5998599,68.792
El Salvador,SLV,2004,47.92107678,52.07892322,35.40707726,5.810409929,22.065,6.926,2.516,-87466,0.889404486,2285.689074,0.101172439,21.2,90,6004671,69.295
El Salvador,SLV,2005,47.82992542,52.17007458,34.93124516,6.131192213,21.373,7.239,2.44,-86501,2.680830094,2447.391408,0.015103767,20.1,89,6005578,69.336
El Salvador,SLV,2006,47.73449266,52.26550734,34.44810794,6.465642157,20.972,7.496,2.395,-85789,4.336998603,2665.618072,-0.054280947,19,96,6002319,69.612
El Salvador,SLV,2007,47.68030683,52.31969317,33.93644856,6.638613158,20.566,7.791,2.354,-56857,1.847602206,2830.656938,0.124956904,18.1,99,6009824,69.82
El Salvador,SLV,2008,47.67045771,52.32954229,33.35054927,6.650493967,20.045,7.588,2.291,-56086,2.154402983,2983.248296,0.32349566,17.2,98,6029297,70.138
El Salvador,SLV,2009,47.66374038,52.33625962,32.695375,6.675353435,19.835,7.45,2.261,-55966,-2.108768376,2910.186518,0.314334857,16.4,91,6048279,70.359
El Salvador,SLV,2010,47.66032178,52.33967822,32.00348799,6.719120564,19.69,7.216,2.239,-54688,2.154195367,3040.07301,0.329632682,15.6,89,6068249,70.909
El Salvador,SLV,2011,47.65917033,52.34082967,31.29841135,6.781402096,19.618,7.109,2.224,-53433,3.773584998,3330.600495,0.359883978,14.9,89,6090127,71.192
El Salvador,SLV,2012,47.658978,52.341022,30.59070408,6.855106539,19.39,7.042,2.187,-50546,2.887700102,3497.912569,0.390819912,14.3,93,6113975,71.42
El Salvador,SLV,2013,47.65538766,52.34461234,29.88403019,6.938657293,19.185,7.152,2.154,-49087,2.182952325,3582.26694,0.405850185,13.6,92,6138839,71.225
El Salvador,SLV,2014,47.6460237,52.3539763,29.20396952,7.030190874,19.014,7.237,2.126,-49126,1.729399842,3666.012489,0.392073398,13.1,94,6162955,71.144
El Salvador,SLV,2015,47.63126335,52.36873665,28.57741669,7.130822578,18.579,7.378,2.067,-51278,2.400000089,3790.340891,0.335654632,12.5,94,6183676,70.952
El Salvador,SLV,2016,47.61038898,52.38961102,27.99849439,7.245089928,17.73,7.449,1.965,-47491,2.539062411,3901.34015,0.276539935,12,98,6200800,70.908
El Salvador,SLV,2017,47.5852305,52.4147695,27.48022522,7.370138103,17.122,7.494,1.896,-50608,2.247619081,4020.126714,0.205133928,11.5,92,6213533,71.007
El Salvador,SLV,2018,47.55998899,52.44001101,27.04348969,7.499580976,16.683,7.437,1.849,-54163,2.412444224,4183.54621,0.100922206,11.1,89,6219807,71.384
El Salvador,SLV,2019,47.53901159,52.46098841,26.67482815,7.626362686,16.57,7.439,1.838,-55144,2.437471591,4320.116715,0.040362881,10.6,96,6222318,71.725
El Salvador,SLV,2020,47.52244424,52.47755576,26.33333566,7.709730109,16.303,8.565,1.819,-25213,-7.89310136,3997.192796,0.198362575,10.2,89,6234673,70.244
El Salvador,SLV,2021,47.5100475,52.4899525,25.99584081,7.762443429,16.15,8.712,1.803,-27343,11.9047617,4642.607431,0.33800242,9.8,97,6255782,69.941
El Salvador,SLV,2022,47.50395641,52.49604359,25.61705862,7.861630914,15.92,7.459,1.785,-23255,2.954615165,5074.602102,0.391461928,9.5,95,6280319,71.969
El Salvador,SLV,2023,47.50180042,52.49819958,25.21039289,8.000318244,15.758,7.519,1.775,-23253,3.539156693,5365.444914,0.465531145,9.2,96,6309624,72.099
El Salvador,SLV,2024,47.50144836,52.49855164,24.80612376,8.148615859,,,,-23102,2.602020161,5579.659692,0.451762523,,95,6338193,
Equatorial Guinea,GNQ,2000,50.28502202,49.71497798,42.73474681,3.326560298,40.795,13.592,5.834,26695,18.21377996,1487.316551,5.26428496,106.5,35,703279,53.395
Equatorial Guinea,GNQ,2001,50.47890472,49.52109528,42.19052045,3.343066579,40.426,13.251,5.785,26919,63.37987543,1948.611459,6.410083232,103.4,37,749836,53.827
Equatorial Guinea,GNQ,2002,50.66864505,49.33135495,41.51526962,3.390157615,40.174,12.925,5.731,27198,19.46283404,2264.210656,6.220019533,100.4,39,797957,54.324
Equatorial Guinea,GNQ,2003,50.852969,49.147031,40.77795633,3.464358903,39.991,12.665,5.675,27696,13.95525032,2930.601837,6.066317541,97.2,41,847862,54.791
Equatorial Guinea,GNQ,2004,51.02665138,48.97334862,40.05393834,3.561663777,39.832,12.423,5.618,28578,37.99872686,4901.301274,5.958465015,93.9,43,899917,55.307
Equatorial Guinea,GNQ,2005,51.21879905,48.78120095,39.51683983,3.595808171,39.915,12.348,5.559,15548,16.74870061,8673.902609,5.138402086,90.6,44,947367,55.766
Equatorial Guinea,GNQ,2006,51.43561372,48.56438628,39.17046922,3.559928227,39.682,12.01,5.498,16889,7.704917607,10184.88412,4.436479006,87.3,46,990343,56.354
Equatorial Guinea,GNQ,2007,51.64992993,48.35007007,38.89472841,3.521713364,39.388,11.713,5.433,18433,15.28211392,12616.95329,4.511354519,84.1,48,1036044,56.857
Equatorial Guinea,GNQ,2008,51.86080606,48.13919394,38.67177487,3.479433487,39.005,11.398,5.363,19925,17.79910913,18210.5553,4.573709944,80.8,50,1084530,57.384
Equatorial Guinea,GNQ,2009,52.06498702,47.93501298,38.48687078,3.433162539,38.548,11.089,5.288,21235,1.343356288,13232.50194,4.607871333,77.9,52,1135673,57.881
Equatorial Guinea,GNQ,2010,52.2579126,47.7420874,38.33468591,3.384198775,38.018,10.797,5.209,22027,-8.924175889,13720.16587,4.595867705,75.1,54,1189085,58.344
Equatorial Guinea,GNQ,2011,52.41038269,47.58961731,38.2724604,3.335707507,37.495,10.517,5.126,17604,6.52392363,17198.21367,4.340602064,72.4,54,1241835,58.827
Equatorial Guinea,GNQ,2012,52.52419438,47.47580562,38.28187151,3.291771133,36.773,10.219,5.04,17860,8.312871844,17308.57239,4.074845548,69.9,54,1293483,59.301
Equatorial Guinea,GNQ,2013,52.62702428,47.37297572,38.29528353,3.258090443,36.034,9.918,4.952,18106,-4.133198501,16304.07132,3.996059955,67.6,53,1346218,59.784
Equatorial Guinea,GNQ,2014,52.71872881,47.28127119,38.31422086,3.250686245,35.282,9.644,4.863,18058,0.415066302,15548.66247,3.905019246,65.5,53,1399828,60.228
Equatorial Guinea,GNQ,2015,52.7977754,47.2022246,38.32190563,3.268536229,34.531,9.397,4.774,17697,-9.110041149,9068.910032,3.791604842,63.4,40,1453923,60.635
Equatorial Guinea,GNQ,2016,52.86343992,47.13656008,38.30638263,3.29999085,33.792,9.14,4.686,17107,-8.816417232,7453.197979,3.66421838,61.3,53,1508186,61.081
Equatorial Guinea,GNQ,2017,52.91513803,47.08486197,38.26041486,3.342655557,33.07,8.915,4.599,16399,-5.667508505,7809.104657,3.531293626,59.4,56,1562396,61.481
Equatorial Guinea,GNQ,2018,52.9533748,47.0466252,38.15918739,3.391348299,32.4,8.686,4.513,15581,-6.236544067,8102.470848,3.399452421,57.7,59,1616422,61.915
Equatorial Guinea,GNQ,2019,52.97959438,47.02040562,37.98525545,3.441281972,31.783,8.496,4.429,14695,-5.481825379,6804.149231,3.271454421,56.1,62,1670177,62.297
Equatorial Guinea,GNQ,2020,52.94124158,47.05875842,37.89513178,3.482877781,31.351,8.633,4.346,0,-4.791080834,5764.055029,2.733908232,54.3,64,1716468,62.141
Equatorial Guinea,GNQ,2021,52.87260645,47.12739355,37.83537684,3.52077981,30.703,8.438,4.266,6493,0.860269956,6945.630698,2.435510716,52.6,67,1758786,62.447
Equatorial Guinea,GNQ,2022,52.82283105,47.17716895,37.67812835,3.567501781,30.123,8.015,4.17,3997,3.223508317,7589.299649,2.513037421,50.9,70,1803545,63.355
Equatorial Guinea,GNQ,2023,52.76596182,47.23403818,37.48433736,3.623422166,29.604,7.878,4.081,3997,-5.089308721,6677.793435,2.410572328,49.1,74,1847549,63.707
Equatorial Guinea,GNQ,2024,52.72074174,47.27925826,37.28546092,3.68789387,,,,3891,0.907248246,6745.400132,2.40472649,,68,1892516,
Eritrea,ERI,2000,48.79803616,51.20196384,45.23711511,3.167490791,37.969,11.145,5.397,-33133,-3.141985903,314.3573968,1.536014572,50.8,81,2247031,56.285
Eritrea,ERI,2001,48.83609081,51.16390919,44.96426051,3.218510963,36.353,9.892,5.306,41760,8.755435528,325.4091615,2.85373305,49,86,2312079,58.359
Eritrea,ERI,2002,48.88580208,51.11419792,44.43187526,3.264447061,37.081,9.736,5.233,-6574,3.005429192,304.7757565,3.439149563,47.5,90,2392978,58.941
Eritrea,ERI,2003,48.94023545,51.05976455,43.67760093,3.300830064,35.894,9.313,5.143,76703,-2.655515925,348.9503271,4.131033775,46,93,2493903,59.455
Eritrea,ERI,2004,48.99168066,51.00831934,43.00566124,3.331622589,37,9.233,5.036,-6374,1.451735566,426.8409479,4.100227397,44.6,98,2598284,60.063
Eritrea,ERI,2005,49.02356594,50.97643406,42.94353199,3.374605843,36.369,8.964,4.934,-12835,2.574449551,412.7530792,2.393155829,43.3,96,2661215,60.628
Eritrea,ERI,2006,49.04718064,50.95281936,43.13259247,3.430605933,36.179,8.633,4.881,-49998,-0.969217111,447.9974047,1.57651842,42.1,94,2703502,61.457
Eritrea,ERI,2007,49.0697621,50.9302379,43.29998751,3.494102283,34.965,8.317,4.812,-18131,1.426822211,480.4476237,1.458517234,40.9,95,2743222,61.998
Eritrea,ERI,2008,49.10203964,50.89796036,43.02024534,3.548166895,34.136,8.077,4.737,17855,-9.783030018,490.066956,2.630041175,39.8,95,2816327,62.422
Eritrea,ERI,2009,49.1318387,50.8681613,42.7315319,3.604973882,34.213,7.825,4.656,-24348,3.876501528,642.9257229,2.509084658,38.6,95,2887885,63.203
Eritrea,ERI,2010,49.15574093,50.84425907,42.57059782,3.660328472,33.453,7.615,4.571,-13361,2.194190349,539.6995121,1.964757271,37.5,95,2945186,63.665
Eritrea,ERI,2011,49.1769677,50.8230323,42.31650317,3.712308049,33.032,7.417,4.486,-32949,8.679800101,688.6816596,1.793518811,36.5,94,2998485,64.231
Eritrea,ERI,2012,49.19332931,50.80667069,42.11505905,3.774034706,32.41,7.248,4.407,-43269,,,1.275907368,35.5,94,3036988,64.697
Eritrea,ERI,2013,49.20853472,50.79146528,41.96199502,3.825885091,31.702,7.124,4.335,-33974,,,1.223051473,34.4,94,3074360,65.005
Eritrea,ERI,2014,49.21875101,50.78124899,41.99573691,3.88317614,31.456,6.989,4.273,-75696,,,0.674705167,33.4,94,3095173,65.517
Eritrea,ERI,2015,49.22615862,50.77384138,42.10522079,3.932673997,30.554,6.828,4.217,-52965,,,0.334574416,32.4,95,3105546,65.909
Eritrea,ERI,2016,49.23546187,50.76453813,42.07877049,3.963807062,30.092,6.729,4.164,-55431,,,0.614809318,31.4,95,3124698,66.242
Eritrea,ERI,2017,49.24622589,50.75377411,41.91277977,4.000940214,29.551,6.604,4.112,-38579,,,0.817496698,30.6,95,3150347,66.612
Eritrea,ERI,2018,49.26123479,50.73876521,41.50619816,4.034110921,29.195,6.484,4.056,-21403,,,1.337314098,29.6,95,3192760,66.979
Eritrea,ERI,2019,49.27735808,50.72264192,40.99114127,4.067580521,29.119,6.413,3.997,-29818,,,1.474745807,28.7,95,3240194,67.306
Eritrea,ERI,2020,49.29170199,50.70829801,40.40271075,4.091003763,28.872,6.582,3.933,-14967,,,1.564060781,27.9,95,3291271,66.98
Eritrea,ERI,2021,49.30835122,50.69164878,39.77385713,4.100611817,28.818,6.612,3.867,-14966,,,1.774115885,27.2,95,3350183,66.94
Eritrea,ERI,2022,49.32779421,50.67220579,39.20104932,4.116048732,28.675,6.319,3.786,-17134,,,1.753513685,26.4,95,3409447,67.789
Eritrea,ERI,2023,49.3467447,50.6532553,38.67743088,4.150960577,28.544,6.047,3.713,-15284,,,1.771687152,25.5,95,3470390,68.624
Eritrea,ERI,2024,49.36508691,50.63491309,38.13701651,4.202875719,,,,-12696,,,1.861688514,,95,3535603,
Estonia,EST,2000,46.60990682,53.39009318,17.63103285,14.99337508,9.4,13.2,1.36,-3083,10.08763858,4070.609024,0.483707162,8.8,93,1396985,70.41707317
Estonia,EST,2001,46.58795884,53.41204116,17.1516992,15.28820466,9.1,13.3,1.32,-3280,5.880745895,4502.66615,-0.636963124,8.1,94,1388115,70.25853659
Estonia,EST,2002,46.55195787,53.44804213,16.64594562,15.64771084,9.4,13.3,1.36,-2889,6.933000826,5343.183108,-0.633433796,7.4,94,1379350,70.90487805
Estonia,EST,2003,46.52215779,53.47784221,16.1140898,16.02618813,9.5,13.2,1.37,-3705,7.59630181,7205.407033,-0.627622448,6.8,94,1370720,71.31707317
Estonia,EST,2004,46.49781276,53.50218724,15.61009367,16.38878207,10.3,13,1.47,-3681,6.800701108,8916.072827,-0.59782051,6.2,94,1362550,71.9097561
Estonia,EST,2005,46.48639552,53.51360448,15.20540135,16.72346888,10.6,12.8,1.52,-5208,9.523053865,10414.63812,-0.572255525,5.6,96,1354775,72.56829268
Estonia,EST,2006,46.48417082,53.51582918,14.95752593,17.08098825,11,12.9,1.58,-5351,9.762571312,12641.4801,-0.58965556,5.1,95,1346810,72.69146341
Estonia,EST,2007,46.47856648,53.52143352,14.85301198,17.37217262,11.8,13,1.69,-2941,7.570918793,16745.4308,-0.456188535,4.7,95,1340680,72.81463415
Estonia,EST,2008,46.49443486,53.50556514,14.88698456,17.44249009,12,12.5,1.72,-2034,-5.125311543,18205.90641,-0.26813372,4.3,95,1337090,73.77073171
Estonia,EST,2009,46.53791712,53.46208288,15.03564742,17.43263632,11.8,12.1,1.7,-2089,-14.63022254,14712.44942,-0.192768077,3.9,95,1334515,74.82439024
Estonia,EST,2010,46.58413503,53.41586497,15.23603804,17.44029153,11.9,11.9,1.72,-3781,2.449750206,14663.7041,-0.228057969,3.6,94,1331475,75.42926829
Estonia,EST,2011,46.6261149,53.3738851,15.43284307,17.5716414,11.1,11.5,1.61,-3941,7.606974589,17555.54552,-0.303582824,3.3,93,1327439,76.22926829
Estonia,EST,2012,46.66051723,53.33948277,15.59133566,17.86281884,10.6,11.7,1.56,-3674,3.672018725,17568.2138,-0.357944411,3,94,1322696,76.32682927
Estonia,EST,2013,46.70400836,53.29599164,15.73870786,18.19845598,10.3,11.6,1.52,-2688,1.756493796,19310.38749,-0.355891803,2.8,94,1317997,77.14146341
Estonia,EST,2014,46.75857315,53.24142685,15.88585966,18.56092881,10.3,11.8,1.54,-674,3.322789882,20581.7899,-0.262256175,2.6,93,1314545,77.03414634
Estonia,EST,2015,46.82376675,53.17623325,16.01432705,18.88875196,10.6,11.6,1.58,4261,1.838152629,17722.15577,0.06555253,2.5,93,1315407,77.5902439
Estonia,EST,2016,46.90181016,53.09818984,16.15132131,19.18601602,10.7,11.7,1.6,1081,3.093019208,18666.37365,0.029112226,2.3,93,1315790,77.64146341
Estonia,EST,2017,47.01299884,52.98700116,16.27550573,19.4674154,10.5,11.8,1.59,5202,5.63467249,20851.52235,0.121070631,2.2,93,1317384,78.09268293
Estonia,EST,2018,47.15805638,52.84194362,16.36386605,19.67549053,10.9,11.9,1.67,7089,3.699697562,23618.13613,0.348039138,2,92,1321977,78.24390244
Estonia,EST,2019,47.29240245,52.70759755,16.43495376,19.89653469,10.6,11.6,1.66,5386,3.726649435,24021.25014,0.371554389,1.9,91,1326898,78.64634146
Estonia,EST,2020,47.38028788,52.61971212,16.43837059,20.20009484,9.9,11.9,1.58,3694,-2.883807515,23933.99394,0.197559185,1.8,91,1329522,78.59512195
Estonia,EST,2021,47.42316501,52.57683499,16.38149667,20.4337978,10,14,1.61,7043,8.254880446,27951.16593,0.105996956,1.8,90,1330932,76.94390244
Estonia,EST,2022,47.45824729,52.54175271,16.23315901,20.63004619,8.6,12.8,1.41,39754,-1.226169666,28340.38265,1.336551511,1.7,87,1348840,77.84390244
Estonia,EST,2023,47.49750584,52.50249416,15.96830301,20.91408255,8,11.7,1.31,5717,-2.744219146,30264.00649,1.577451336,1.6,84,1370286,78.4902439
Estonia,EST,2024,47.54664671,52.45335329,15.63761901,21.2973321,,,,-7742,-0.090042865,31428.35478,0.149856352,,81,1372341,
Eswatini,SWZ,2000,48.34609483,51.65390517,43.59978049,2.386708066,32.59,14.509,4.03,-8563,1.760173422,1629.670388,1.026166762,73,84,1041414,47.627
Eswatini,SWZ,2001,48.24282822,51.75717178,42.89299087,2.409176601,32.44,15.482,3.944,-8788,1.412213933,1429.856304,0.922357933,74.3,84,1051064,46.344
Eswatini,SWZ,2002,48.13576216,51.86423784,42.29459578,2.443598821,32.247,16.272,3.854,-9209,4.08864794,1315.736346,0.79384261,75.2,85,1059441,45.38
Eswatini,SWZ,2003,48.02657544,51.97342456,41.80191244,2.492593981,32.333,16.962,3.796,-9595,4.538655257,2015.217431,0.682836012,75.9,85,1066700,44.632
Eswatini,SWZ,2004,47.92467845,52.07532155,41.39421157,2.554282522,32.557,17.667,3.76,-9863,3.617119319,2525.564045,0.603686469,75.7,86,1073159,43.906
Eswatini,SWZ,2005,47.83211093,52.16788907,41.05275011,2.625573262,32.535,17.757,3.704,-10330,5.992282891,2871.068774,0.544843998,74.7,86,1079022,43.958
Eswatini,SWZ,2006,47.73781025,52.26218975,40.76257151,2.698776138,32.232,17.355,3.632,-10923,6.728809466,2964.958652,0.500496086,65.6,87,1084436,44.563
Eswatini,SWZ,2007,47.71656864,52.28343136,40.38672235,2.760049693,32.163,16.948,3.58,-9271,4.317721449,3109.110976,0.576423998,66.3,87,1090705,45.16
Eswatini,SWZ,2008,47.81429971,52.18570029,39.86161445,2.812197344,32.28,16.548,3.567,-9822,1.440553587,2946.860661,0.674894146,68.5,88,1098091,45.853
Eswatini,SWZ,2009,47.95535098,52.04464902,39.30888334,2.872904081,31.889,15.913,3.504,-10989,1.433111342,3189.7968,0.641056931,65.5,88,1105153,46.913
Eswatini,SWZ,2010,48.09589349,51.90410651,38.80110646,2.954617011,30.867,14.988,3.375,-11334,3.824434874,3922.740394,0.586161116,62,89,1111650,48.331
Eswatini,SWZ,2011,48.23081802,51.76918198,38.35235748,3.050677941,30.402,14.617,3.317,-11596,1.839736259,4225.060494,0.554659161,57.8,91,1117833,49.057
Eswatini,SWZ,2012,48.35624983,51.64375017,37.97102584,3.144154072,29.952,13.661,3.266,-12294,4.090481901,4224.547892,0.537986823,58,95,1123863,50.714
Eswatini,SWZ,2013,48.46790815,51.53209185,37.61626209,3.228701139,29.646,12.917,3.237,-12664,4.094585221,3949.9431,0.543692521,57.4,98,1129990,52.11
Eswatini,SWZ,2014,48.57202952,51.42797048,37.2169209,3.314840548,29.02,12.205,3.181,-12724,2.057381792,3771.072284,0.556770676,57.9,98,1136299,53.491
Eswatini,SWZ,2015,48.67642272,51.32357728,36.78179929,3.39635767,28.308,11.487,3.122,-12582,1.70425806,3419.822766,0.571627699,54.9,90,1142813,54.941
Eswatini,SWZ,2016,48.7789983,51.2210017,36.37618719,3.475053447,27.623,10.891,3.068,-12481,2.949168211,3238.17612,0.584038793,52,90,1149507,56.228
Eswatini,SWZ,2017,48.86482846,51.13517154,35.97953539,3.575867439,26.926,10.281,3.018,-8658,3.52095346,3853.099566,0.752960395,51.5,90,1158195,57.574
Eswatini,SWZ,2018,48.93573519,51.06426481,35.55702033,3.686407093,26.412,9.822,2.971,-8546,0.065395656,3972.654506,0.922518622,48.5,90,1168929,58.707
Eswatini,SWZ,2019,49.00476577,50.99523423,35.11752102,3.795659537,25.889,9.372,2.925,-8439,6.431868887,3913.145775,0.931970814,48.2,90,1179874,59.85
Eswatini,SWZ,2020,49.05318052,50.94681948,34.68615474,3.874851758,25.39,9.545,2.888,-4242,-2.951834534,3466.569363,1.083630577,47.1,83,1192729,59.862
Eswatini,SWZ,2021,49.07777519,50.92222481,34.28499325,3.922903613,24.957,10.607,2.841,-4242,4.236219136,3984.002292,1.155672669,45.8,77,1206593,58.228
Eswatini,SWZ,2022,49.08738584,50.91261416,33.95056183,4.015041227,24.611,8.1,2.801,-8549,0.386070836,3894.162009,1.0162074,44.6,97,1218917,63.028
Eswatini,SWZ,2023,49.08679844,50.91320156,33.66899471,4.146871287,24.073,7.7,2.753,-8549,3.532576628,3755.521112,0.946270732,43.5,85,1230506,64.123
Eswatini,SWZ,2024,49.09725536,50.90274464,33.35225533,4.261955558,,,,-6754,2.97391076,3909.558924,0.995913344,,84,1242822,
Ethiopia,ETH,2000,49.90320048,50.09679952,47.74923546,2.614178822,45.59,14.681,6.654,-49891,6.073217481,122.2692026,3.068233025,92.2,30,67411494,50.88
Ethiopia,ETH,2001,49.95026175,50.04973825,47.8192088,2.615507318,44.987,14.222,6.579,-19063,8.301306323,118.4572043,3.033511323,88.7,32,69487762,51.428
Ethiopia,ETH,2002,49.99335874,50.00664126,47.79974087,2.615381418,44.264,13.697,6.499,-12925,1.514725707,109.5938136,3.044034773,85.1,35,71635517,52.085
Ethiopia,ETH,2003,50.03210706,49.96789294,47.7150621,2.617890811,43.334,13.114,6.4,-13744,-2.161359723,116.8004911,3.021022331,81.6,37,73832663,52.877
Ethiopia,ETH,2004,50.06620117,49.93379883,47.59147438,2.623925227,42.712,12.519,6.301,-25430,13.57260314,133.1698125,2.994747129,77.9,39,76077206,53.735
Ethiopia,ETH,2005,50.09579102,49.90420898,47.43445496,2.634131211,42.104,12.074,6.194,-44421,11.81876595,158.2434581,2.966022472,74.4,43,78367470,54.364
Ethiopia,ETH,2006,50.12134419,49.87865581,47.22740615,2.64742578,41.086,11.427,6.047,-30512,10.83472707,189.3457375,2.937290315,70.9,46,80703490,55.402
Ethiopia,ETH,2007,50.14016184,49.85983816,46.94764075,2.662225443,40.054,10.732,5.887,-381,11.456167,237.146256,2.930159257,67.7,50,83103217,56.566
Ethiopia,ETH,2008,50.15246073,49.84753927,46.6014422,2.681683582,38.886,10.067,5.695,-20780,10.78852169,316.4104751,2.89435689,64.7,54,85543668,57.733
Ethiopia,ETH,2009,50.16064515,49.83935485,46.18941732,2.70906832,37.538,9.505,5.488,16315,8.802553199,368.5747123,2.839660104,61.9,58,88007636,58.715
Ethiopia,ETH,2010,50.16667548,49.83332452,45.70980117,2.743476123,36.571,8.98,5.282,80213,12.55053833,330.6194128,2.83517458,59.3,61,90538514,59.709
Ethiopia,ETH,2011,50.17228562,49.82771438,45.17828884,2.783358921,35.671,8.534,5.08,116793,11.17829623,343.0249424,2.843544575,56.8,65,93149970,60.595
Ethiopia,ETH,2012,50.17700802,49.82299198,44.60627974,2.827470629,34.563,8.118,4.887,119517,8.647811635,452.1010319,2.803903934,54.5,61,95798767,61.443
Ethiopia,ETH,2013,50.1790555,49.8209445,44.01679375,2.86973572,33.644,7.78,4.708,80955,10.58227005,484.0398331,2.718472318,52.2,59,98438751,62.161
Ethiopia,ETH,2014,50.17816636,49.82183364,43.42486112,2.908257701,33.408,7.461,4.605,103122,10.25749296,549.9865771,2.682997818,50.1,61,101115610,62.927
Ethiopia,ETH,2015,50.17476462,49.82523538,42.85180506,2.935070381,33.331,7.206,4.529,62785,10.39246301,597.9121132,2.684801861,48,62,103867135,63.592
Ethiopia,ETH,2016,50.1694913,49.8305087,42.30072712,2.953421368,33.329,6.999,4.473,115823,9.43348266,641.6515233,2.707882508,46,64,106718162,64.162
Ethiopia,ETH,2017,50.16315423,49.83684577,41.76965977,2.977272974,33.222,6.786,4.401,71766,9.564189658,696.3484291,2.725240971,44.2,65,109666481,64.766
Ethiopia,ETH,2018,50.15657509,49.84342491,41.28935422,3.005900657,33.394,6.631,4.371,9302,6.816147786,739.7020223,2.696751795,42.5,62,112664152,65.257
Ethiopia,ETH,2019,50.14995674,49.85004326,40.86075473,3.038190362,33.549,6.481,4.347,-10807,8.364085733,793.4732472,2.691239783,41,61,115737383,65.741
Ethiopia,ETH,2020,50.14104968,49.85895032,40.45075546,3.069048909,33.31,6.403,4.274,38866,6.059530891,829.7909825,2.710772848,39.6,62,118917671,65.969
Ethiopia,ETH,2021,50.12976611,49.87023389,40.06479369,3.093611975,32.876,6.638,4.177,-1377,5.641530693,893.0098354,2.672495388,38.3,63,122138588,65.33
Ethiopia,ETH,2022,50.11890565,49.88109435,39.70580317,3.124416232,32.413,6.093,4.082,-11996,5.321759884,982.1031615,2.622695009,37,63,125384287,66.897
Ethiopia,ETH,2023,50.10903268,49.89096732,39.36563714,3.17131039,31.903,5.96,3.989,-11996,6.594245994,1055.810916,2.603624198,35.7,70,128691692,67.315
Ethiopia,ETH,2024,50.1040491,49.8959509,39.05991581,3.229984484,,,,30069,7.612774475,1133.882797,2.583504112,,73,132059767,
Fiji,FJI,2000,50.50796222,49.49203778,34.31786317,3.437767939,24.328,6.818,2.992,-5909,-1.699998416,1995.720712,1.085776092,16.6,90,840909,66.194
Fiji,FJI,2001,50.52448458,49.47551542,33.82913761,3.535798191,24.272,6.946,2.973,-6167,2.000000147,1944.997415,1.027749278,16.6,91,849596,66.205
Fiji,FJI,2002,50.54006177,49.45993823,33.39067268,3.626888659,24.339,7.478,2.968,-6106,3.199999114,2136.567941,0.990026504,16.7,93,858049,65.492
Fiji,FJI,2003,50.55674454,49.44325546,32.98639248,3.716209197,24.265,7.496,2.957,-6411,0.999999345,2655.580796,0.955390067,16.8,94,866286,65.653
Fiji,FJI,2004,50.57681861,49.42318139,32.60305181,3.815278728,24.128,7.515,2.941,-6484,5.299999705,3097.190967,0.928394422,17.1,95,874366,65.841
Fiji,FJI,2005,50.59605906,49.40394094,32.23728126,3.920084227,24.003,7.567,2.917,-6523,0.700000402,3377.69127,0.912261663,17.3,96,882379,65.983
Fiji,FJI,2006,50.61368022,49.38631978,31.89100431,4.030142677,23.964,7.616,2.905,-6562,1.852483872,3455.105999,0.900982209,17.4,98,890365,66.126
Fiji,FJI,2007,50.63280142,49.36719858,31.56464684,4.147546534,23.716,7.734,2.872,-7406,-0.85065431,3762.746928,0.835147738,17.5,99,897832,66.161
Fiji,FJI,2008,50.6069854,49.3930146,31.2738336,4.264228763,23.293,7.796,2.819,-9812,1.03279422,3899.922315,0.61813479,17.4,99,903399,66.32
Fiji,FJI,2009,50.5336521,49.4663479,31.01613797,4.376575522,22.839,7.915,2.76,-10052,-1.386037708,3164.132754,0.424160518,17.1,99,907239,66.347
Fiji,FJI,2010,50.45901891,49.54098109,30.75034682,4.502267637,22.328,7.799,2.696,-10354,2.954672422,3449.144529,0.349901163,16.8,99,910419,66.778
Fiji,FJI,2011,50.38423287,49.61576713,30.45991269,4.650880049,21.76,7.897,2.631,-10396,2.705143029,4139.602886,0.281889923,16.4,99,912989,66.88
Fiji,FJI,2012,50.30467178,49.69532822,30.19569503,4.794252166,21.583,8.777,2.612,-10114,1.411314382,4341.403387,0.211061144,16.1,99,914918,65.812
Fiji,FJI,2013,50.22682307,49.77317693,29.98240306,4.934509373,21.495,8.43,2.604,-10703,4.73421949,4572.443775,0.156612656,15.9,99,916352,66.545
Fiji,FJI,2014,50.14881455,49.85118545,29.79611142,5.082256729,21.291,8.562,2.591,-10493,5.603514406,5293.356767,0.134464836,16,99,917585,66.581
Fiji,FJI,2015,50.0648829,49.9351171,29.6312888,5.208376425,20.998,8.791,2.567,-10401,4.50120041,5097.531069,0.108160343,16.3,99,918578,66.48
Fiji,FJI,2016,49.9904261,50.0095739,29.45398328,5.328906857,20.55,8.792,2.518,-10441,2.445651797,5363.790267,0.063991505,17,95,919166,66.657
Fiji,FJI,2017,49.91662658,50.08337342,29.22275005,5.47733708,20.029,8.695,2.461,-11607,5.35336456,5826.848145,-0.044289077,18,91,918759,67.06
Fiji,FJI,2018,49.8360191,50.1639809,28.93957566,5.644366428,19.601,8.939,2.419,-11738,3.812351222,6085.419795,-0.172010115,19.2,94,917180,66.965
Fiji,FJI,2019,49.75773282,50.24226718,28.62232409,5.820857919,19.226,9.092,2.385,-11873,-0.581946709,5842.073446,-0.249006858,20.6,97,914899,67.009
Fiji,FJI,2020,49.69310201,50.30689799,28.30529759,5.987072701,18.828,9.286,2.357,-6008,-17.18353526,4620.645724,0.006995063,21.9,97,914963,66.924
Fiji,FJI,2021,49.64574441,50.35425559,28.00811815,6.103668441,18.55,11.157,2.332,-6008,-4.345961999,4536.733121,0.190863716,22.9,98,916711,64.904
Fiji,FJI,2022,49.62541684,50.37458316,27.70234995,6.209281483,18.242,9.299,2.305,-3557,17.74512698,5414.120921,0.295294728,23.5,96,919422,67.148
Fiji,FJI,2023,49.6298741,50.3701259,27.38529809,6.343048795,17.996,9.255,2.281,-3289,9.442458567,5926.205864,0.5123774,23.8,97,924145,67.316
Fiji,FJI,2024,49.63188427,50.36811573,27.09327465,6.48697652,,,,-3278,3.530858961,6425.741517,0.500721797,,94,928784,
Finland,FIN,2000,48.80498265,51.19501735,18.15372721,14.91645949,11,9.5,1.73,2497,5.753737705,24335.92251,0.207606515,3.5,99,5176209,77.46585366
Finland,FIN,2001,48.83487205,51.16512795,18.00254859,15.07675159,10.8,9.4,1.73,6241,2.640262057,24965.203,0.227687342,3.4,98,5188008,77.96585366
Finland,FIN,2002,48.86690744,51.13309256,17.86942179,15.24539923,10.7,9.5,1.72,5255,1.687326444,26989.38926,0.24238105,3.3,98,5200598,78.1195122
Finland,FIN,2003,48.89756386,51.10243614,17.71668852,15.45673231,10.9,9.4,1.76,5929,2.011799927,32920.08572,0.23845724,3.2,98,5213014,78.36829268
Finland,FIN,2004,48.91945464,51.08054536,17.54616549,15.72218308,11,9.1,1.8,6956,4.005379523,37768.13342,0.290350362,3.1,98,5228172,78.71463415
Finland,FIN,2005,48.93707342,51.06292658,17.36043203,15.93519697,11,9.1,1.8,9251,2.777309185,39049.87038,0.342248594,3,97,5246096,78.81707317
Finland,FIN,2006,48.9552427,51.0447573,17.16689487,16.23270008,11.2,9.1,1.84,10820,4.019573265,41214.01878,0.383777136,2.9,97,5266268,79.21463415
Finland,FIN,2007,48.97867344,51.02132656,16.97754273,16.48606182,11.1,9.3,1.83,14027,5.312801767,48473.02401,0.425429832,2.8,99,5288720,79.26341463
Finland,FIN,2008,49.01385691,50.98614309,16.80450117,16.62904778,11.2,9.2,1.85,15626,0.784431236,53769.47262,0.465549285,2.7,99,5313399,79.56829268
Finland,FIN,2009,49.04496394,50.95503606,16.66566614,16.87962582,11.3,9.3,1.86,14877,-8.076031166,47478.34953,0.478246393,2.6,99,5338871,79.7195122
Finland,FIN,2010,49.07094464,50.92905536,16.55708498,17.25941648,11.4,9.5,1.87,14080,3.168287912,46506.2919,0.457494535,2.4,99,5363352,79.87073171
Finland,FIN,2011,49.09928862,50.90071138,16.48666977,17.82139106,11.1,9.4,1.83,16798,2.390394554,51060.32426,0.463558707,2.3,99,5388272,80.47073171
Finland,FIN,2012,49.12673156,50.87326844,16.44253207,18.44995859,11,9.6,1.8,17894,-1.52284013,47551.67408,0.475809487,2.2,99,5413971,80.62682927
Finland,FIN,2013,49.15629614,50.84370386,16.42225218,19.07335707,10.7,9.5,1.75,18164,-0.979741025,49691.01452,0.460723773,2.1,98,5438972,80.97560976
Finland,FIN,2014,49.18423497,50.81576503,16.40193757,19.66610481,10.5,9.6,1.71,15915,-0.478068425,50073.77608,0.413560208,2,98,5461512,81.1804878
Finland,FIN,2015,49.2149961,50.7850039,16.35701111,20.20906187,10.1,9.6,1.65,12655,0.466503766,42560.34568,0.329383886,2,97,5479531,81.4804878
Finland,FIN,2016,49.25938077,50.74061923,16.28799107,20.68380333,9.6,9.8,1.57,17321,2.571934149,43451.25624,0.287421402,1.9,92,5495303,81.42926829
Finland,FIN,2017,49.30368114,50.69631886,16.19897153,21.14574733,9.1,9.8,1.49,13356,3.303370036,46085.01747,0.234670532,1.9,89,5508214,81.63170732
Finland,FIN,2018,49.33741402,50.66258598,16.06917771,21.61548145,8.6,9.9,1.41,11822,1.192977597,49654.2497,0.132641041,1.9,91,5515525,81.73414634
Finland,FIN,2019,49.36575464,50.63424536,15.87610941,22.06139384,8.3,9.8,1.35,15671,1.349738457,48358.18078,0.11019169,1.9,91,5521606,81.98292683
Finland,FIN,2020,49.39011996,50.60988004,15.66033024,22.49068289,8.4,10,1.37,17504,-2.491036055,48828.68469,0.143641197,1.8,89,5529543,81.93170732
Finland,FIN,2021,49.42207975,50.57792025,15.45433873,22.87495657,9,10.4,1.46,22484,2.676346415,53099.13514,0.207288594,1.8,89,5541017,81.88536585
Finland,FIN,2022,49.43185848,50.56814152,15.22094612,23.22876721,8.1,11.4,1.32,60353,0.763041913,50440.56022,0.271944527,1.8,91,5556106,81.18780488
Finland,FIN,2023,49.41840889,50.58159111,14.93500796,23.57787472,7.8,11,1.26,38156,-0.93909346,52834.29168,0.499192375,1.8,91,5583911,81.68536585
Finland,FIN,2024,49.42670968,50.57329032,14.63318611,23.89723694,,,,26894,0.416171965,53149.76719,0.642640054,,91,5619911,
France,FRA,2000,48.51201044,51.48798956,18.92614679,16.00864583,13.3,8.9,1.89,171637,4.140999964,22340.59395,0.68633572,4.1,97,60918661,79.05609756
France,FRA,2001,48.48925869,51.51074131,18.87248717,16.1191469,13.1,8.8,1.9,179476,1.899467012,22331.79483,0.728993949,3.9,97,61364377,79.15853659
France,FRA,2002,48.46890162,51.53109838,18.78866081,16.21511062,12.9,8.8,1.88,191373,1.067750271,24144.5727,0.727033003,3.8,97,61812142,79.26097561
France,FRA,2003,48.45190884,51.54809116,18.68798677,16.28332192,12.8,9.1,1.89,195616,0.967827183,29479.52221,0.705638837,3.6,97,62249855,79.11463415
France,FRA,2004,48.4321289,51.5678711,18.58541673,16.36569948,12.8,8.3,1.92,200629,2.868250525,33644.92822,0.732625503,3.5,98,62707588,80.16341463
France,FRA,2005,48.40831485,51.59168515,18.50274577,16.43773183,12.8,8.5,1.94,191417,1.888565841,34696.37183,0.751885117,3.4,98,63180854,80.16341463
France,FRA,2006,48.4051852,51.5948148,18.4580572,16.44179971,13.1,8.3,2,132512,2.714064488,36431.56589,0.696338575,3.3,99,63622342,80.81219512
France,FRA,2007,48.41423946,51.58576054,18.44119609,16.46228814,12.8,8.3,1.98,91973,2.530481884,41486.19078,0.618225683,3.2,99,64016890,81.11219512
France,FRA,2008,48.41495223,51.58504777,18.45873117,16.5489942,12.9,8.5,2.01,79528,0.380171436,45464.81814,0.558020613,3.2,99,64375116,81.21463415
France,FRA,2009,48.41666059,51.58333941,18.50762021,16.66032923,12.8,8.5,2,58032,-2.824551537,41728.08842,0.513351013,3.1,98,64706436,81.41463415
France,FRA,2010,48.4234822,51.5765178,18.5311286,16.78228182,12.9,8.5,2.03,52644,2.00032476,40694.82117,0.492976371,3.1,99,65026211,81.66341463
France,FRA,2011,48.42234911,51.57765089,18.54324278,17.05547201,12.7,8.4,2.01,70178,2.437576537,43929.78409,0.482667411,3.1,99,65340830,82.11463415
France,FRA,2012,48.42297191,51.57702809,18.53470171,17.48309597,12.6,8.7,2.01,103287,0.183835265,40863.58144,0.483714919,3.1,99,65657659,81.96829268
France,FRA,2013,48.42842272,51.57157728,18.44420709,17.92957802,12.4,8.7,1.99,116297,0.781756446,42669.17951,0.516915013,3.1,88,65997932,82.2195122
France,FRA,2014,48.41832112,51.58167888,18.34606775,18.38787321,12.4,8.4,2,52342,0.997832947,43148.04593,0.474847846,3.1,92,66312067,82.7195122
France,FRA,2015,48.39475,51.60525,18.24496148,18.85162696,12,8.9,1.96,-345,1.066754748,36702.43237,0.35556924,3.2,96,66548272,82.32195122
France,FRA,2016,48.39843854,51.60156146,18.08316274,19.28466417,11.8,8.9,1.92,15548,0.860031075,37024.21571,0.263868789,3.2,95,66724104,82.57317073
France,FRA,2017,48.41183568,51.58816432,17.93107477,19.67084868,11.5,9.1,1.89,102984,2.08361486,38687.16264,0.290202116,3.3,95,66918020,82.57560976
France,FRA,2018,48.41461956,51.58538044,17.78118338,20.03942106,11.3,9.1,1.87,132925,1.645908724,41418.17665,0.358494582,3.3,95,67158348,82.67560976
France,FRA,2019,48.42939145,51.57060855,17.60874451,20.41008888,11.2,9.1,1.86,71972,2.027446464,40408.28486,0.332559129,3.3,95,67382061,82.82682927
France,FRA,2020,48.43882835,51.56117165,17.43915804,20.7474409,10.9,9.9,1.83,145593,-7.440645899,39169.8606,0.324557781,3.3,96,67601110,82.17560976
France,FRA,2021,48.44849281,51.55150719,17.24520615,21.05075397,10.9,9.8,1.84,131465,6.882337834,43725.09995,0.356902332,3.4,96,67842811,82.32439024
France,FRA,2022,48.45841514,51.54158486,17.03141577,21.37734912,10.7,9.9,1.79,179377,2.716762642,40988.63964,0.502320929,3.4,96,68184457,82.12926829
France,FRA,2023,48.46908105,51.53091895,16.78477833,21.74914239,9.9,9.2,1.66,91862,1.439214944,44700.13842,0.275093143,3.4,96,68372286,82.92926829
France,FRA,2024,48.47842096,51.52157904,16.50512103,22.1465619,,,,90527,1.190467983,46103.08409,0.261995242,,96,68551653,
Gabon,GAB,2000,49.50241931,50.49758069,40.82374777,4.922887566,33.429,9.746,4.469,3086,-1.882966398,3982.906201,2.585402093,50.8,45,1275572,61.81
Gabon,GAB,2001,49.56509256,50.43490744,40.47832583,4.85213485,33.228,9.602,4.417,3801,2.135233422,3835.757183,2.631864207,49.5,45,1309589,61.982
Gabon,GAB,2002,49.63197003,50.36802997,40.11389191,4.783646251,33.076,9.452,4.36,4582,-0.249033169,3966.480019,2.678103224,48.3,45,1345135,62.175
Gabon,GAB,2003,49.70409065,50.29590935,39.73456062,4.716860678,32.869,9.262,4.299,5434,2.247330012,4710.748628,2.729056967,46.9,45,1382350,62.463
Gabon,GAB,2004,49.78418805,50.21581195,39.35148109,4.648044803,32.748,9.102,4.252,6830,0.689543058,5465.791936,2.80043793,45.6,45,1421609,62.694
Gabon,GAB,2005,49.87499103,50.12500897,38.96993157,4.575827044,32.682,8.926,4.21,8555,2.676203333,6547.87614,2.903808194,44.4,45,1463495,62.978
Gabon,GAB,2006,49.97775696,50.02224304,38.59197248,4.502309497,32.612,8.755,4.17,10382,-2.806578356,6847.009857,3.018030874,43.3,45,1508337,63.259
Gabon,GAB,2007,50.09028182,49.90971818,38.22453192,4.429786585,32.585,8.556,4.142,12045,6.008108025,8003.542897,3.126300836,41.8,81,1556237,63.619
Gabon,GAB,2008,50.20756931,49.79243069,37.88019351,4.36013502,32.617,8.35,4.118,13441,-3.308430649,9688.645197,3.220725161,40.7,82,1607175,64.011
Gabon,GAB,2009,50.3291493,49.6708507,37.58073757,4.294378282,32.869,8.171,4.138,15277,0.13033112,7290.575261,3.327653333,40,76,1661556,64.361
Gabon,GAB,2010,50.45610767,49.54389233,37.33797552,4.233262921,33.031,7.994,4.153,17274,7.089887315,8356.74662,3.449942679,38.7,67,1719879,64.715
Gabon,GAB,2011,50.58673333,49.41326667,37.14137244,4.17815082,33.011,7.802,4.151,18967,7.091753343,10219.11393,3.547397199,37.5,75,1781985,65.102
Gabon,GAB,2012,50.71655594,49.28344406,36.96363534,4.129835597,32.49,7.615,4.086,19973,5.251076918,9296.965879,3.577469045,36.4,82,1846889,65.438
Gabon,GAB,2013,50.83661865,49.16338135,36.79393495,4.083042939,31.919,7.44,4.019,19587,5.638699003,9197.701063,3.520092964,35.2,79,1913059,65.751
Gabon,GAB,2014,50.93274916,49.06725084,36.65824319,4.042105753,31.384,7.272,3.953,16565,4.314964441,9201.362766,3.358440017,34.6,70,1978399,66.07
Gabon,GAB,2015,50.99351344,49.00648656,36.58196184,4.016875148,31.085,7.138,3.921,12041,3.878899395,7047.126546,3.114656253,33.5,80,2040989,66.336
Gabon,GAB,2016,51.01699467,48.98300533,36.57740824,4.002916718,30.983,7.024,3.921,7398,2.091442208,6677.070039,2.86485541,32.3,75,2100306,66.583
Gabon,GAB,2017,51.01022347,48.98977653,36.63118364,3.99443646,30.774,6.918,3.913,4013,0.472642031,6921.733731,2.658895725,31.7,75,2156900,66.816
Gabon,GAB,2018,50.98772011,49.01227989,36.70750243,3.990837662,30.537,6.817,3.908,2886,0.837916581,7624.277523,2.536882898,30.7,70,2212318,67.043
Gabon,GAB,2019,50.95900922,49.04099078,36.7756307,3.992603978,30.146,6.693,3.884,2233,3.920808795,7441.178647,2.47279132,29.7,70,2267706,67.337
Gabon,GAB,2020,50.92349364,49.07650636,36.81800392,3.993065348,29.541,6.831,3.831,1506,-1.837761064,6605.803461,2.389223598,28.5,63,2322539,67.073
Gabon,GAB,2021,50.88049843,49.11950157,36.8222493,3.9954189,28.938,6.802,3.776,1503,1.467957315,8181.409141,2.306124358,28.1,75,2376722,67.072
Gabon,GAB,2022,50.83795228,49.16204772,36.77381891,4.011338901,28.3,6.519,3.712,987,3.037614495,8409.207415,2.247639013,27.2,60,2430747,67.713
Gabon,GAB,2023,50.79874017,49.20125983,36.66219479,4.041832937,27.666,6.269,3.647,987,2.438936651,7802.824333,2.198912897,26.5,70,2484789,68.337
Gabon,GAB,2024,50.75893518,49.24106482,36.48454884,4.0825514,,,,1105,3.394038996,8230.043115,2.156365098,,61,2538952,
"Gambia, The",GMB,2000,49.4925726,50.5074274,46.83267535,3.023329573,41.055,11.332,5.716,-3670,5.500000216,538.0540723,2.738372127,73.2,80,1455084,56.899
"Gambia, The",GMB,2001,49.49234487,50.50765513,46.71487367,2.95228597,40.517,10.983,5.67,-3882,5.800000243,459.8030684,2.706993376,70.8,87,1495011,57.283
"Gambia, The",GMB,2002,49.49534151,50.50465849,46.55777106,2.887104242,40.027,10.623,5.656,-4067,-3.25000015,376.531027,2.684687794,68.4,87,1535691,57.736
"Gambia, The",GMB,2003,49.50114477,50.49885523,46.36439326,2.828643174,39.728,10.27,5.656,-3713,6.869999622,308.7191234,2.693123485,66.1,87,1577611,58.223
"Gambia, The",GMB,2004,49.50974859,50.49025141,46.14014642,2.778676399,39.709,9.933,5.683,-3636,7.050000001,593.2853463,2.732402056,63.8,87,1621312,58.749
"Gambia, The",GMB,2005,49.5206468,50.4793532,45.88932339,2.736921856,39.686,9.687,5.708,-3209,-2.351729362,616.4836579,2.781210107,61.6,95,1667037,59.11
"Gambia, The",GMB,2006,49.53354446,50.46645554,45.62319581,2.702976869,39.884,9.373,5.736,-2666,-0.555580977,614.5443079,2.852561853,59.4,95,1715275,59.667
"Gambia, The",GMB,2007,49.54897965,50.45102035,45.34913453,2.67772169,39.537,9.152,5.685,-2320,3.043249508,724.7264072,2.901570356,57.3,95,1765774,60.001
"Gambia, The",GMB,2008,49.56690644,50.43309356,45.06367955,2.662537984,39.151,8.878,5.625,-2204,6.255905534,859.1276714,2.906646313,55.4,96,1817852,60.473
"Gambia, The",GMB,2009,49.58611709,50.41388291,44.77246586,2.656214724,38.941,8.71,5.574,-2259,6.665724308,774.8880309,2.904298539,53.5,98,1871422,60.735
"Gambia, The",GMB,2010,49.6059179,50.3940821,44.49885149,2.656556437,38.872,8.48,5.558,-2456,5.90833581,801.0333727,2.9073793,51.7,97,1926630,61.167
"Gambia, The",GMB,2011,49.62662266,50.37337734,44.26738099,2.660824631,38.808,8.275,5.542,-2360,-8.130444223,710.6084115,2.923376927,50,96,1983784,61.561
"Gambia, The",GMB,2012,49.64752006,50.35247994,44.08295847,2.662627695,38.814,8.103,5.519,-2332,5.241569246,692.5793616,2.945919358,48.4,98,2043094,61.9
"Gambia, The",GMB,2013,49.66803244,50.33196756,43.9206643,2.652580224,38.097,7.909,5.392,-2476,2.87276879,653.8627133,2.928941434,46.8,97,2103820,62.252
"Gambia, The",GMB,2014,49.68773793,50.31226207,43.74639644,2.629464715,36.907,7.716,5.197,-2793,-1.407382495,568.0045356,2.844758394,45.2,96,2164528,62.576
"Gambia, The",GMB,2015,49.70584784,50.29415216,43.55092696,2.614823183,35.746,7.501,5.003,-3224,4.058073804,619.5363643,2.734288399,43.8,97,2224529,62.971
"Gambia, The",GMB,2016,49.72162246,50.27837754,43.32735856,2.619857214,34.593,7.288,4.809,-3486,1.943359655,650.0565013,2.628194051,42.3,95,2283769,63.386
"Gambia, The",GMB,2017,49.73503431,50.26496569,43.06793773,2.638621392,33.451,7.123,4.614,-3696,4.822611249,642.5226413,2.525881385,41,92,2342189,63.708
"Gambia, The",GMB,2018,49.74652374,50.25347626,42.76526567,2.670596992,32.324,6.964,4.42,-3944,7.234890333,696.219807,2.422943009,39.7,93,2399632,64.034
"Gambia, The",GMB,2019,49.7573105,50.2426895,42.4245699,2.715088952,31.921,6.807,4.33,-4186,6.22205316,738.186752,2.35622072,38.4,88,2456844,64.427
"Gambia, The",GMB,2020,49.7660325,50.2339675,42.04407979,2.766231002,31.525,6.797,4.248,-1949,0.591487288,720.3351434,2.368661292,37.2,85,2515733,64.418
"Gambia, The",GMB,2021,49.77391392,50.22608608,41.62399246,2.821282297,31.171,7.01,4.165,-1949,5.255968788,781.8909252,2.367747784,36,82,2576010,63.847
"Gambia, The",GMB,2022,49.7823605,50.2176395,41.1843867,2.889792033,30.771,6.635,4.078,-3000,5.49299823,836.2448759,2.319921098,34.9,79,2636470,64.859
"Gambia, The",GMB,2023,49.79011025,50.20988975,40.73085356,2.977857702,30.429,6.292,4.006,-3000,5.916795715,883.0241117,2.301240497,33.8,84,2697845,65.86
"Gambia, The",GMB,2024,49.79494469,50.20505531,40.24799025,3.078238579,,,,-2989,5.551260695,871.3402918,2.277302572,,80,2759988,
Georgia,GEO,2000,45.67355565,54.32644435,22.4015435,12.40642525,12.452,11.304,1.609,-135046,1.840381179,749.908535,-1.944629157,29.4,80,4077131,70.091
Georgia,GEO,2001,45.55187194,54.44812806,21.70013967,12.79191208,12.248,11.39,1.579,-110969,4.807298672,801.9838371,-1.551238397,27.4,87,4014373,70.371
Georgia,GEO,2002,45.48839758,54.51160242,21.01880484,13.23089412,12.206,11.646,1.571,-58531,5.474024887,853.5261719,-0.897253673,25.4,84,3978515,70.438
Georgia,GEO,2003,45.54525241,54.45474759,20.46554838,13.69787856,12.132,11.504,1.552,-31075,11.057031,1010.031516,-0.675365806,23.3,75,3951736,71.377
Georgia,GEO,2004,45.67711183,54.32288817,19.92823848,14.13095695,12.326,12.254,1.566,-30614,5.792682927,1305.047486,-0.61926241,21.2,78,3927340,71.011
Georgia,GEO,2005,45.79468477,54.20531523,19.32320384,14.50941363,12.563,12.152,1.583,-31216,9.591138329,1642.783594,-0.635292218,19.2,82,3902469,70.689
Georgia,GEO,2006,45.89393811,54.10606189,18.7954786,14.77597848,12.906,12.353,1.617,-31729,9.421480812,1996.020133,-0.568484712,17.3,88,3880347,70.983
Georgia,GEO,2007,45.98119916,54.01880084,18.45799339,14.77733334,13.591,12.671,1.697,-32142,12.57556982,2635.366503,-0.521646734,15.6,98,3860158,70.985
Georgia,GEO,2008,46.06615506,53.93384494,18.3416301,14.50647399,14.697,12.625,1.832,-32463,2.42161441,3324.753721,-0.303790529,14.1,92,3848449,70.949
Georgia,GEO,2009,46.16500891,53.83499109,18.41654651,14.09373273,15.939,12.738,1.993,-32757,-3.650752296,2822.689397,-0.888185043,12.8,88,3814419,71.058
Georgia,GEO,2010,46.2730417,53.7269583,18.55242575,13.75291025,15.638,12.865,1.973,-36608,6.246408653,3281.729309,-0.729475257,11.7,92,3786695,71.732
Georgia,GEO,2011,46.37178728,53.62821272,18.64638056,13.61385563,14.987,12.594,1.915,-37847,7.934336525,4119.668183,-0.80216404,10.8,94,3756441,72.485
Georgia,GEO,2012,46.46604195,53.53395805,18.70529026,13.66202352,14.856,12.554,1.929,-39290,6.57883102,4530.695334,-0.736565519,10.1,92,3728874,72.672
Georgia,GEO,2013,46.55746398,53.44253602,18.75957077,13.85386408,15.065,12.336,1.993,-40117,5.132885312,4712.002294,-0.300972141,9.6,93,3717668,73.025
Georgia,GEO,2014,46.60163842,53.39836158,19.00307297,14.02932652,16.09,12.571,2.18,-16047,4.090490596,4830.334862,0.0469539,9.2,91,3719414,73.105
Georgia,GEO,2015,46.59792825,53.40207175,19.42207356,14.14194243,16.021,12.503,2.214,-13321,3.351023503,4086.622347,0.157481405,8.9,94,3725276,73.241
Georgia,GEO,2016,46.59223213,53.40776787,19.84214636,14.2606638,15.818,12.774,2.228,-10588,3.45021518,4143.401257,0.059816599,8.7,92,3727505,73.136
Georgia,GEO,2017,46.58533312,53.41466688,20.22578482,14.37438091,14.905,12.654,2.136,-7889,5.159902617,4418.752065,0.013386075,8.5,91,3728004,73.435
Georgia,GEO,2018,46.57915041,53.42084959,20.5458306,14.51830982,14.334,12.078,2.093,-5176,6.062036413,4804.054604,-0.039036546,8.4,93,3726549,73.985
Georgia,GEO,2019,46.57347929,53.42652071,20.80316642,14.70447208,13.588,12.081,2.021,-5412,5.380719266,4741.283272,-0.17156574,8.3,94,3720161,74.165
Georgia,GEO,2020,46.56497559,53.43502441,21.00033248,14.88748519,13.053,12.963,1.976,-2738,-6.290471785,4300.857013,0.068656249,8.2,88,3722716,73.509
Georgia,GEO,2021,46.57151432,53.42848568,21.17335027,14.98884373,12.881,15.342,1.98,-2738,10.64423366,5083.606955,-0.379636607,8.2,85,3708610,71.635
Georgia,GEO,2022,46.59158466,53.40841534,21.19719083,15.0869213,11.612,12.211,1.82,26999,10.95853214,6729.846599,0.104889951,8.1,85,3712502,74.141
Georgia,GEO,2023,46.60303948,53.39696052,21.04080586,15.31745832,11.494,11.839,1.81,2003,7.832201266,8283.669607,0.080264033,8,88,3715483,74.496
Georgia,GEO,2024,46.61358432,53.38641568,20.79876933,15.63768656,,,,1745,9.679793875,9241.491223,-0.429560043,,86,3699557,
Germany,DEU,2000,48.67040716,51.32959284,15.65359797,16.46073138,9.3,10.2,1.38,174594,2.876523125,23925.85599,0.1354316,4.4,90,82211508,77.92682927
Germany,DEU,2001,48.67057444,51.32942556,15.48009115,16.85570516,8.9,10.1,1.35,272875,1.636141707,23878.36415,0.168225361,4.3,93,82349925,78.32926829
Germany,DEU,2002,48.67968248,51.32031752,15.26256539,17.26503647,8.7,10.2,1.34,218795,-0.228255716,25486.5942,0.168128319,4.2,93,82488495,78.22926829
Germany,DEU,2003,48.66585196,51.33414804,15.01336251,17.71825693,8.6,10.3,1.34,142009,-0.529801394,30711.10225,0.055363304,4.1,97,82534176,78.3804878
Germany,DEU,2004,48.65571679,51.34428321,14.75401253,18.26580615,8.6,9.9,1.36,81735,1.162086845,34566.73591,-0.021709728,4,96,82516260,78.6804878
Germany,DEU,2005,48.62111994,51.37888006,14.4931869,18.85868505,8.3,10.1,1.34,81351,0.885485293,35084.43635,-0.056778262,3.9,96,82469422,78.93170732
Germany,DEU,2006,48.6768055,51.3231945,14.21089095,19.49562208,8.2,10,1.33,-489056,3.866682415,36980.33499,-0.112797498,3.8,96,82376451,79.13170732
Germany,DEU,2007,48.77699529,51.22300471,13.98531776,19.99119418,8.3,10.1,1.37,-24772,2.889117414,42350.92172,-0.133718573,3.7,96,82266372,79.53414634
Germany,DEU,2008,48.78803836,51.21196164,13.84304094,20.28731472,8.3,10.3,1.38,-23341,0.887902331,46379.1648,-0.190142845,3.6,96,82110097,79.73658537
Germany,DEU,2009,48.75151853,51.24848147,13.75718733,20.52159563,8.1,10.4,1.36,46533,-5.544554519,42471.88686,-0.25338341,3.5,96,81902307,79.83658537
Germany,DEU,2010,48.72369331,51.27630669,13.69591173,20.56544535,8.3,10.5,1.39,130116,4.134637785,42396.9666,-0.153198447,3.5,96,81776930,79.98780488
Germany,DEU,2011,48.76738411,51.23261589,13.57900848,20.52149813,8.3,10.6,1.39,295282,3.757968845,47630.97619,-1.853714629,3.4,95,80274983,80.43658537
Germany,DEU,2012,48.87364723,51.12635277,13.39080677,20.63764943,8.4,10.8,1.41,199143,0.463512037,44718.01592,0.187727801,3.4,95,80425823,80.53902439
Germany,DEU,2013,48.98603718,51.01396282,13.23255457,20.81297611,8.5,11.1,1.42,462384,0.396995584,47206.83535,0.272900215,3.3,93,80645605,80.4902439
Germany,DEU,2014,49.06211383,50.93788617,13.17913753,20.95866869,8.8,10.7,1.47,592338,2.180186022,48959.59912,0.416877359,3.3,93,80982500,81.0902439
Germany,DEU,2015,49.22399183,50.77600817,13.21011097,21.05335368,9,11.3,1.5,1175283,1.663006023,41929.75491,0.865702644,3.3,93,81686611,80.64146341
Germany,DEU,2016,49.34961234,50.65038766,13.32649389,21.13499618,9.6,11.1,1.6,517480,2.222222163,42948.93819,0.807218539,3.3,91,82348669,80.9902439
Germany,DEU,2017,49.36283758,50.63716242,13.45701899,21.29364051,9.5,11.3,1.57,452988,2.797906721,45553.93415,0.37372456,3.2,91,82657002,80.99268293
Germany,DEU,2018,49.37559514,50.62440486,13.56261628,21.44976139,9.5,11.5,1.57,403908,1.135696046,48916.16866,0.300526702,3.2,91,82905782,80.89268293
Germany,DEU,2019,49.37998798,50.62001202,13.66259711,21.62839331,9.4,11.3,1.54,319082,0.977734697,47656.19974,0.225519874,3.1,91,83092962,81.29268293
Germany,DEU,2020,49.37447378,50.62552622,13.76172633,21.84472812,9.3,11.9,1.53,203468,-4.131914432,47394.87345,0.081693159,3.1,91,83160871,81.04146341
Germany,DEU,2021,49.36773423,50.63226577,13.85773094,22.13453737,9.6,12.3,1.58,310264,3.909999942,52349.246,0.042327057,3.1,92,83196078,80.7902439
Germany,DEU,2022,49.36787567,50.63212433,13.91253112,22.45890638,8.8,12.7,1.455,981552,1.809258124,50506.51796,-0.02195657,3.1,89,83177813,80.60804878
Germany,DEU,2023,49.3751809,50.6248191,13.91557027,22.79004395,8.3,12.3,1.39,609553,-0.869647579,54776.76682,0.131511079,3.1,89,83287273,80.54146341
Germany,DEU,2024,49.38134875,50.61865125,13.91016042,23.19558717,,,,36954,-0.495851897,56103.73232,0.274957829,,89,83516593,
Ghana,GHA,2000,49.78563776,50.21436224,42.26807163,3.140812077,35.898,9.991,4.827,-4206,3.700000082,253.7469362,2.51243584,61.8,88,19637087,58.139
Ghana,GHA,2001,49.80410887,50.19589113,41.87294004,3.191599215,35.62,9.866,4.768,36050,4.000000128,263.5421565,2.663105441,59.8,79,20167069,58.403
Ghana,GHA,2002,49.8236851,50.1763149,41.46160031,3.236919006,35.223,9.722,4.687,40573,4.499999559,297.4616447,2.7501377,58,78,20729388,58.709
Ghana,GHA,2003,49.84198729,50.15801271,41.07873025,3.278084568,34.779,9.58,4.597,28768,5.200000133,358.3992714,2.699996233,56.3,80,21296705,59.014
Ghana,GHA,2004,49.85869957,50.14130043,40.72063816,3.312537171,34.282,9.436,4.504,34433,5.599999991,406.1321053,2.648564224,54.8,80,21868298,59.316
Ghana,GHA,2005,49.8745492,50.1254508,40.39336976,3.33811029,34.403,9.314,4.496,21272,5.900003819,478.6119092,2.622757231,53.4,84,22449438,59.638
Ghana,GHA,2006,49.89021168,50.10978832,40.09289517,3.359619859,33.877,9.161,4.399,28536,6.399912606,906.4410276,2.599672365,52.1,84,23040702,59.975
Ghana,GHA,2007,49.9051297,50.0948703,39.79457945,3.378508899,33.223,9.015,4.288,32813,4.346819104,1050.124615,2.577428818,50.7,94,23642279,60.282
Ghana,GHA,2008,49.91842044,50.08157956,39.51199108,3.387819915,32.789,8.884,4.217,30506,9.149798938,1182.657613,2.537779829,49.2,93,24249946,60.578
Ghana,GHA,2009,49.930462,50.069538,39.27390204,3.385952459,32.585,8.741,4.179,22416,4.844487052,1047.704301,2.495284986,47.5,94,24862664,60.928
Ghana,GHA,2010,49.94135818,50.05864182,39.10810069,3.379786794,32.672,8.604,4.181,-3726,7.899711941,1263.892518,2.43301424,45.7,94,25474995,61.297
Ghana,GHA,2011,49.9501707,50.0498293,39.00927447,3.369980971,32.685,8.485,4.177,-720,14.04712358,1507.435732,2.404971455,43.9,91,26095088,61.617
Ghana,GHA,2012,49.9572515,50.0427485,38.93687422,3.356450542,32.519,8.333,4.154,1005,9.292789406,1543.775242,2.41990908,42.1,92,26734268,61.995
Ghana,GHA,2013,49.96318948,50.03681052,38.86063935,3.34807586,32.219,8.169,4.114,-2377,7.312525017,2294.795847,2.409279309,40.5,90,27386193,62.397
Ghana,GHA,2014,49.96730749,50.03269251,38.75665942,3.350542591,31.547,7.981,4.029,-6312,2.856240163,1949.908329,2.364985531,39.1,98,28041592,62.832
Ghana,GHA,2015,49.97025899,50.02974101,38.60681956,3.358798205,31.114,7.845,3.982,-13306,2.120759338,1722.772828,2.307127331,37.7,89,28696068,63.175
Ghana,GHA,2016,49.97287506,50.02712494,38.40014056,3.369365772,30.172,7.693,3.873,7009,3.37346575,1912.479913,2.276212039,36.4,93,29356742,63.522
Ghana,GHA,2017,49.97462373,50.02537627,38.13556218,3.385157347,28.926,7.558,3.715,-4913,8.128894881,2012.286626,2.195357928,35.1,99,30008354,63.829
Ghana,GHA,2018,49.97522977,50.02477023,37.84590296,3.407287216,28.388,7.448,3.65,-19375,6.200077681,2195.32166,2.075171366,33.9,97,30637585,64.138
Ghana,GHA,2019,49.97427136,50.02572864,37.55128652,3.436411562,27.891,7.34,3.593,-21857,6.507774794,2186.658227,2.0078052,32.6,97,31258945,64.455
Ghana,GHA,2020,49.96970943,50.03029057,37.22445779,3.468706489,27.43,7.439,3.541,-291,0.513941671,2195.454817,1.991819851,31.4,94,31887809,64.309
Ghana,GHA,2021,49.96388228,50.03611772,36.87595878,3.506690696,27.034,7.482,3.492,-11259,5.076466435,2445.186625,1.959045844,30.2,98,32518665,64.286
Ghana,GHA,2022,49.95847858,50.04152142,36.52913052,3.56150287,26.596,7.095,3.434,-10003,3.80484981,2229.891226,1.920290343,29.2,99,33149152,65.246
Ghana,GHA,2023,49.95142642,50.04857358,36.17891889,3.631814915,26.31,7.04,3.397,-10003,3.140090998,2383.904105,1.908602897,28.2,95,33787914,65.498
Ghana,GHA,2024,49.94346075,50.05653925,35.8181308,3.708332605,,,,-13114,5.590454696,2390.772377,1.875000103,,95,34427414,
Greece,GRC,2000,49.3340033,50.6659967,15.8227233,17.02535605,9.6,9.7,1.25,54661,4.137826994,11638.20107,0.409041838,5.5,89,10805808,77.88780488
Greece,GRC,2001,49.34850197,50.65149803,15.73732149,17.26438046,9.4,9.4,1.25,60387,4.650414594,12156.95728,0.519884464,5.1,91,10862132,78.38780488
Greece,GRC,2002,49.35323094,50.64676906,15.62109643,17.5345403,9.5,9.5,1.28,25692,4.683137271,13782.19564,0.366566462,4.8,92,10902022,78.64146341
Greece,GRC,2003,49.3437818,50.6562182,15.41788223,17.83265258,9.6,9.7,1.29,25323,5.796822743,18020.61204,0.238643175,4.4,94,10928070,78.84146341
Greece,GRC,2004,49.32449955,50.67550045,15.19619492,18.1032231,9.6,9.6,1.31,29039,5.377866346,21449.25528,0.247413543,4.1,95,10955141,79.03902439
Greece,GRC,2005,49.29877372,50.70122628,14.9986839,18.32481456,9.8,9.6,1.34,33297,1.183506355,22054.13158,0.293249074,3.9,96,10987314,79.23902439
Greece,GRC,2006,49.25275299,50.74724701,14.82855077,18.48934154,10.2,9.6,1.4,27621,6.443397625,24416.0233,0.300331801,3.7,98,11020362,79.43902439
Greece,GRC,2007,49.18687175,50.81312825,14.69369652,18.60483002,10.1,9.9,1.41,25400,3.506869766,28440.76253,0.254757582,3.5,99,11048473,79.43902439
Greece,GRC,2008,49.11227203,50.88772797,14.63478137,18.71140156,10.7,9.7,1.5,27081,0.057474024,31695.83311,0.265457837,3.4,99,11077841,79.93902439
Greece,GRC,2009,49.03435953,50.96564047,14.63395663,18.88299397,10.6,9.8,1.5,18182,-4.119276067,29425.45732,0.263026401,3.3,99,11107017,80.18780488
Greece,GRC,2010,48.95171722,51.04828278,14.63322957,19.15788963,10.3,9.8,1.48,2001,-5.693741216,26653.0488,0.128880433,3.3,99,11121341,80.38780488
Greece,GRC,2011,48.8492636,51.1507364,14.64750134,19.50738616,9.6,10,1.4,-31786,-9.876778753,25504.78665,-0.147951277,3.4,99,11104899,80.73170732
Greece,GRC,2012,48.70881005,51.29118995,14.67059065,19.88909603,9.1,10.6,1.34,-65364,-8.331134211,21624.34605,-0.540752951,3.4,99,11045011,80.63414634
Greece,GRC,2013,48.54822061,51.45177939,14.66023308,20.29151841,8.6,10.2,1.29,-59323,-2.272116999,21573.34498,-0.725120807,3.5,99,10965211,81.28536585
Greece,GRC,2014,48.41184831,51.58815169,14.58727359,20.69706729,8.5,10.4,1.3,-46678,0.792225061,21474.72571,-0.66611329,3.6,99,10892413,81.38536585
Greece,GRC,2015,48.30642138,51.69357862,14.48439721,21.0794802,8.5,11.2,1.33,-43462,-0.228301892,17980.72982,-0.658861361,3.6,99,10820883,81.03658537
Greece,GRC,2016,48.27941227,51.72058773,14.43750102,21.3988877,8.6,11,1.38,10484,-0.031794768,17919.24264,-0.415913028,3.6,99,10775971,81.38780488
Greece,GRC,2017,48.30446887,51.69553113,14.42001366,21.65633743,8.2,11.6,1.35,10483,1.473124727,18631.99301,-0.197783225,3.6,99,10754679,81.28780488
Greece,GRC,2018,48.33861158,51.66138842,14.36852564,21.89663375,8.1,11.2,1.35,17938,2.064672079,19873.40152,-0.202880238,3.6,99,10732882,81.78780488
Greece,GRC,2019,48.41280222,51.58719778,14.2956683,22.1273853,7.8,11.7,1.34,36762,2.277180653,19335.3602,-0.105339393,3.5,99,10721582,81.63902439
Greece,GRC,2020,48.46243736,51.53756264,14.17029359,22.39343273,7.9,12.2,1.39,6353,-9.196231497,17886.73317,-0.214592107,3.4,99,10698599,81.28780488
Greece,GRC,2021,48.44746394,51.55253606,14.02269905,22.83895334,8.1,13.6,1.43,-160277,8.65449786,20654.7002,-1.21680249,3.3,99,10569207,80.08292683
Greece,GRC,2022,48.4315264,51.5684736,13.84824749,23.22817427,7.3,13.4,1.32,-53997,5.521985806,20886.52431,-1.259889457,3.3,98,10436882,80.78780488
Greece,GRC,2023,48.43541502,51.56458498,13.58681472,23.48299802,6.8,12.2,1.32,-159430,2.13591132,23343.7104,-0.283349546,3.2,95,10407351,81.53658537
Greece,GRC,2024,48.43882009,51.56117991,13.21940941,23.93976343,,,,-122772,2.086574338,24626.14819,-0.02130452,,95,10405134,
Grenada,GRD,2000,50.59701631,49.40298369,32.91407246,8.491312319,17.503,7.213,2.441,-376,4.887952137,4839.828111,0.676075748,13.3,97,107451,72.955
Grenada,GRD,2001,50.6547145,49.3452855,32.14553604,8.663542834,17.283,7.262,2.421,-737,-2.023900041,4819.507767,0.497591981,13.1,96,107987,73.034
Grenada,GRD,2002,50.67755177,49.32244823,30.98164744,8.804985033,17.207,7.275,2.378,-587,3.43732353,4984.474059,0.385413918,13,98,108404,73.142
Grenada,GRD,2003,50.70441938,49.29558062,29.81934903,8.942085155,17.143,7.274,2.332,-605,9.463973431,5427.963773,0.441810667,12.9,97,108884,73.291
Grenada,GRD,2004,50.73772216,49.26227784,28.69857532,9.07224039,17.07,7.615,2.285,-621,-0.647450316,5480.261176,0.402370769,12.9,83,109323,72.447
Grenada,GRD,2005,50.76639875,49.23360125,27.65219689,9.194009177,17.02,7.223,2.242,-672,13.27618833,6338.560114,0.37524524,13,99,109734,73.7
Grenada,GRD,2006,50.78948563,49.21051437,26.70961415,9.299538292,16.903,7.209,2.195,-672,-3.995328244,6344.038377,0.364763059,13,91,110135,73.93
Grenada,GRD,2007,50.81115806,49.18884194,25.8845564,9.388218582,16.802,7.213,2.154,-681,6.123450947,6864.548168,0.350771013,13.2,96,110522,74.159
Grenada,GRD,2008,50.83140961,49.16859039,25.17088083,9.467428942,16.674,7.244,2.116,-683,0.947542625,7448.204056,0.337822901,13.3,99,110896,74.374
Grenada,GRD,2009,50.85210419,49.14789581,24.55102738,9.543926511,16.505,7.307,2.078,-675,-6.613281348,6932.564722,0.322305028,13.6,99,111254,74.567
Grenada,GRD,2010,50.87151729,49.12848271,24.00569964,9.635617371,16.263,7.399,2.038,-665,-0.511146187,6909.601696,0.297971859,13.9,97,111586,74.731
Grenada,GRD,2011,50.8471703,49.1528297,23.61057825,9.713684098,16.012,7.502,2.006,-285,0.76477355,6947.381361,0.440838574,14.2,95,112079,74.861
Grenada,GRD,2012,50.79096246,49.20903754,23.33062882,9.77215594,15.78,7.577,1.967,-197,-1.154838164,7092.719854,0.61907035,14.6,97,112775,74.961
Grenada,GRD,2013,50.74061346,49.25938654,23.04493026,9.851789192,15.401,7.666,1.913,-181,2.351098017,7424.802123,0.629360962,15,97,113487,75.022
Grenada,GRD,2014,50.6891204,49.3108796,22.73035928,9.952116637,14.529,7.767,1.799,-181,7.34212396,7986.334212,0.566738037,15.4,97,114132,75.045
Grenada,GRD,2015,50.633088,49.366912,22.3656214,10.0670585,13.855,7.888,1.715,-181,6.445223147,8694.12438,0.475508745,15.8,92,114676,75.037
Grenada,GRD,2016,50.57152784,49.42847216,22.06766264,10.20368279,13.052,8.023,1.616,-181,3.739603956,9221.234611,0.395116394,16.1,96,115130,75.01
Grenada,GRD,2017,50.50849807,49.49150193,21.79741506,10.36357179,11.645,8.166,1.438,-181,4.438675669,9751.426612,0.267166461,16.4,96,115438,74.977
Grenada,GRD,2018,50.44471912,49.55528088,21.4913001,10.54749289,12.395,8.332,1.53,-181,4.361440394,10083.02128,0.218925449,16.6,95,115691,74.957
Grenada,GRD,2019,50.37764481,49.62235519,21.20898592,10.75818126,12.466,8.481,1.542,-181,0.676511739,10462.79292,0.250354079,16.8,94,115981,74.971
Grenada,GRD,2020,50.32619627,49.67380373,20.90019855,10.98580896,12.324,8.604,1.532,0,-13.75662226,8968.558901,0.309914935,17,72,116341,75.019
Grenada,GRD,2021,50.28794735,49.71205265,20.56775576,11.22785217,12.14,9.198,1.517,-69,4.697724023,9617.289029,0.29781723,17,77,116688,74.522
Grenada,GRD,2022,50.23821132,49.76178868,20.22016371,11.5213877,11.935,8.763,1.502,-190,7.31023807,10469.3867,0.192636221,16.9,77,116913,75.151
Grenada,GRD,2023,50.17637362,49.82362638,19.84608946,11.8704145,11.711,8.859,1.487,-190,4.526574975,11414.47817,0.14359345,16.7,86,117081,75.205
Grenada,GRD,2024,50.12925849,49.87074151,19.44116204,12.23940447,,,,-192,3.963325164,11705.0903,0.107559937,,93,117207,
Guatemala,GTM,2000,49.75986511,50.24013489,43.84079646,3.738153972,34.708,6.25,4.583,-65197,3.608868717,1648.96579,2.37572059,40.8,81,11697592,67.102
Guatemala,GTM,2001,49.74954513,50.25045487,43.61853897,3.752745955,34.156,6.126,4.502,-59536,2.332574866,1537.686636,2.297222236,39.3,77,11969422,67.436
Guatemala,GTM,2002,49.73918332,50.26081668,43.32945304,3.761163372,33.267,5.974,4.371,-55247,3.839287086,1669.335175,2.291883752,37.9,82,12246915,67.835
Guatemala,GTM,2003,49.72849729,50.27150271,42.96370427,3.767243901,32.47,5.842,4.25,-54701,2.560377668,1722.547019,2.251980172,36.6,84,12525842,68.204
Guatemala,GTM,2004,49.7167185,50.2832815,42.53580469,3.773122761,31.726,5.827,4.134,-47409,3.137916836,1840.911849,2.222941478,35.3,87,12807402,68.245
Guatemala,GTM,2005,49.70440022,50.29559978,42.06518011,3.781189235,30.777,5.882,3.974,-49636,3.276026926,2046.466117,2.164414785,34,87,13087629,68.167
Guatemala,GTM,2006,49.69251075,50.30748925,41.56156535,3.793069565,30.024,5.666,3.845,-42118,5.351397787,2225.123475,2.115588781,32.8,89,13367459,68.79
Guatemala,GTM,2007,49.6814542,50.3185458,41.02793795,3.810862699,29.422,5.521,3.716,-40632,6.33771869,2458.815739,2.106564032,31.6,85,13652040,69.299
Guatemala,GTM,2008,49.67134246,50.32865754,40.46558012,3.835542348,28.678,5.483,3.571,-42624,3.293524,2763.059882,2.052718639,30.4,95,13935174,69.493
Guatemala,GTM,2009,49.6618049,50.3381951,39.87991441,3.865451158,28.199,5.455,3.465,-43046,0.476898107,2611.646328,1.992457954,29.3,92,14215611,69.676
Guatemala,GTM,2010,49.65401994,50.34598006,39.27960214,3.898393892,27.821,5.421,3.375,-36076,2.884175428,2805.259602,1.981564659,28.2,94,14500112,69.885
Guatemala,GTM,2011,49.64874215,50.35125785,38.67648365,3.934681328,27.516,5.305,3.292,-33238,4.163906883,3168.983706,1.993863863,27.1,88,14792126,70.321
Guatemala,GTM,2012,49.64526007,50.35473993,38.08490477,3.976749886,27.231,5.205,3.219,-32624,2.974708568,3286.619593,1.991386736,26.1,96,15089647,70.722
Guatemala,GTM,2013,49.64252426,50.35747574,37.5045033,4.029014116,26.716,5.184,3.151,-35698,3.69481895,3444.158023,1.953601891,25.1,96,15387337,70.878
Guatemala,GTM,2014,49.64017349,50.35982651,36.94357604,4.089703142,26.467,5.197,3.088,-40409,4.443977834,3689.145104,1.895112319,24.1,74,15681725,70.942
Guatemala,GTM,2015,49.63815469,50.36184531,36.41218745,4.151885614,26.222,5.243,3.029,-48179,4.092170816,3893.505333,1.832507679,23.3,70,15971743,70.915
Guatemala,GTM,2016,49.63670864,50.36329136,35.88788574,4.215997409,25.957,5.174,2.973,-30980,2.677802776,4060.137847,1.842560602,22.5,83,16268760,71.215
Guatemala,GTM,2017,49.63602825,50.36397175,35.36817912,4.289389672,25.171,5.081,2.857,-42779,3.079851269,4324.997689,1.818760915,21.7,91,16567357,71.583
Guatemala,GTM,2018,49.63674375,50.36325625,34.86496987,4.374330875,24.315,5.135,2.743,-56487,3.406873483,4352.945933,1.666022733,21,85,16845685,71.496
Guatemala,GTM,2019,49.63737887,50.36262113,34.35056912,4.468746058,23.089,5.117,2.593,-57746,4.01789785,4511.998396,1.520629553,20.4,88,17103803,71.639
Guatemala,GTM,2020,49.62742533,50.37257467,33.80467227,4.545121309,22.043,5.835,2.47,-23927,-1.785551751,4477.61785,1.471377105,19.7,90,17357325,69.971
Guatemala,GTM,2021,49.60621411,50.39378589,33.26632062,4.576811159,21.407,6.909,2.388,-29908,8.041703782,4912.622404,1.380758706,19,80,17598650,67.858
Guatemala,GTM,2022,49.59396289,50.40603711,32.71402812,4.629892396,21.063,5.281,2.343,-8463,4.184518172,5358.70157,1.406237102,18.4,81,17847877,71.206
Guatemala,GTM,2023,49.59499224,50.40500776,32.13774744,4.73474038,20.809,4.829,2.311,-8940,3.533157518,5758.327608,1.539869719,17.9,88,18124838,72.602
Guatemala,GTM,2024,49.59802751,50.40197249,31.57712777,4.84933495,,,,-7725,3.651863829,6150.025714,1.541293997,,81,18406359,
Guinea,GIN,2000,49.27801969,50.72198031,44.88720649,3.959060043,41.833,14.892,5.918,-77450,2.503060563,518.1570669,1.961359643,97,46,8428832,52.42
Guinea,GIN,2001,49.12571019,50.87428981,45.26932796,3.943724561,41.318,14.662,5.834,-155020,3.658346469,483.0851202,1.309811432,93.2,50,8539960,52.669
Guinea,GIN,2002,49.0213932,50.9786068,45.48431183,3.924797432,40.56,14.157,5.781,-33450,5.164609467,495.9160736,1.558133038,89.7,53,8674066,53.2
Guinea,GIN,2003,49.0331911,50.9668089,45.3918068,3.894611766,40.284,13.818,5.744,-36934,1.248601259,566.4854059,2.242518772,86.6,57,8870781,53.589
Guinea,GIN,2004,49.02344494,50.97655506,45.32321982,3.861928732,40.244,13.533,5.733,-56036,2.340117313,584.8977405,2.140711575,83.8,60,9062726,53.975
Guinea,GIN,2005,48.98299171,51.01700829,45.31061495,3.826870547,40.411,13.241,5.727,-71015,2.997272563,463.1776869,2.000419546,81.4,59,9245844,54.422
Guinea,GIN,2006,48.95037374,51.04962626,45.25492893,3.792162211,40.307,12.925,5.704,-48078,1.189602117,446.9805541,2.090586581,79.3,57,9441171,54.875
Guinea,GIN,2007,48.95048074,51.04951926,45.09562209,3.757606706,40.207,12.67,5.664,-34311,6.817471111,650.1485753,2.314972964,77.7,63,9662281,55.233
Guinea,GIN,2008,48.96335642,51.03664358,44.89362144,3.722177568,40.08,12.367,5.596,-32925,4.13301616,703.5328258,2.41908605,76.4,60,9898870,55.703
Guinea,GIN,2009,48.97557903,51.02442097,44.68655871,3.687560781,39.928,12.135,5.528,-34007,-1.122642048,662.1859147,2.441584894,75.3,57,10143534,56.052
Guinea,GIN,2010,48.98845585,51.01154415,44.47926845,3.650474804,39.635,11.883,5.435,-31327,4.81336017,659.2353262,2.4592931,74.4,64,10396086,56.431
Guinea,GIN,2011,49.00470676,50.99529324,44.24993033,3.612685222,39.165,11.641,5.337,-29069,5.612111774,636.6949587,2.476973527,73.6,63,10656810,56.778
Guinea,GIN,2012,49.01904303,50.98095697,44.00079732,3.581542067,38.7,11.406,5.232,-32808,5.915286261,699.3533772,2.454161563,72.9,59,10921581,57.117
Guinea,GIN,2013,49.03307525,50.96692475,43.76798236,3.556772848,38.379,11.178,5.151,-29136,3.945687086,748.4550208,2.444714985,72.3,56,11191873,57.459
Guinea,GIN,2014,49.05514932,50.94485068,43.54003391,3.531179148,38.046,11.066,5.07,-22741,3.696553117,765.1469994,2.480193464,72.2,52,11472924,57.581
Guinea,GIN,2015,49.0887153,50.9112847,43.29862914,3.508366994,37.767,10.861,5.002,-15117,3.825910569,747.3569668,2.531512776,71.6,48,11767070,57.899
Guinea,GIN,2016,49.12942725,50.87057275,43.06726232,3.49199828,37.414,10.527,4.915,-14189,10.8206272,711.9965098,2.566908693,70.2,47,12073030,58.49
Guinea,GIN,2017,49.16964047,50.83035953,42.85842199,3.477703528,36.891,10.365,4.793,-13718,10.30000534,833.5986217,2.556523182,69.4,49,12385659,58.715
Guinea,GIN,2018,49.21114293,50.78885707,42.64598489,3.465791678,36.329,10.151,4.669,-9187,6.358491927,933.2736156,2.543855729,68.5,51,12704774,59.043
Guinea,GIN,2019,49.25846304,50.74153696,42.40598646,3.456924498,35.952,9.945,4.576,-3240,5.616914469,1031.341465,2.561004517,67.4,53,13034346,59.379
Guinea,GIN,2020,49.30562988,50.69437012,42.14470776,3.444339966,35.518,9.919,4.489,-4365,4.704590961,1053.660977,2.551399536,66,54,13371183,59.35
Guinea,GIN,2021,49.35328095,50.64671905,41.86966235,3.431282987,34.983,9.811,4.399,-4373,5.582332811,1244.965505,2.506104194,64.6,56,13710513,59.373
Guinea,GIN,2022,49.40054662,50.59945338,41.56972999,3.431040907,34.381,9.3,4.303,-3997,3.972407842,1416.59612,2.482504091,63.1,58,14055137,60.432
Guinea,GIN,2023,49.44326002,50.55673998,41.24293983,3.441057937,33.848,9.125,4.217,-3997,5.541726686,1555.493758,2.4619905,61.5,60,14405468,60.74
Guinea,GIN,2024,49.48406229,50.51593771,40.90115712,3.455116308,,,,-12024,5.350046591,1694.953759,2.395958023,,63,14754785,
Guinea-Bissau,GNB,2000,48.60318772,51.39681228,44.65043465,3.590187574,42.346,15.769,5.786,-6971,1.100278158,316.945495,2.007063844,100.3,49,1234741,50.565
Guinea-Bissau,GNB,2001,48.63681376,51.36318624,44.47792032,3.482671872,41.794,15.264,5.688,-6239,4.78597165,327.138432,2.126029691,97.5,53,1261273,51.054
Guinea-Bissau,GNB,2002,48.67192323,51.32807677,44.31409885,3.382048115,41.564,14.758,5.634,-5712,3.653936036,362.0345746,2.198333633,94.5,57,1289307,51.608
Guinea-Bissau,GNB,2003,48.70921121,51.29078879,44.16138537,3.287974122,41.296,14.265,5.577,-5487,-0.285931052,419.7848661,2.262191707,91.5,60,1318806,52.186
Guinea-Bissau,GNB,2004,48.74751957,51.25248043,44.00422359,3.200555736,40.801,13.759,5.5,-5144,1.171891523,431.3765577,2.305405455,88.3,64,1349563,52.8
Guinea-Bissau,GNB,2005,48.7867196,51.2132804,43.86474815,3.119495681,40.571,13.539,5.46,-4662,6.559771118,463.0739627,2.345055447,85,68,1381585,52.949
Guinea-Bissau,GNB,2006,48.82657636,51.17342364,43.75153015,3.045497341,40.253,12.778,5.406,-4142,2.666504933,448.5130755,2.411225163,81.5,71,1415303,54.089
Guinea-Bissau,GNB,2007,48.86725303,51.13274697,43.63424031,2.979733429,40.016,12.25,5.365,-3676,2.559826471,519.0697898,2.489968289,78,74,1450986,54.87
Guinea-Bissau,GNB,2008,48.90850735,51.09149265,43.49944844,2.922574408,39.348,11.902,5.266,-3313,4.524575146,640.2103311,2.522590074,74.5,77,1488054,55.3
Guinea-Bissau,GNB,2009,48.94924386,51.05075614,43.34378073,2.87566571,38.748,11.265,5.176,-2821,2.447951061,583.1900201,2.542772739,71.1,80,1526377,56.297
Guinea-Bissau,GNB,2010,48.99006988,51.00993012,43.17780261,2.839250447,38.308,10.813,5.111,-2257,5.605363114,600.1942985,2.584920321,67.8,83,1566347,56.999
Guinea-Bissau,GNB,2011,49.03092327,50.96907673,43.01471354,2.812521668,38.019,10.405,5.067,-1760,8.085041672,719.5395735,2.629227665,64.6,86,1608076,57.663
Guinea-Bissau,GNB,2012,49.07079742,50.92920258,42.84933571,2.796689993,37.577,10.037,5.003,-1442,-1.712869584,635.4616533,2.659527392,61.8,87,1651417,58.27
Guinea-Bissau,GNB,2013,49.10942031,50.89057969,42.67281967,2.792349878,37.082,9.681,4.93,-1395,3.256071909,654.3045344,2.662291019,59.4,87,1695973,58.879
Guinea-Bissau,GNB,2014,49.14635505,50.85364495,42.47521355,2.799889152,36.096,9.323,4.79,-1393,0.964525746,652.022501,2.627311557,57.2,86,1741122,59.476
Guinea-Bissau,GNB,2015,49.18150797,50.81849203,42.24387775,2.819520095,35.199,8.976,4.661,-1393,6.134089362,645.0668372,2.570459578,55.3,86,1786457,60.071
Guinea-Bissau,GNB,2016,49.21510154,50.78489846,41.97915981,2.849810865,34.217,8.662,4.519,-1392,5.432678265,679.6653866,2.511552965,53.4,85,1831893,60.619
Guinea-Bissau,GNB,2017,49.24651225,50.75348775,41.66732594,2.888968268,33.036,8.36,4.347,-1398,4.663679439,783.1231866,2.436325752,51.7,79,1877072,61.148
Guinea-Bissau,GNB,2018,49.27594741,50.72405259,41.308939,2.934161565,32.374,8.1,4.241,-1396,3.761453596,808.5316132,2.374059972,50,82,1922168,61.652
Guinea-Bissau,GNB,2019,49.30421163,50.69578837,40.92890873,2.982981111,31.848,7.863,4.153,-1395,5.327495711,811.2164259,2.340959948,48.3,78,1967696,62.161
Guinea-Bissau,GNB,2020,49.32956829,50.67043171,40.54146146,3.018941962,31.406,8.201,4.075,-1394,2.89139815,846.9158557,2.288950008,47,74,2013255,61.343
Guinea-Bissau,GNB,2021,49.35378691,50.64621309,40.14199247,3.046761978,30.969,8.023,3.998,-1395,5.050558312,926.7809211,2.239038787,45.7,67,2058841,61.653
Guinea-Bissau,GNB,2022,49.37851723,50.62148277,39.70474878,3.090292273,30.458,7.224,3.911,-1400,5.529872531,883.1991315,2.242353886,44.3,74,2105529,63.605
Guinea-Bissau,GNB,2023,49.40213752,50.59786248,39.24235803,3.14256139,30.037,7.05,3.836,-1400,5.827495026,988.0878864,2.245291873,43.1,74,2153339,64.085
Guinea-Bissau,GNB,2024,49.42462632,50.57537368,38.78591429,3.191856641,,,,-1712,4.146311372,1007.741517,2.205205636,,68,2201352,
Guyana,GUY,2000,49.8543471,50.1456529,36.5865968,3.844177545,26.231,7.759,3.057,-14090,-1.363803903,931.7966517,0.04564135,41.3,88,764832,64.075
Guyana,GUY,2001,49.89816567,50.10183433,36.52697431,3.873887721,25.039,7.632,2.958,-14050,2.279521659,931.5747238,-0.046426197,40.4,85,764477,64.38
Guyana,GUY,2002,49.93937029,50.06062971,36.38948107,3.906687863,23.763,7.764,2.844,-13116,1.132626962,950.8669325,-0.107975188,39.5,91,763652,64.183
Guyana,GUY,2003,49.94555111,50.05444889,36.13903262,3.955895775,22.703,7.837,2.75,-11551,-0.632225388,973.7425981,-0.072179327,38.7,90,763101,64.117
Guyana,GUY,2004,49.91618771,50.08381229,35.76817441,4.024367211,22.02,7.898,2.681,-11938,1.56335211,1033.310309,-0.089543302,37.9,91,762418,64.214
Guyana,GUY,2005,49.88737229,50.11262771,35.30274118,4.09599508,21.664,7.924,2.648,-12290,-1.950957595,1084.065414,-0.197461944,37.2,93,760914,64.392
Guyana,GUY,2006,49.86316928,50.13683072,34.74402362,4.172977332,21.72,7.852,2.659,-12575,5.129609348,3135.605535,-0.256336167,36.5,93,758966,64.848
Guyana,GUY,2007,49.84085585,50.15914415,34.13119062,4.261089065,21.887,7.695,2.681,-12906,7.191236241,3608.286852,-0.277736358,35.9,94,756861,65.462
Guyana,GUY,2008,49.81871334,50.18128666,33.50812642,4.362671141,22.028,7.727,2.697,-13143,1.755223496,4008.962867,-0.29838583,35.2,93,754606,65.721
Guyana,GUY,2009,49.79523836,50.20476164,32.86637043,4.478761963,22.055,7.751,2.694,-13425,3.611508472,4209.132306,-0.333444259,34.6,98,752094,66.03
Guyana,GUY,2010,49.76857042,50.23142958,32.20919672,4.613373391,22.058,7.842,2.684,-13655,4.138441601,4581.761797,-0.378060197,33.9,95,749256,66.204
Guyana,GUY,2011,49.73899455,50.26100545,31.56618013,4.769464172,22.252,7.894,2.694,-13920,5.196251561,4947.221706,-0.415004116,33.3,93,746153,66.469
Guyana,GUY,2012,49.6295671,50.3704329,31.07685567,4.911773396,22.318,8.07,2.701,-7152,5.27633062,5444.397519,0.018091167,32.7,97,746288,66.443
Guyana,GUY,2013,49.44388298,50.55611702,30.75205177,5.033989026,22.562,8.046,2.711,-6907,3.653384333,5556.912312,0.498962145,32,98,750021,66.71
Guyana,GUY,2014,49.26395034,50.73604966,30.48145855,5.167992745,22.606,7.832,2.695,-6710,1.68649445,5472.688205,0.559482929,31.2,98,754229,67.334
Guyana,GUY,2015,49.09176693,50.90823307,30.27230518,5.312336498,22.516,7.757,2.667,-6527,0.687404591,5640.415606,0.601716279,30.3,95,758781,67.719
Guyana,GUY,2016,48.92724491,51.07275509,30.1262658,5.463900108,22.332,7.705,2.634,-6309,3.807456264,5870.878238,0.626279284,29.5,97,763548,68.069
Guyana,GUY,2017,48.7697761,51.2302239,30.04085345,5.623839834,22.044,7.59,2.593,-6107,3.734491546,6178.665044,0.643724559,28.6,97,768479,68.543
Guyana,GUY,2018,49.00411342,50.99588658,29.50860679,5.683555986,21.236,7.407,2.553,30213,4.440912885,6048.386972,2.958739191,27.8,95,791556,68.829
Guyana,GUY,2019,49.07925935,50.92074065,29.25433193,5.798815103,21.945,7.503,2.521,-20603,5.352840035,6405.824434,2.014674003,27,99,807665,69.067
Guyana,GUY,2020,48.81997223,51.18002777,29.4667432,6.001128199,21.254,8.49,2.491,-1743,43.47965172,6775.709391,-0.022784318,26.2,99,807481,67.751
Guyana,GUY,2021,48.76244969,51.23755031,29.44068661,6.081250107,20.961,10.998,2.462,-689,20.05999756,9860.870148,0.985982406,25.3,98,815482,64.323
Guyana,GUY,2022,48.72845308,51.27154692,29.40300887,6.222455902,20.748,7.309,2.437,-6161,63.33463437,17913.49281,0.751934221,24.6,98,821637,69.888
Guyana,GUY,2023,48.70279408,51.29720592,29.32324321,6.479555347,20.287,7.32,2.412,-6161,33.79501112,20473.70022,0.572335132,23.8,98,826353,70.18
Guyana,GUY,2024,48.68130533,51.31869467,29.16056271,6.734918688,,,,-5407,43.8193108,29675.24439,0.571243951,,98,831087,
Haiti,HTI,2000,49.65543804,50.34456196,40.44553086,3.57857517,32.153,10.393,4.39,-27075,0.870059259,820.6000468,1.84581483,70.7,44,8303151,58.175
Haiti,HTI,2001,49.66482646,50.33517354,40.11854183,3.597397704,31.278,10.14,4.248,-26812,-0.342747883,748.8211598,1.823146995,68.5,47,8455918,58.591
Haiti,HTI,2002,49.67212271,50.32787729,39.74173063,3.627027428,30.572,9.878,4.125,-26626,1.051820135,720.969568,1.778374589,66.5,51,8607641,59.041
Haiti,HTI,2003,49.67778782,50.32221218,39.32750348,3.663764183,30.164,9.668,4.047,-26518,3.480779732,578.9952911,1.753556208,64.7,54,8759912,59.44
Haiti,HTI,2004,49.68267491,50.31732509,38.87877945,3.701029925,29.642,10.106,3.943,-26399,-1.31785676,683.1852982,1.701789921,63.1,57,8910263,58.517
Haiti,HTI,2005,49.68571741,50.31428259,38.40520532,3.738558589,29.158,9.225,3.835,-26276,3.072173377,775.8457041,1.680585947,61.7,60,9061273,60.318
Haiti,HTI,2006,49.6857939,50.3142061,37.9356695,3.777932596,28.881,9.04,3.761,-26629,1.768750603,828.8057003,1.699246509,60.4,61,9216562,60.74
Haiti,HTI,2007,49.68424127,50.31575873,37.48372504,3.818288679,28.55,8.896,3.687,-26995,4.70652994,984.5669834,1.686271234,59.1,63,9373296,61.09
Haiti,HTI,2008,49.68178349,50.31821651,37.05288064,3.860064048,28.283,8.834,3.621,-27630,2.658032308,1094.660584,1.666113624,57.9,64,9530774,61.28
Haiti,HTI,2009,49.67872704,50.32127296,36.6463801,3.902315482,28.061,8.679,3.565,-27924,5.890378948,1196.852871,1.652525294,56.8,65,9689581,61.694
Haiti,HTI,2010,49.69897873,50.30102127,36.24576596,3.914556679,27.72,17.931,3.497,-28416,-5.651511534,1209.727335,1.166726714,78.6,67,9803294,45.577
Haiti,HTI,2011,49.71704214,50.28295786,35.8518618,3.925348341,27.356,8.728,3.431,-29029,5.098213544,1312.039536,1.132062798,54.6,68,9914904,61.581
Haiti,HTI,2012,49.70893079,50.29106921,35.46919962,3.966316809,26.685,8.442,3.321,-29658,0.502424404,1361.393966,1.549888603,53.4,66,10069771,62.273
Haiti,HTI,2013,49.69887586,50.30112414,35.08068707,4.013426446,26.065,8.314,3.221,-30323,4.324784115,1457.832212,1.503970787,52.4,65,10222362,62.624
Haiti,HTI,2014,49.68702627,50.31297373,34.69604709,4.061100515,25.751,8.205,3.164,-31390,2.888772509,1460.188986,1.465125763,51.2,63,10373235,62.969
Haiti,HTI,2015,49.67388377,50.32611623,34.31377109,4.111166697,25.444,8.143,3.11,-32669,1.400000009,1411.126847,1.435740358,50,64,10523242,63.224
Haiti,HTI,2016,49.65978401,50.34021599,33.94554745,4.168563862,25.102,8.15,3.054,-33879,1.812468078,1318.402682,1.398627233,48.7,59,10671457,63.325
Haiti,HTI,2017,49.64419601,50.35580399,33.60271457,4.231095475,24.645,7.977,2.985,-34742,2.510271345,1395.239452,1.361606624,47.5,60,10817754,63.832
Haiti,HTI,2018,49.62703753,50.37296247,33.26800678,4.298817887,24.222,7.927,2.924,-34976,1.667810955,1496.38049,1.327909594,46.3,57,10962362,64.077
Haiti,HTI,2019,49.60900619,50.39099381,32.93238019,4.370381596,23.774,7.876,2.862,-34612,-1.723096998,1352.172042,1.294236606,45,54,11105163,64.328
Haiti,HTI,2020,49.58598693,50.41401307,32.60099212,4.434211491,23.338,8.284,2.804,-33850,-3.30550547,1290.325387,1.241099932,43.8,58,11243848,63.773
Haiti,HTI,2021,49.56005432,50.43994568,32.27298558,4.484255515,22.919,8.941,2.748,-32952,-1.798239889,1841.331893,1.156043394,42.5,48,11374586,62.613
Haiti,HTI,2022,49.53502845,50.46497155,31.93249143,4.540719667,22.547,8.272,2.699,-32220,-1.681983969,1760.626357,1.127898287,41.5,48,11503606,63.948
Haiti,HTI,2023,49.50924597,50.49075403,31.57219803,4.618154135,22.2,7.817,2.656,-31786,-1.863884203,1705.758085,1.156332636,40.3,54,11637398,64.936
Haiti,HTI,2024,49.4825041,50.5174959,31.18864067,4.705218246,,,,-31747,-4.169633958,2142.623305,1.154726712,,60,11772557,
Honduras,HND,2000,50.38910586,49.61089414,43.09235383,2.955597811,34.175,5.243,4.289,-10757,9.612218817,1092.564007,2.73259067,29.6,94,6577773,68.302
Honduras,HND,2001,50.39599775,49.60400225,42.73839881,2.952355825,33.357,5.148,4.153,-9744,2.723193273,1132.164875,2.702971428,28.4,96,6757993,68.491
Honduras,HND,2002,50.40314265,49.59685735,42.34358576,2.95329556,32.375,5.043,4,-8816,3.754337861,1132.499653,2.64113993,27.3,95,6938859,68.714
Honduras,HND,2003,50.4098276,49.5901724,41.91022238,2.956970103,31.355,4.968,3.844,-7982,4.547038052,1156.081627,2.565983383,26.2,92,7119213,68.874
Honduras,HND,2004,50.41555721,49.58444279,41.45160679,2.960688626,30.487,4.898,3.71,-7083,6.232302961,1215.139954,2.493934483,25.1,94,7298994,69.05
Honduras,HND,2005,50.42035988,49.57964012,40.96303538,2.964121318,29.613,4.846,3.577,-6190,6.050599222,1304.700392,2.427631758,24.1,98,7478355,69.198
Honduras,HND,2006,50.42396124,49.57603876,40.43627965,2.969615893,28.743,4.793,3.449,-5450,6.567243552,1425.847801,2.358547317,23.3,95,7656832,69.364
Honduras,HND,2007,50.42667341,49.57332659,39.87657755,2.979259773,28.114,4.75,3.351,-5039,6.188327167,1577.737892,2.297677254,22.4,94,7834798,69.539
Honduras,HND,2008,50.42876914,49.57123086,39.2919665,2.994763115,27.525,4.735,3.26,-5039,4.23160011,1732.490627,2.24385865,21.6,93,8012587,69.657
Honduras,HND,2009,50.43020072,49.56979928,38.68875786,3.017735812,26.96,4.707,3.173,-5196,-2.43162788,1781.157036,2.188788545,20.9,97,8189899,69.823
Honduras,HND,2010,50.43083947,49.56916053,38.06909676,3.049452971,26.316,4.762,3.078,-5419,3.731140344,1893.327227,2.12597244,20.2,97,8365878,69.77
Honduras,HND,2011,50.43040973,49.56959027,37.43988554,3.091404884,25.776,4.681,2.998,-5664,3.835690662,2073.661211,2.066798237,19.6,97,8540583,70.116
Honduras,HND,2012,50.42906678,49.57093322,36.81216682,3.14809629,25.306,4.608,2.927,-5891,4.128687749,2126.034747,2.022512708,19,98,8715076,70.46
Honduras,HND,2013,50.42686256,49.57313744,36.18551114,3.222016637,24.803,4.554,2.855,-6091,2.791559757,2081.128435,1.979143185,18.3,99,8889278,70.765
Honduras,HND,2014,50.42359019,49.57640981,35.55238826,3.315270206,24.388,4.519,2.793,-6293,3.058080562,2179.88172,1.936782093,17.8,99,9063122,71.032
Honduras,HND,2015,50.41942428,49.58057572,34.91201167,3.422686595,24.084,4.479,2.746,-6509,3.840079971,2271.20266,1.903652414,17.2,98,9237305,71.323
Honduras,HND,2016,50.41457102,49.58542898,34.28363496,3.535285443,23.804,4.442,2.704,-6681,3.892972197,2307.344684,1.87756676,16.6,95,9412380,71.615
Honduras,HND,2017,50.40871861,49.59128139,33.68874129,3.651470752,23.504,4.446,2.663,-6778,4.842913911,2413.007656,1.850076112,16.1,90,9588137,71.805
Honduras,HND,2018,50.40210601,49.59789399,33.14139516,3.769969936,23.392,4.452,2.645,-6764,3.84499477,2464.642415,1.829946431,15.6,91,9765210,72.001
Honduras,HND,2019,50.39497632,49.60502368,32.63927115,3.889835642,23.111,4.486,2.611,-6546,2.559634346,2502.327443,1.810637738,15.1,88,9943633,72.124
Honduras,HND,2020,50.38318557,49.61681443,32.18042182,3.994094454,22.803,5.06,2.577,-6199,-8.965082233,2307.614943,1.754564325,14.6,80,10119640,70.864
Honduras,HND,2021,50.36852728,49.63147272,31.7752939,4.070641664,22.529,5.727,2.548,-5777,12.56528438,2735.147515,1.668250632,14.1,77,10289877,69.492
Honduras,HND,2022,50.35799368,49.64200632,31.38636921,4.166650739,22.242,4.442,2.522,-5374,4.14356194,3003.289968,1.67679658,13.7,78,10463872,72.715
Honduras,HND,2023,50.3501646,49.6498354,30.99615016,4.292723308,21.963,4.478,2.5,-5044,3.575847605,3227.457625,1.714773884,13.3,73,10644851,72.884
Honduras,HND,2024,50.3428461,49.6571539,30.62120628,4.417722137,,,,-4821,3.553970033,3426.434833,1.684691298,,75,10825703,
Hungary,HUN,2000,47.59942963,52.40057037,16.83894554,14.90796003,9.6,13.3,1.32,13414,4.409375018,4629.917608,-0.259764908,8.7,99,10210971,71.24634146
Hungary,HUN,2001,47.57034468,52.42965532,16.51591619,15.0282983,9.5,13,1.31,10386,4.062026172,5280.94888,-0.229379183,8.1,99,10187576,72.24878049
Hungary,HUN,2002,47.5427,52.4573,16.24409532,15.1445305,9.5,13.1,1.3,2822,4.730065308,6658.044943,-0.284751377,7.6,99,10158608,72.34878049
Hungary,HUN,2003,47.51626848,52.48373152,16.02440824,15.25938912,9.3,13.4,1.27,13879,3.938777612,8410.092482,-0.286433268,7.2,99,10129552,72.3
Hungary,HUN,2004,47.49611607,52.50388393,15.79357534,15.37774281,9.4,13.1,1.28,16637,4.963125362,10291.26947,-0.221439379,6.8,99,10107146,72.64878049
Hungary,HUN,2005,47.49369791,52.50630209,15.5634339,15.52568692,9.7,13.5,1.31,16925,4.300283185,11212.2047,-0.198878843,6.4,99,10087065,72.64878049
Hungary,HUN,2006,47.49740372,52.50259628,15.33886312,15.68633772,9.9,13.1,1.34,19890,3.933931627,11478.48916,-0.155716485,6.1,99,10071370,73.09756098
Hungary,HUN,2007,47.49508724,52.50491276,15.14066335,15.87376981,9.7,13.2,1.32,13697,0.332354338,13934.60546,-0.154915158,5.8,99,10055780,73.15121951
Hungary,HUN,2008,47.49690441,52.50309559,14.98208933,16.07848806,9.9,13,1.35,16166,0.993437085,15762.63225,-0.175097367,5.5,99,10038188,73.70243902
Hungary,HUN,2009,47.50633363,52.49366637,14.84527432,16.30355837,9.6,13,1.32,17281,-6.740166085,13051.18318,-0.154908814,5.3,99,10022650,73.90487805
Hungary,HUN,2010,47.51709769,52.48290231,14.70100821,16.49832949,9,13,1.25,10592,1.067950682,13189.84339,-0.226013876,5.1,99,10000023,74.20731707
Hungary,HUN,2011,47.54427509,52.45572491,14.56514646,16.70261418,8.8,12.9,1.23,1859,1.916709166,14211.46056,-0.283360436,5,99,9971727,74.85853659
Hungary,HUN,2012,47.58070892,52.41929108,14.47646543,16.99204457,9.1,13,1.34,15286,-1.339484465,12950.15945,-0.516437607,4.8,99,9920362,75.06341463
Hungary,HUN,2013,47.60361302,52.39638698,14.44321928,17.321549,9.1,12.8,1.35,5635,2.032169907,13739.46202,-0.481259647,4.7,99,9872734,75.56585366
Hungary,HUN,2014,47.62942037,52.37057963,14.46337171,17.68630178,9.5,12.8,1.44,11581,4.334353641,14352.50188,-0.402887577,4.5,99,9833038,75.76341463
Hungary,HUN,2015,47.66809046,52.33190954,14.49115178,18.05599047,9.4,13.4,1.45,13856,3.659816154,12782.94126,-0.359466253,4.2,99,9797755,75.56829268
Hungary,HUN,2016,47.70494607,52.29505393,14.5115219,18.43826614,9.8,13,1.53,68,2.438641413,13215.86053,-0.388598015,4,99,9759755,76.06341463
Hungary,HUN,2017,47.74565293,52.25434707,14.53558132,18.77974938,9.7,13.6,1.54,20200,4.124183895,14736.16682,-0.338685889,3.7,99,9726756,75.81707317
Hungary,HUN,2018,47.81038577,52.18961423,14.54652404,19.12923293,9.6,13.5,1.55,34190,5.606138138,16605.05705,-0.20368727,3.6,99,9706964,76.06585366
Hungary,HUN,2019,47.87989085,52.12010915,14.54961705,19.60292299,9.6,13.4,1.55,34339,5.077184951,17012.85986,-0.125143122,3.5,99,9694824,76.3195122
Hungary,HUN,2020,47.92137654,52.07862346,14.55766278,20.09067377,9.7,14.6,1.59,9147,-4.3387254,16386.93088,-0.252049643,3.4,99,9670419,75.4195122
Hungary,HUN,2021,47.94342723,52.05657277,14.56527009,20.40501349,9.8,16.2,1.61,20372,7.222915808,19030.62813,-0.409163639,3.3,99,9630932,74.06585366
Hungary,HUN,2022,47.96559506,52.03440494,14.55058909,20.60755931,9.3,14.2,1.56,41871,4.152380578,18428.02883,-0.268850151,3.2,99,9605074,75.86829268
Hungary,HUN,2023,47.98530692,52.01469308,14.48545695,20.81908428,9.1,13.4,1.51,49213,-0.817107371,22230.62779,-0.134269182,3.2,99,9592186,76.77073171
Hungary,HUN,2024,48.01786044,51.98213956,14.40138105,20.99319723,,,,16223,0.560117843,23292.32639,-0.314510077,,99,9562065,
Iceland,ISL,2000,50.05474972,49.94525028,23.28569397,11.57227673,15.3,6.5,2.08,1877,4.905182137,32503.57896,1.369192833,3.2,98,281205,79.65365854
Iceland,ISL,2001,50.05753336,49.94246664,23.18257163,11.5992668,14.4,6.1,1.95,867,3.840939351,29208.19819,1.329295255,3,92,284968,80.6902439
Iceland,ISL,2002,50.03216194,49.96783806,23.0267344,11.6676576,14.1,6.3,1.93,-333,0.542286728,32749.379,0.892596377,2.8,95,287523,80.50243902
Iceland,ISL,2003,50.02451607,49.97548393,22.78344642,11.72528099,14.3,6.3,1.99,-204,2.281369717,39944.21041,0.69249762,2.7,97,289521,80.96341463
Iceland,ISL,2004,50.0809463,49.9190537,22.48411448,11.75691425,14.5,6.2,2.04,610,7.622605201,47809.60731,0.877936158,2.6,99,292074,80.99756098
Iceland,ISL,2005,50.27085846,49.72914154,22.0643153,11.72100952,14.4,6.2,2.05,3925,7.029340608,57783.77456,1.582891978,2.4,95,296734,81.50243902
Iceland,ISL,2006,50.65191494,49.34808506,21.53935513,11.61731507,14.5,6.3,2.08,5300,5.671612485,58172.14267,2.34742243,2.3,97,303782,81.15853659
Iceland,ISL,2007,50.94240334,49.05759666,21.10328718,11.54466301,14.6,6.2,2.09,5254,8.741329415,70483.01172,2.530085489,2.3,97,311566,81.45365854
Iceland,ISL,2008,50.8690928,49.1309072,20.89022706,11.57836886,15.2,6.3,2.15,1138,1.699610761,57489.33998,1.859572171,2.2,98,317414,81.6097561
Iceland,ISL,2009,50.54454948,49.45545052,20.89893036,11.80212924,15.8,6.3,2.23,-4785,-8.321464143,41483.78437,0.341241979,2.1,96,318499,81.75121951
Iceland,ISL,2010,50.29356483,49.70643517,20.92969531,12.13516555,15.4,6.4,2.2,-2055,-2.221818476,43776.46774,-0.143903,2.1,96,318041,81.89756098
Iceland,ISL,2011,50.20602437,49.79397563,20.8333725,12.45076566,14.1,6.2,2.02,-1393,1.379996691,48254.95393,0.305468368,2,95,319014,82.35853659
Iceland,ISL,2012,50.16160653,49.83839347,20.70436868,12.7719225,14.1,6.1,2.04,-277,1.169311749,46594.98691,0.532100735,2,89,320716,82.91707317
Iceland,ISL,2013,50.14526761,49.85473239,20.59060995,13.07020537,13.4,6.7,1.93,1666,3.59695701,50173.33601,0.9458859,2,91,323764,82.06097561
Iceland,ISL,2014,50.16319963,49.83680037,20.44471585,13.36193275,13.4,6.3,1.93,1139,1.913816091,55140.36494,1.112504755,2,90,327386,82.86097561
Iceland,ISL,2015,50.24036791,49.75963209,20.19283792,13.67934577,12.5,6.6,1.8,1499,3.768590238,53505.69641,1.041940387,2,92,330815,82.46829268
Iceland,ISL,2016,50.4180896,49.5819104,19.88789341,13.92139129,12,6.9,1.74,4128,6.218087642,62854.09064,1.388081496,2,91,335439,82.20487805
Iceland,ISL,2017,50.75320713,49.24679287,19.55410203,14.02287709,11.9,6.5,1.71,8348,3.485067039,72976.373,2.345582676,2,89,343400,82.66097561
Iceland,ISL,2018,51.08586295,48.91413705,19.17875382,14.12099622,12,6.4,1.71,6638,4.660770326,75633.86514,2.678142769,2,91,352721,82.86097561
Iceland,ISL,2019,51.27017264,48.72982736,18.87263498,14.299299,12.3,6.3,1.74,5030,1.138212305,69296.31444,2.198932258,2,93,360563,83.16341463
Iceland,ISL,2020,51.29127638,48.70872362,18.72773544,14.5643647,12.3,6.3,1.72,2498,-6.645878163,60127.93936,1.623086251,2,93,366463,83.06341463
Iceland,ISL,2021,51.24770893,48.75229107,18.62383216,14.8686345,13.1,6.3,1.82,4911,5.180571974,70425.40643,1.63931664,2,92,372520,83.16585366
Iceland,ISL,2022,51.22766889,48.77233111,18.3783329,15.11099485,11.5,7,1.589,6535,8.820693956,76350.45504,2.513773433,2,92,382003,82.1195122
Iceland,ISL,2023,51.19982041,48.80017959,18.0560304,15.34830316,11,6.6,1.59,4630,5.186157601,82138.7893,0.953546915,1.9,92,385663,82.60731707
Iceland,ISL,2024,51.20489278,48.79510722,17.76342129,15.64481546,,,,3543,-0.970676469,86040.53099,0.218346071,,94,386506,
India,IND,2000,51.72905524,48.27094476,35.55308325,4.41058747,27.518,8.628,3.35,-143960,3.840991157,442.7502189,1.879398262,66.3,58,1057922733,62.749
India,IND,2001,51.7344669,48.2655331,35.16659214,4.461284263,27.206,8.482,3.303,-70346,4.823966266,450.3579005,1.870608221,64.3,59,1077898575,63.158
India,IND,2002,51.73768808,48.26231192,34.78025115,4.516276222,26.538,8.294,3.217,-732419,3.803975321,469.149929,1.811294241,62.4,59,1097600380,63.649
India,IND,2003,51.73965013,48.26034987,34.39000683,4.573366764,25.783,8.125,3.122,-606970,7.860381476,544.1431335,1.734382044,60.5,61,1116803006,64.086
India,IND,2004,51.74030437,48.25969563,33.9801046,4.626022675,25.121,7.982,3.046,-206660,7.922936612,624.2588265,1.703570468,58.6,63,1135991513,64.484
India,IND,2005,51.73971117,48.26028883,33.56191953,4.674675099,24.304,7.819,2.958,-929454,7.923430621,710.4880804,1.631421469,56.7,65,1154676322,64.939
India,IND,2006,51.73731006,48.26268994,33.12865207,4.721899081,23.564,7.67,2.867,-342177,8.060732572,801.6683537,1.564125225,54.8,65,1172878890,65.373
India,IND,2007,51.73343199,48.26656801,32.68232918,4.770003428,22.932,7.536,2.775,-1037200,7.660815067,1021.887077,1.505991444,52.8,64,1190676021,65.803
India,IND,2008,51.7290958,48.2709042,32.24043801,4.822078973,22.506,7.41,2.711,-1020047,3.086698059,992.5195849,1.438771817,50.8,70,1207930964,66.247
India,IND,2009,51.72373728,48.27626272,31.79728859,4.878094209,22.211,7.29,2.674,-312905,7.861888833,1094.949746,1.44601732,48.7,74,1225524753,66.7
India,IND,2010,51.71754086,48.28245914,31.34236741,4.940447191,21.633,7.164,2.598,-50905,8.497584702,1347.519391,1.454603619,46.7,79,1243481564,67.162
India,IND,2011,51.71085328,48.28914672,30.87996579,5.012405739,21.156,7.048,2.532,-247017,5.241316199,1445.461275,1.416827615,44.6,82,1261224954,67.623
India,IND,2012,51.70328078,48.29671922,30.41547953,5.09338826,20.672,6.945,2.47,-198935,5.456387552,1429.321995,1.374056166,42.5,82,1278674502,68.076
India,IND,2013,51.69481562,48.30518438,29.94037544,5.182627727,20.061,6.859,2.399,-151372,6.386106401,1432.843975,1.332704305,40.5,83,1295829511,68.499
India,IND,2014,51.68619211,48.31380789,29.4366305,5.307154613,19.089,6.77,2.293,-227263,7.410227605,1553.883961,1.261290271,38.5,85,1312277191,68.932
India,IND,2015,51.6781684,48.3218316,28.91300121,5.469213078,18.936,6.729,2.289,-655085,7.996253786,1583.998159,1.192855634,36.6,87,1328024498,69.326
India,IND,2016,51.67007986,48.32992014,28.38515306,5.641730853,18.756,6.7,2.284,81248,8.256305502,1707.508929,1.191629664,34.7,88,1343944296,69.709
India,IND,2017,51.66147708,48.33852292,27.84787219,5.82470529,17.995,6.673,2.193,-251642,6.795383419,1950.104683,1.162396143,33,89,1359657400,70.068
India,IND,2018,51.65281906,48.34718094,27.32775547,6.019259514,17.91,6.67,2.184,-589794,6.453851345,1966.254552,1.097299067,31.3,90,1374659064,70.415
India,IND,2019,51.64401797,48.35598203,26.83232362,6.223473041,17.368,6.67,2.12,-978969,3.871436941,2041.428637,1.040013951,29.7,91,1389030312,70.746
India,IND,2020,51.63028173,48.36971827,26.34537406,6.416853023,16.744,7.214,2.047,-73806,-5.777724707,1907.042516,0.973438647,28.2,85,1402617695,70.156
India,IND,2021,51.61378109,48.38621891,25.90516142,6.545790693,16.491,9.259,2.014,-348916,9.689592492,2239.613844,0.82264822,26.8,85,1414203896,67.282
India,IND,2022,51.60091752,48.39908248,25.48770388,6.698999754,16.336,6.576,1.994,-1353478,7.609364978,2347.448294,0.790200541,25.6,93,1425423212,71.698
India,IND,2023,51.58882895,48.41117105,25.05706222,6.921843301,16.146,6.611,1.975,-979179,9.19075493,2530.120313,0.88328954,24.5,91,1438069596,72.003
India,IND,2024,51.57522694,48.42477306,24.62390271,7.14651714,,,,-630830,6.494765524,2694.737809,0.890706547,,94,1450935791,
Indonesia,IDN,2000,50.0889668,49.9110332,30.8030152,5.012499665,21.688,7.431,2.503,-42697,4.920067747,763.711125,1.432440078,41.3,75,216077790,66.292
Indonesia,IDN,2001,50.10072483,49.89927517,30.40817029,5.122759015,21.386,7.391,2.466,-64255,3.643466447,732.3070934,1.388018928,39.5,76,219097902,66.583
Indonesia,IDN,2002,50.11204498,49.88795502,30.04795318,5.233651568,21.107,7.315,2.436,-83985,4.499475391,881.0029136,1.355725755,37.7,70,222088495,66.954
Indonesia,IDN,2003,50.12325104,49.87674896,29.69169256,5.342560742,20.834,7.336,2.41,-97732,4.780369122,1043.210584,1.323781977,36.1,71,225048008,67.134
Indonesia,IDN,2004,50.13672469,49.86327531,29.3478412,5.443557633,20.796,8.097,2.415,-77002,5.030873945,1126.840044,1.271011395,36.7,71,227926649,65.521
Indonesia,IDN,2005,50.1497529,49.8502471,29.05350614,5.536387426,21.018,7.376,2.452,-76784,5.692571304,1238.214476,1.283806612,33.2,72,230871650,67.531
Indonesia,IDN,2006,50.16039468,49.83960532,28.79769962,5.62191136,20.943,7.423,2.457,-75829,5.500951785,1558.315628,1.325255023,31.8,72,233951652,67.664
Indonesia,IDN,2007,50.17054881,49.82945119,28.56919649,5.698063278,20.968,7.421,2.476,-77338,6.345022227,1823.219763,1.320865324,30.5,73,237062337,67.914
Indonesia,IDN,2008,50.17988019,49.82011981,28.35609822,5.766183123,20.511,7.444,2.44,-81364,6.0137036,2124.554839,1.29735043,29.3,77,240157903,68.085
Indonesia,IDN,2009,50.18910367,49.81089633,28.1360824,5.827336102,20.375,7.461,2.442,-73655,4.628871183,2218.485419,1.266986251,28.2,78,243220028,68.267
Indonesia,IDN,2010,50.19840132,49.80159868,27.92260798,5.881117542,20.362,7.528,2.462,-57752,6.223854181,3065.683484,1.260541401,27.1,81,246305322,68.364
Indonesia,IDN,2011,50.20747743,49.79252257,27.72430418,5.929751915,20.611,7.517,2.515,-40543,6.169784208,3579.464425,1.276688306,26.1,81,249470032,68.629
Indonesia,IDN,2012,50.21623731,49.78376269,27.53642329,5.972032088,20.41,7.51,2.514,-28869,6.030050653,3632.27254,1.285838166,25.1,87,252698525,68.862
Indonesia,IDN,2013,50.22375317,49.77624683,27.34315833,6.009686836,19.643,7.51,2.441,-27507,5.557263689,3566.602845,1.240380016,24.1,92,255852467,69.064
Indonesia,IDN,2014,50.22957199,49.77042801,27.15124313,6.041340635,19.091,7.499,2.393,-27988,5.006668426,3441.068085,1.175360912,23.2,88,258877399,69.292
Indonesia,IDN,2015,50.23455014,49.76544986,26.96566292,6.081847278,18.569,7.495,2.346,-28487,4.8763223,3288.222697,1.122339818,22.3,84,261799249,69.52
Indonesia,IDN,2016,50.23911354,49.76088646,26.7736384,6.148563563,18.138,7.502,2.311,-28991,5.033069183,3521.469435,1.0744882,21.5,84,264627418,69.733
Indonesia,IDN,2017,50.2427773,49.7572227,26.56327987,6.23843351,17.54,7.506,2.253,-29467,5.069785901,3798.883262,1.022329398,20.7,85,267346658,69.953
Indonesia,IDN,2018,50.24511205,49.75488795,26.33494044,6.350959337,17.146,7.562,2.219,-29911,5.17429154,3860.953531,0.96974341,19.9,85,269951846,70.08
Indonesia,IDN,2019,50.24671989,49.75328011,26.09195384,6.485678794,16.909,7.558,2.205,-30421,5.01928768,4106.948562,0.935604959,19.3,85,272489381,70.349
Indonesia,IDN,2020,50.24227801,49.75772199,25.83442343,6.607905277,16.674,8.843,2.189,-18743,-2.065511829,3853.702888,0.849801187,18.6,77,274814866,68.817
Indonesia,IDN,2021,50.23573966,49.76426034,25.57515336,6.687010658,16.417,10.042,2.166,-11248,3.702885628,4287.17314,0.704601322,18,67,276758053,67.452
Indonesia,IDN,2022,50.23499202,49.76500798,25.27406697,6.82466626,16.204,7.492,2.149,-37501,5.307197227,4730.834848,0.74605047,17.5,91,278830529,70.925
Indonesia,IDN,2023,50.23497736,49.76502264,24.93463901,7.048540778,15.941,7.531,2.127,-37501,5.049023318,4876.307745,0.842666137,17,83,281190067,71.146
Indonesia,IDN,2024,50.23420768,49.76579232,24.59779694,7.288601304,,,,-38469,5.030344694,4925.430488,0.813871513,,78,283487931,
"Iran, Islamic Rep.",IRN,2000,50.74813239,49.25186761,33.55450236,4.198089124,15.966,4.957,1.999,300133,5.845527476,1650.013858,1.476195633,31.5,99,66418659,70.166
"Iran, Islamic Rep.",IRN,2001,50.71557621,49.28442379,31.7379046,4.299874407,15.935,4.91,1.918,291692,2.392172712,1881.022666,1.543828189,29.8,96,67452005,70.619
"Iran, Islamic Rep.",IRN,2002,50.6922686,49.3077314,30.13456643,4.436294036,15.947,4.887,1.836,-668962,8.07882928,1891.257561,0.825780986,28.1,99,68011317,71.112
"Iran, Islamic Rep.",IRN,2003,50.76679303,49.23320697,28.69900816,4.558403498,15.878,5.225,1.801,700222,8.639298397,2208.996366,1.108388828,26.4,99,68769340,70.464
"Iran, Islamic Rep.",IRN,2004,50.92999183,49.07000817,27.38068276,4.627519894,16.176,4.772,1.78,739996,4.336665979,2672.422665,2.139220557,24.8,99,70256316,72.04
"Iran, Islamic Rep.",IRN,2005,51.09486066,48.90513934,26.24796329,4.687435502,16.385,4.728,1.756,765873,3.189804087,3132.050819,2.213049509,23.3,95,71828455,72.446
"Iran, Islamic Rep.",IRN,2006,51.24313306,48.75686694,25.30874815,4.74588722,16.725,4.673,1.755,640932,4.999795262,3618.916014,2.154440929,21.8,98,73392747,72.895
"Iran, Islamic Rep.",IRN,2007,51.27033495,48.72966505,24.56849604,4.82830988,16.971,4.649,1.748,-24950,8.155773524,4687.991663,1.635088653,20.5,99,74602648,73.299
"Iran, Islamic Rep.",IRN,2008,51.19881817,48.80118183,24.02297801,4.933346082,17.095,4.634,1.743,-12184,0.250856553,5377.411507,1.214476845,19.2,99,75514204,73.683
"Iran, Islamic Rep.",IRN,2009,51.13526642,48.86473358,23.660779,5.042516577,17.157,4.623,1.74,211,1.007385458,5415.522806,1.241851061,18.1,99,76457825,74.041
"Iran, Islamic Rep.",IRN,2010,51.07743919,48.92256081,23.44408872,5.15944915,17.276,4.613,1.749,-12849,5.797938302,6291.194437,1.251673922,17.2,99,77420842,74.39
"Iran, Islamic Rep.",IRN,2011,51.0242972,48.9757028,23.32841226,5.28817773,17.673,4.61,1.792,-65924,2.645717918,8025.687434,1.235867545,16.4,99,78383598,74.721
"Iran, Islamic Rep.",IRN,2012,50.99295356,49.00704644,23.27831687,5.429345517,18.138,4.609,1.851,-57823,-3.747171399,8114.080998,1.251307434,15.7,99,79370580,75.039
"Iran, Islamic Rep.",IRN,2013,50.98155642,49.01844358,23.30215916,5.579498287,18.531,4.609,1.913,-47322,-1.521979205,6222.741948,1.306905057,15,98,80414686,75.349
"Iran, Islamic Rep.",IRN,2014,50.97357005,49.02642995,23.41237865,5.770679093,18.828,4.613,1.975,-56042,4.984775067,5672.063729,1.343129076,14.4,99,81502045,75.635
"Iran, Islamic Rep.",IRN,2015,50.96785303,49.03214697,23.59105182,6.006599882,18.879,4.617,2.017,-46239,-1.424884939,4952.733555,1.361594788,13.9,98,82619362,75.907
"Iran, Islamic Rep.",IRN,2016,50.95859879,49.04140121,23.76670323,6.251081883,18.787,4.625,2.054,66630,8.815086643,5710.599471,1.433485586,13.5,99,83812228,76.155
"Iran, Islamic Rep.",IRN,2017,50.94546594,49.05453406,23.8955194,6.500779155,18.045,4.631,2.023,34849,3.026854687,6000.933464,1.438704421,13,99,85026754,76.396
"Iran, Islamic Rep.",IRN,2018,50.93220467,49.06779533,23.96192083,6.756434352,16.664,4.645,1.919,-27946,-3.747960157,4783.010673,1.275246569,12.5,99,86117998,76.621
"Iran, Islamic Rep.",IRN,2019,50.9180952,49.0819048,23.91307471,7.015988411,14.918,4.659,1.766,-32794,-2.361435388,3997.493545,1.078317209,12.1,99,87051648,76.855
"Iran, Islamic Rep.",IRN,2020,50.9014392,49.0985608,23.77416035,7.229355442,14.008,6.439,1.7,-180680,4.441808654,3202.500035,0.768757498,11.7,99,87723443,74.141
"Iran, Islamic Rep.",IRN,2021,50.87995954,49.12004046,23.55039364,7.405182183,13.687,6.387,1.709,334967,4.13089685,4605.148813,0.831029237,11.4,98,88455488,73.752
"Iran, Islamic Rep.",IRN,2022,50.85677738,49.14322262,23.22123817,7.629000262,13.314,4.897,1.704,403190,4.352810875,4721.204371,1.201002859,11,99,89524246,76.799
"Iran, Islamic Rep.",IRN,2023,50.83573426,49.16426574,22.83878303,7.916083606,12.951,4.672,1.695,262044,5.332351172,5049.299316,1.204081856,10.7,99,90608707,77.654
"Iran, Islamic Rep.",IRN,2024,50.81708637,49.18291363,22.44057193,8.239012676,,,,190156,3.663120568,5190.16959,1.052869222,,98,91567738,
Iraq,IRQ,2000,49.61536692,50.38463308,43.67590706,3.080350373,36.107,6.801,4.92,87624,16.79613444,1980.18916,3.277527852,38.4,80,24424056,64.86
Iraq,IRQ,2001,49.65843104,50.34156896,43.50649612,3.051205916,35.547,6.588,4.799,14451,1.766608766,1435.695684,3.11897283,37.7,78,25197840,65.292
Iraq,IRQ,2002,49.69939123,50.30060877,43.31889614,3.028360979,34.791,6.359,4.668,133839,-8.203704812,1266.159613,3.159049888,37,77,26006559,65.724
Iraq,IRQ,2003,49.72799527,50.27200473,43.11408325,3.010947589,34.524,6.685,4.581,-27236,-36.65678044,817.8878625,3.015232358,36.4,75,26802659,64.834
Iraq,IRQ,2004,49.74024652,50.25975348,42.88918381,2.99862261,34.344,6.729,4.527,69948,53.38554729,1328.371576,2.851283058,35.7,74,27577878,64.634
Iraq,IRQ,2005,49.74659463,50.25340537,42.62776187,2.991162687,33.944,6.606,4.446,51019,1.675228636,1762.393604,2.963743471,35,65,28407448,64.899
Iraq,IRQ,2006,49.74206152,50.25793848,42.348026,2.986586644,34.964,7.101,4.459,-1206850,5.638299152,2276.554357,0.733263441,34.3,59,28616515,64.029
Iraq,IRQ,2007,49.72909424,50.27090576,42.06556888,2.984841612,34.503,6.885,4.404,-824428,1.888539362,3128.990103,-0.78904254,33.5,57,28391607,64.428
Iraq,IRQ,2008,49.73451242,50.26548758,41.77320483,2.987525247,33.649,5.953,4.373,396792,8.228107104,4542.96609,2.020299895,32.7,69,28971036,66.465
Iraq,IRQ,2009,49.76610879,50.23389121,41.48660269,2.993265799,33.928,5.48,4.378,120092,3.379299094,3714.71206,3.683912963,31.8,78,30058206,67.834
Iraq,IRQ,2010,49.80768466,50.19231534,41.24286697,2.998742228,34.604,5.409,4.457,92779,6.402564845,4461.751962,3.231385218,30.9,74,31045366,68.092
Iraq,IRQ,2011,49.84956356,50.15043644,41.07986078,3.0001455,35.493,5.299,4.588,261880,7.5464712,5775.542291,3.531816785,30.1,81,32161424,68.435
Iraq,IRQ,2012,49.89041101,50.10958899,40.95366217,2.995178183,34.833,5.12,4.544,753907,13.93643017,6477.596185,4.538921682,29.2,72,33654842,68.827
Iraq,IRQ,2013,49.92791364,50.07208636,40.80599169,3.001463438,34.14,5.059,4.441,474379,7.628285923,6650.352822,4.721566834,28.4,73,35281989,69.047
Iraq,IRQ,2014,49.96325177,50.03674823,40.62005071,3.020415097,33.329,4.855,4.31,-5033,2.263688176,6249.39227,3.531019332,27.5,73,36550059,69.679
Iraq,IRQ,2015,49.99690233,50.00309767,40.37645151,3.045108424,31.562,4.737,4.08,-22338,2.606766429,4440.141893,2.727109769,26.7,68,37560535,69.977
Iraq,IRQ,2016,50.01460243,49.98539757,40.07707041,3.085743462,29.816,5.2,3.843,-113980,13.78737302,4334.420964,2.391512274,25.9,71,38469627,68.683
Iraq,IRQ,2017,50.02421744,49.97578256,39.72597445,3.150722887,28.304,4.802,3.64,-21998,-1.819750351,4759.284644,2.230550464,25.1,81,39337353,69.788
Iraq,IRQ,2018,50.04755173,49.95244827,39.33086521,3.233035663,27.664,4.361,3.547,15775,2.633850991,5646.689321,2.332357697,24.4,86,40265624,71.116
Iraq,IRQ,2019,50.07746254,49.92253746,38.91109962,3.317203205,27.252,4.36,3.48,-43919,5.513790575,5671.856863,2.275011157,23.6,84,41192171,71.245
Iraq,IRQ,2020,50.0980041,49.9019959,38.49467732,3.360395542,26.84,4.997,3.419,29858,-12.03679309,4295.189451,2.219386695,22.9,74,42116605,69.651
Iraq,IRQ,2021,50.11866395,49.88133605,38.06222953,3.381047301,26.448,4.579,3.358,17474,1.50218071,4868.494311,2.241273471,22.2,78,43071211,70.704
Iraq,IRQ,2022,50.1457867,49.8542133,37.58704764,3.39760558,26.004,4.164,3.294,76821,7.95904805,6520.731546,2.293696592,21.5,93,44070551,72.037
Iraq,IRQ,2023,50.17103079,49.82896921,37.09139598,3.396703944,25.728,4.132,3.249,-5710,0.517705525,5965.318351,2.251488908,20.8,91,45074049,72.324
Iraq,IRQ,2024,50.19563327,49.80436673,36.58134858,3.414387924,,,,-17735,-1.545251983,6073.610323,2.124767849,,90,46042015,
Ireland,IRL,2000,49.70815905,50.29184095,21.78094638,11.18844155,14.4,8.2,1.89,31298,9.403524764,26334.56721,1.333042666,6,86,3805174,76.53658537
Ireland,IRL,2001,49.71590593,50.28409407,21.4238434,11.14055441,15,7.8,1.94,39220,5.305821335,28282.40988,1.59215149,5.8,84,3866243,77.13414634
Ireland,IRL,2002,49.69612643,50.30387357,21.12941438,11.10212112,15.4,7.5,1.97,34286,5.899365061,32705.43456,1.685148857,5.5,83,3931947,77.63414634
Ireland,IRL,2003,49.7053797,50.2946203,20.96000811,11.08406473,15.4,7.3,1.96,32220,3.013838694,41203.52958,1.628950962,5.1,86,3996521,78.13902439
Ireland,IRL,2004,49.78254154,50.21745846,20.80565864,11.07894378,15.2,7,1.93,49102,6.788139906,47754.20232,1.828313818,4.7,89,4070262,78.53902439
Ireland,IRL,2005,49.91074016,50.08925984,20.60596821,11.01349511,14.8,6.8,1.86,63983,5.739782026,50933.02161,2.178703014,4.4,90,4159914,78.94390244
Ireland,IRL,2006,50.02198522,49.97801478,20.38571933,10.87157857,15.3,6.7,1.91,94513,4.987853645,54329.16186,2.696005644,4.1,91,4273591,79.24146341
Ireland,IRL,2007,50.01179011,49.98820989,20.29922297,10.77869805,16.2,6.4,2.01,76465,5.310118309,61396.41746,2.890960005,3.9,92,4398942,79.64146341
Ireland,IRL,2008,49.89519614,50.10480386,20.45014717,10.84865257,16.7,6.3,2.06,18979,-4.48407081,61353.10656,2.038708011,3.8,93,4489544,80.09512195
Ireland,IRL,2009,49.76377182,50.23622818,20.74854337,11.07456914,16.7,6.3,2.06,-18524,-5.095782779,52133.09062,1.015663276,3.7,94,4535375,80.1902439
Ireland,IRL,2010,49.66850768,50.33149232,21.08823491,11.37835923,16.5,6.1,2.05,-26974,1.682971755,48623.96664,0.544884384,3.6,94,4560155,80.74390244
Ireland,IRL,2011,49.59615495,50.40384505,21.35622033,11.71715231,16.2,6.2,2.03,-26529,1.608866489,52613.85404,0.436072439,3.5,95,4580084,80.74634146
Ireland,IRL,2012,49.54505653,50.45494347,21.48888336,12.08224025,15.6,6.3,1.98,-22411,-0.405029417,49335.84081,0.423743803,3.4,95,4599533,80.84634146
Ireland,IRL,2013,49.52041079,50.47958921,21.50142502,12.44751401,14.9,6.4,1.93,-12309,2.192937575,52537.61086,0.526556159,3.3,96,4623816,80.94878049
Ireland,IRL,2014,49.47993211,50.52006789,21.43543101,12.79519071,14.4,6.3,1.89,448,9.385793351,57214.53798,0.731001377,3.3,96,4657740,81.34878049
Ireland,IRL,2015,49.47218355,50.52781645,21.31797494,13.11025421,13.9,6.4,1.85,13376,24.62398564,64250.13852,0.944845307,3.2,95,4701957,81.45365854
Ireland,IRL,2016,49.49261629,50.50738371,21.15322111,13.39209211,13.4,6.4,1.81,18967,1.222716611,64129.55715,1.284054851,3.1,95,4762722,81.65365854
Ireland,IRL,2017,49.50568161,50.49431839,20.94352271,13.67204541,12.8,6.3,1.77,28883,10.10885761,72161.40475,1.349798866,3,95,4827445,82.15609756
Ireland,IRL,2018,49.52183207,50.47816793,20.6992101,13.9535917,12.5,6.4,1.75,33387,7.688659374,80804.11232,1.451410795,3,94,4898022,82.20487805
Ireland,IRL,2019,49.52669418,50.47330582,20.41262465,14.24377788,11.9,6.2,1.71,29663,4.972880038,81827.66889,1.588654096,3,94,4976456,82.70243902
Ireland,IRL,2020,49.5154945,50.4845055,20.10125624,14.56214734,11.1,6.4,1.63,15746,7.153695057,86514.07061,1.26378913,3.1,94,5039747,82.45609756
Ireland,IRL,2021,49.51097013,50.48902987,19.80608045,14.85357594,11.8,6.7,1.78,27419,16.25818812,103783.4463,1.395799666,3.2,94,5110585,82.25365854
Ireland,IRL,2022,49.51202687,50.48797313,19.45578247,15.16194031,10.4,6.7,1.54,93535,7.511138884,105190.686,1.981016641,3.3,93,5212836,82.5097561
Ireland,IRL,2023,49.50491963,50.49508037,19.01703604,15.54170684,10.3,6.6,1.5,43873,-2.536374093,106818.9171,1.875739002,3.4,93,5311538,82.86097561
Ireland,IRL,2024,49.50189505,50.49810495,18.55548531,15.89207838,,,,39059,2.599467216,112894.9532,1.573758437,,92,5395790,
Israel,ISR,2000,49.37013096,50.62986904,28.30457503,9.724259128,21.7,6,2.95,63409,8.582089424,21706.51941,2.642331913,5.6,93,6289000,78.95365854
Israel,ISR,2001,49.37012598,50.62987402,28.11579171,9.747504066,21.2,5.8,2.92,38643,0.277927327,20966.30527,2.357117299,5.4,92,6439000,79.40731707
Israel,ISR,2002,49.37346179,50.62653821,27.98630247,9.817909193,21.2,5.8,2.89,17420,-0.134072635,19076.45843,2.014058394,5.1,90,6570000,79.45121951
Israel,ISR,2003,49.38252943,50.61747057,27.93008264,9.895137802,21.7,5.8,2.95,6684,1.449057694,19643.46904,1.805519759,4.9,93,6689700,79.64878049
Israel,ISR,2004,49.39424077,50.60575923,27.90050774,9.937306196,21.3,5.6,2.9,8494,4.647897444,20568.06941,1.767623642,4.7,95,6809000,80.14634146
Israel,ISR,2005,49.40514604,50.59485396,27.8581616,9.951449168,20.8,5.6,2.84,10975,4.38778887,21286.83886,1.762897661,4.5,93,6930100,80.15121951
Israel,ISR,2006,49.41576097,50.58423903,27.8217159,9.942239453,21,5.5,2.88,11446,5.601626982,22527.26198,1.767805874,4.3,95,7053700,80.55365854
Israel,ISR,2007,49.42601424,50.57398576,27.81059985,9.895740798,21.1,5.6,2.9,9654,6.323349505,25721.25941,1.776100869,4.1,95,7180100,80.50487805
Israel,ISR,2008,49.43720693,50.56279307,27.82002085,9.838208895,21.5,5.4,2.96,7974,3.222096,30269.21777,1.776579106,3.9,94,7308800,80.95121951
Israel,ISR,2009,49.45473943,50.54526057,27.87081937,9.831148516,21.5,5.2,2.96,7269,1.237731597,28508.49389,2.390207338,3.8,96,7485600,81.40487805
Israel,ISR,2010,49.47253785,50.52746215,27.97165906,9.897788321,21.8,5.2,3.03,12906,5.534340339,31439.0887,1.82675241,3.7,95,7623600,81.60243902
Israel,ISR,2011,49.48854387,50.51145613,28.06425091,10.07374158,21.4,5.3,2.98,10470,5.518796214,34522.5216,1.848077862,3.5,94,7765800,81.65609756
Israel,ISR,2012,49.50565079,50.49434921,28.13837755,10.34219507,21.6,5.3,3.05,16549,2.447168367,33321.43009,1.846151321,3.4,94,7910500,81.70487805
Israel,ISR,2013,49.52326496,50.47673504,28.19032338,10.58999695,21.3,5.2,3.03,17075,4.085709186,37034.31611,1.866052895,3.3,96,8059500,82.05609756
Israel,ISR,2014,49.54146912,50.45853088,28.22106476,10.79529792,21.5,5.2,3.08,25303,3.775828432,38343.30466,1.919543799,3.2,95,8215700,82.15365854
Israel,ISR,2015,49.55827764,50.44172236,28.24300065,11.01782666,21.3,5.3,3.09,29735,2.237603175,36213.10415,1.981288976,3.1,95,8380100,82.05121951
Israel,ISR,2016,49.57929385,50.42070615,28.25183247,11.26139928,21.2,5.2,3.11,24308,4.459782719,37671.53891,1.960348962,3.1,94,8546000,82.40731707
Israel,ISR,2017,49.60746471,50.39253529,28.24891756,11.49246457,21.1,5.2,3.11,14518,4.346931167,41138.47096,1.938725674,3,98,8713300,82.55121951
Israel,ISR,2018,49.63817559,50.36182441,28.20314624,11.70129517,20.8,5,3.09,15615,4.003898622,42362.66528,1.926622865,2.9,98,8882800,82.80243902
Israel,ISR,2019,49.66941285,50.33058715,28.12446217,11.88549917,20.1,5.1,3.01,16134,3.710496328,44250.63136,1.90898264,2.9,98,9054000,82.80487805
Israel,ISR,2020,49.69709249,50.30290751,28.03445557,12.05287706,19.2,5.3,2.9,16573,-2.021615482,44575.5719,1.763679392,2.8,98,9215100,82.64878049
Israel,ISR,2021,49.72155083,50.27844917,27.94364416,12.1979896,19.7,5.4,3,16859,9.388374034,52270.90402,1.681905517,2.8,98,9371400,82.5
Israel,ISR,2022,49.74712602,50.25287398,27.80353199,12.30303661,19,5.4,2.89,50004,6.263263438,54949.62156,1.966368848,2.7,98,9557500,82.7
Israel,ISR,2023,49.77043778,50.22956222,27.61461528,12.41570889,18.6,5.2,2.85,9999,1.826520495,52003.72007,3.00437406,2.7,98,9849000,83.19512195
Israel,ISR,2024,49.79115313,50.20884687,27.40926008,12.55269377,,,,10612,0.871968424,54176.68444,1.26518834,,98,9974400,
Italy,ITA,2000,48.42610889,51.57389111,14.27471007,18.21676684,9.5,9.8,1.26,56065,3.882098851,20190.00356,0.045303631,4.7,87,56942108,79.77804878
Italy,ITA,2001,48.42350143,51.57649857,14.2411416,18.51276191,9.4,9.6,1.25,48903,2.006433298,20570.43859,0.061224157,4.5,93,56976981,80.12682927
Italy,ITA,2002,48.43063626,51.56936374,14.24322383,18.79878969,9.4,9.8,1.27,223861,0.269929664,22451.39644,0.197854296,4.3,93,57089824,80.22926829
Italy,ITA,2003,48.4492498,51.5507502,14.21978577,19.05256555,9.5,10.2,1.29,478578,0.066553809,27577.57003,0.540420008,4.1,96,57399184,79.98292683
Italy,ITA,2004,48.47568367,51.52431633,14.15365377,19.32921213,9.7,9.5,1.34,417970,1.474021706,31348.19018,0.744609563,3.9,94,57828179,80.7804878
Italy,ITA,2005,48.49502631,51.50497369,14.11762533,19.63523544,9.5,9.8,1.33,258702,0.762410677,32062.72383,0.583653376,3.8,95,58166682,80.78292683
Italy,ITA,2006,48.49810056,51.50189944,14.08459597,19.93559533,9.6,9.6,1.37,215995,1.799479922,33537.1287,0.400079311,3.7,96,58399861,81.28292683
Italy,ITA,2007,48.49033104,51.50966896,14.04486597,20.12361797,9.6,9.7,1.39,495092,1.462292053,37826.17546,0.608396959,3.6,97,58756247,81.43414634
Italy,ITA,2008,48.47906665,51.52093335,14.02655187,20.20433892,9.7,9.9,1.44,422534,-1.023138512,40828.57956,0.771291301,3.5,96,59211181,81.48536585
Italy,ITA,2009,48.46696326,51.53303674,14.03847744,20.3135164,9.6,9.9,1.44,283676,-5.305154012,37099.6134,0.579748621,3.4,96,59555454,81.63658537
Italy,ITA,2010,48.44878799,51.55121201,14.03604997,20.45896121,9.4,9.8,1.44,274387,1.529105732,35856.86255,0.442226157,3.4,96,59819407,82.03658537
Italy,ITA,2011,48.43797728,51.56202272,14.00685525,20.68793389,9.1,9.9,1.42,198544,0.695463154,38432.37428,0.346167211,3.3,96,60026841,82.18780488
Italy,ITA,2012,48.45484208,51.54515792,13.97149898,20.99664448,8.9,10.2,1.42,252524,-3.125238773,34854.39494,0.273513088,3.2,97,60191247,82.23902439
Italy,ITA,2013,48.48427968,51.51572032,13.91774294,21.33067242,8.5,10,1.39,158090,-1.818025107,35701.6746,0.199772918,3.1,96,60311613,82.6902439
Italy,ITA,2014,48.50636221,51.49363779,13.82755223,21.69787401,8.3,9.9,1.38,52679,-0.001387617,36028.3494,0.01507722,3.1,95,60320707,83.0902439
Italy,ITA,2015,48.53959656,51.46040344,13.70686618,22.02852561,8.1,10.8,1.36,39389,0.885667635,30639.88298,-0.151143561,3,93,60229605,82.54390244
Italy,ITA,2016,48.59875988,51.40124012,13.55486198,22.30958864,7.9,10.2,1.36,84568,1.236221085,31391.56929,-0.190090486,2.9,94,60115223,83.24390244
Italy,ITA,2017,48.67283362,51.32716638,13.39213514,22.55866909,7.6,10.8,1.34,95147,1.603699953,32844.11566,-0.188100913,2.8,95,60002252,82.94634146
Italy,ITA,2018,48.73984484,51.26015516,13.21749359,22.80621433,7.3,10.5,1.31,83686,0.826646712,34904.10819,0.243703643,2.7,95,60148658,83.34634146
Italy,ITA,2019,48.77169079,51.22830921,13.02389371,23.10417109,7,10.6,1.27,46634,0.429162534,33812.78872,-0.700011056,2.6,96,59729081,83.49756098
Italy,ITA,2020,48.78693889,51.21306111,12.82597538,23.37923323,6.8,12.5,1.24,85281,-8.868221222,32091.48666,-0.487095092,2.5,94,59438851,82.19512195
Italy,ITA,2021,48.80920352,51.19079648,12.61467938,23.66197355,6.8,11.9,1.25,157327,8.931062108,36852.54254,-0.515599999,2.5,94,59133173,82.64634146
Italy,ITA,2022,48.82584971,51.17415029,12.38978063,23.92918969,6.7,12.1,1.24,231228,4.821176699,35653.90421,-0.202300867,2.4,95,59013667,82.7
Italy,ITA,2023,48.84490787,51.15509213,12.14443518,24.21878315,6.4,11.2,1.2,150189,0.97569484,39277.08388,-0.049917846,2.3,95,58984216,83.7
Italy,ITA,2024,48.87494566,51.12505434,11.8923046,24.62477672,,,,95246,0.692676948,40385.3414,-0.053438738,,94,58952704,
Jamaica,JAM,2000,49.54099698,50.45900302,33.24042708,6.060642083,20.131,6.92,2.345,-17498,0.87870355,3453.092528,0.693820205,18.9,93,2607826,71.281
Jamaica,JAM,2001,49.56209088,50.43790912,32.71471645,5.960460341,19.675,6.847,2.296,-17466,1.344929566,3503.550267,0.633651756,18.5,98,2624403,71.287
Jamaica,JAM,2002,49.58007189,50.41992811,32.19770796,5.8646774,19.43,6.716,2.271,-17428,1.997290942,3680.645517,0.614211875,18.2,97,2640572,71.478
Jamaica,JAM,2003,49.59480513,50.40519487,31.68101006,5.783601964,19.189,6.639,2.244,-17380,3.66631759,3549.707584,0.606020701,18,94,2656623,71.585
Jamaica,JAM,2004,49.60516064,50.39483936,31.15555389,5.72979446,18.795,6.633,2.198,-17256,1.323725105,3807.562931,0.585569135,17.9,96,2672225,71.542
Jamaica,JAM,2005,49.61015085,50.38984915,30.5934299,5.708439188,18.357,6.632,2.148,-17071,0.893797935,4184.439749,0.553843332,17.8,99,2687066,71.493
Jamaica,JAM,2006,49.6101768,50.3898232,29.95972739,5.716544164,17.85,6.664,2.089,-16840,2.899125345,4417.001271,0.516033524,17.9,94,2700968,71.395
Jamaica,JAM,2007,49.60697177,50.39302823,29.2502894,5.751196523,17.308,6.664,2.023,-16588,1.431954038,4716.486125,0.473963945,17.9,91,2713800,71.405
Jamaica,JAM,2008,49.6015239,50.3984761,28.49530999,5.810463582,16.734,6.625,1.953,-16191,-0.811736702,5029.800953,0.435156176,17.9,90,2725635,71.502
Jamaica,JAM,2009,49.59556009,50.40443991,27.72471269,5.889707508,16.161,6.548,1.879,-14941,-4.345301858,4428.381533,0.415917475,17.9,90,2736995,71.717
Jamaica,JAM,2010,49.59115059,50.40884941,26.94847407,5.983735164,15.555,6.448,1.799,-13248,-1.457147209,4809.97738,0.421944554,17.9,94,2748568,71.979
Jamaica,JAM,2011,49.58856987,50.41143013,26.17350847,6.085868342,14.93,6.371,1.717,-11577,1.73037627,5232.636449,0.432960044,17.9,92,2760494,72.245
Jamaica,JAM,2012,49.58745562,50.41254438,25.41236388,6.18666657,14.409,6.358,1.648,-10498,-0.613636042,5340.833332,0.431454273,17.8,96,2772430,72.405
Jamaica,JAM,2013,49.58752532,50.41247468,24.68743792,6.277070662,13.979,6.422,1.591,-10335,0.517686011,5124.213014,0.405211604,17.8,93,2783687,72.435
Jamaica,JAM,2014,49.58727502,50.41272498,24.01405781,6.336557078,13.62,6.55,1.544,-10335,0.68982236,4975.113255,0.360811345,17.7,92,2793749,72.357
Jamaica,JAM,2015,49.58541092,50.41458908,23.40446182,6.40393658,13.318,6.721,1.508,-10335,0.921487124,5339.307183,0.313958648,17.6,91,2802534,72.214
Jamaica,JAM,2016,49.58085921,50.41914079,22.8352637,6.515090314,12.941,6.911,1.464,-10335,2.760437614,5302.295534,0.263022586,17.6,99,2809915,72.052
Jamaica,JAM,2017,49.57281561,50.42718439,22.26744185,6.640365926,12.593,7.117,1.428,-10335,2.293033713,5605.435412,0.207939419,17.6,93,2815764,71.879
Jamaica,JAM,2018,49.56026351,50.43973649,21.69377123,6.780652087,12.305,7.366,1.4,-10335,2.515844586,5976.903626,0.153765356,17.7,97,2820097,71.606
Jamaica,JAM,2019,49.54379142,50.45620858,21.12779822,6.948234867,12.169,7.531,1.39,-10335,1.809431473,6030.688964,0.112486031,17.8,96,2823271,71.532
Jamaica,JAM,2020,49.52544194,50.47455806,20.56713812,7.139125154,12.016,7.717,1.383,0,-8.304419236,5299.045308,0.264166648,18,96,2830739,71.452
Jamaica,JAM,2021,49.50600525,50.49399475,20.0480216,7.31190234,11.954,9.705,1.378,-4665,5.704679783,5625.678063,0.244971341,18.1,90,2837682,69.085
Jamaica,JAM,2022,49.48632405,50.51367595,19.57984519,7.537113299,11.855,7.905,1.372,-10003,6.439303237,6626.475024,0.051507657,18.3,98,2839144,71.481
Jamaica,JAM,2023,49.46647388,50.53352612,19.13411785,7.862176939,11.623,8.076,1.358,-10003,2.746344339,7542.400843,0.022609893,18.3,99,2839786,71.479
Jamaica,JAM,2024,49.44978735,50.55021265,18.70238714,8.209603142,,,,-10506,-0.535039064,7753.800696,-0.021518021,,99,2839175,
Japan,JPN,2000,49.18378175,50.81621825,14.38049552,17.44183117,9.5,7.7,1.36,23468,2.764647551,39169.35957,0.167275578,3.3,85,126843000,81.07609756
Japan,JPN,2001,49.16158749,50.83841251,14.21770074,18.03430835,9.3,7.7,1.33,59563,0.386103426,34406.18246,0.240952588,3.1,95,127149000,81.41634146
Japan,JPN,2002,49.13662825,50.86337175,14.07585683,18.59969312,9.2,7.8,1.32,60864,0.041962499,32820.79364,0.232527187,3,96,127445000,81.69073171
Japan,JPN,2003,49.10987361,50.89012639,13.94782717,19.0945892,8.9,8,1.29,74875,1.535125499,35387.03742,0.213980949,2.9,97,127718000,81.76
Japan,JPN,2004,49.08211251,50.91788749,13.84183379,19.62157816,8.8,8.2,1.29,69014,2.186115694,38298.98017,0.033662258,2.8,99,127761000,82.0302439
Japan,JPN,2005,49.05196238,50.94803762,13.75236493,20.28189978,8.4,8.6,1.26,113017,1.803900872,37812.89502,0.009392097,2.7,98,127773000,81.95512195
Japan,JPN,2006,49.02279071,50.97720929,13.66832283,20.97845893,8.7,8.6,1.32,130065,1.372350128,35991.546,0.063373589,2.7,98,127854000,82.32195122
Japan,JPN,2007,48.9970956,51.0029044,13.59396644,21.62669983,8.6,8.8,1.34,138024,1.483969412,35779.02454,0.114908848,2.6,98,128001000,82.50707317
Japan,JPN,2008,48.97079333,51.02920667,13.53250909,22.25337965,8.7,9.1,1.37,142605,-1.224289001,39876.30397,0.048425395,2.5,98,128063000,82.58756098
Japan,JPN,2009,48.94417979,51.05582021,13.45660675,22.76246851,8.5,9.1,1.37,125450,-5.693236359,41308.99684,-0.012494631,2.4,97,128047000,82.93146341
Japan,JPN,2010,48.91833209,51.08166791,13.37092853,23.09802588,8.5,9.5,1.39,131860,4.097917919,44968.15623,0.017960542,2.4,97,128070000,82.84268293
Japan,JPN,2011,48.90192102,51.09807898,13.28949657,23.65273951,8.3,9.9,1.39,97720,0.023809524,48760.07895,-0.185226486,2.3,97,127833000,82.59121951
Japan,JPN,2012,48.89362974,51.10637026,13.19609303,24.51267833,8.2,10,1.41,67904,1.374750999,49145.28043,-0.159710676,2.2,97,127629000,83.09609756
Japan,JPN,2013,48.88514222,51.11485778,13.09008362,25.41206358,8.2,10.1,1.43,66449,2.005100177,40898.6479,-0.144271883,2.2,96,127445000,83.33195122
Japan,JPN,2014,48.87690788,51.12309212,12.97072627,26.22618834,8,10.1,1.42,58109,0.296205514,38475.39525,-0.132694222,2.1,96,127276000,83.58780488
Japan,JPN,2015,48.87370876,51.12629124,12.8443763,26.92300342,8,10.3,1.45,168896,1.560626697,34960.63938,-0.106124994,2,96,127141000,83.79390244
Japan,JPN,2016,48.87287744,51.12712256,12.72324924,27.51202814,7.8,10.5,1.44,314732,0.753826746,39375.47316,-0.051137415,2,99,127076000,83.98487805
Japan,JPN,2017,48.8687951,51.1312049,12.60783267,27.97782138,7.6,10.8,1.43,322564,1.675331752,38834.05293,-0.081874296,1.9,99,126972000,84.0997561
Japan,JPN,2018,48.86513156,51.13486844,12.49122192,28.34521633,7.4,11,1.42,320601,0.643391024,39751.1331,-0.126880068,1.9,98,126811000,84.21097561
Japan,JPN,2019,48.86238195,51.13761805,12.36655903,28.62877075,7,11.2,1.36,318190,-0.402169201,40415.95676,-0.140464978,1.8,98,126633000,84.35634146
Japan,JPN,2020,48.85351511,51.14648489,12.22075282,28.91817438,6.8,11.1,1.33,42001,-4.168764571,40028.73417,-0.294194618,1.8,96,126261000,84.56
Japan,JPN,2021,48.83787064,51.16212936,12.04826445,29.21699707,6.6,11.7,1.3,-34996,2.696574042,40094.55998,-0.459952416,1.8,99,125681593,84.44560976
Japan,JPN,2022,48.82212118,51.17787882,11.85893618,29.40264731,6.3,12.9,1.26,175003,0.941998775,34065.6439,-0.443851919,1.8,99,125124989,83.99634146
Japan,JPN,2023,48.80559123,51.19440877,11.64929062,29.56181008,6,13,1.2,175003,1.475034811,33836.17563,-0.487370782,1.8,98,124516650,84.04121951
Japan,JPN,2024,48.78389938,51.21610062,11.4361016,29.7807704,,,,153357,0.104309022,32487.0778,-0.435651699,,99,123975371,
Jordan,JOR,2000,52.35303126,47.64696874,40.05003392,2.695145143,29.054,3.731,3.864,-26077,4.245711921,1570.610029,2.072604791,22.9,91,5386945,71.926
Jordan,JOR,2001,52.24063239,47.75936761,39.80660475,2.779904468,28.516,3.702,3.803,-22896,5.269957575,1632.29454,2.056854723,22.2,99,5498894,72.141
Jordan,JOR,2002,52.14091997,47.85908003,39.52144263,2.869989164,28.479,3.684,3.805,-18463,5.783807927,1706.267444,2.108443768,21.6,95,5616066,72.359
Jordan,JOR,2003,52.05668786,47.94331214,39.20971342,2.960529037,28.475,3.667,3.816,-11699,4.161667555,1775.676256,2.214620774,20.9,97,5741828,72.585
Jordan,JOR,2004,51.99561854,48.00438146,38.83972481,3.047962011,27.743,3.644,3.729,7979,8.567214242,1940.086413,2.412958417,20.3,95,5882061,72.788
Jordan,JOR,2005,51.94917132,48.05082868,38.42773656,3.130960451,27.156,3.636,3.653,3500,8.146594811,2087.870793,2.477130681,19.7,95,6029587,72.977
Jordan,JOR,2006,51.90433227,48.09566773,37.96101081,3.206575441,26.457,3.486,3.711,502609,8.092975278,2342.634596,6.388707243,19.1,98,6427371,73.225
Jordan,JOR,2007,51.86175121,48.13824879,37.466705,3.272331504,28.189,3.644,3.797,-18108,8.176169952,2506.205995,6.035299827,18.5,98,6827227,73.407
Jordan,JOR,2008,51.8176171,48.1823829,36.97321952,3.335636191,28.707,3.664,3.876,767,7.220386373,3241.652414,2.354279761,18,97,6989866,73.563
Jordan,JOR,2009,51.7751454,48.2248546,36.48813278,3.395111579,28.568,3.693,3.841,-49687,5.023710073,3435.833759,2.149687861,17.5,98,7141753,73.707
Jordan,JOR,2010,51.73485318,48.26514682,35.99524931,3.454015315,28.07,3.711,3.78,4872,2.314834221,3718.465716,2.151093317,17,98,7297043,73.797
Jordan,JOR,2011,51.6969359,48.3030641,35.51511251,3.515007973,27.398,3.726,3.69,7057,2.737179886,3946.855039,2.482027727,16.6,98,7480424,73.929
Jordan,JOR,2012,51.66028568,48.33971432,35.06616964,3.583095183,26.895,3.772,3.568,-146181,2.429358001,4169.504701,1.41635205,16.2,98,7587127,74.087
Jordan,JOR,2013,51.71572544,48.28427456,34.86681176,3.522118709,24.926,3.595,3.449,609631,2.609947375,4311.219167,5.196414679,15.8,98,7991809,74.282
Jordan,JOR,2014,51.84358312,48.15641688,34.94446843,3.350115998,24.324,3.376,3.302,635528,3.384078099,4191.180501,9.539208986,15.4,98,8791710,74.606
Jordan,JOR,2015,51.88139967,48.11860033,34.80922298,3.318580339,23.653,3.171,3.141,490844,2.496528793,4042.756781,8.217983292,15,99,9544729,75.06
Jordan,JOR,2016,51.84706897,48.15293103,34.45926151,3.412847211,23.748,3.172,3.072,31046,1.994180849,3986.71677,4.723252544,14.7,98,10006367,75.55
Jordan,JOR,2017,51.81227659,48.18772341,34.107059,3.525005213,23.217,3.098,2.994,12873,2.473598154,4065.616287,2.2516003,14.3,99,10234226,76.071
Jordan,JOR,2018,51.77822174,48.22177826,33.71051755,3.648574224,22.677,3.051,2.923,32062,1.919070913,4145.439897,2.204129984,14,96,10462306,76.491
Jordan,JOR,2019,51.74485009,48.25514991,33.28250667,3.777015537,22.236,3.033,2.855,-23156,1.751240779,4170.1144,1.983438225,13.6,89,10671891,76.865
Jordan,JOR,2020,51.70892426,48.29107574,32.84150746,3.899085408,21.726,3.49,2.791,6745,-1.102751883,4022.040136,1.795432282,13.3,77,10865228,75.583
Jordan,JOR,2021,51.67061316,48.32938684,32.3912858,4.006553738,21.309,4.068,2.735,6573,3.65564359,4183.499983,1.834191627,12.9,85,11066356,74.204
Jordan,JOR,2022,51.63605793,48.36394207,31.85307451,4.14208054,20.922,3.163,2.679,-17445,2.647435149,4332.251599,1.701517028,12.6,92,11256263,77.088
Jordan,JOR,2023,51.60539453,48.39460547,31.22622897,4.322303277,20.611,3.049,2.639,-17445,2.884083393,4466.083142,1.612250502,12.2,96,11439213,77.814
Jordan,JOR,2024,51.56618144,48.43381856,30.66843702,4.523163756,,,,-156369,2.488894096,4618.095925,0.988722042,,96,11552876,
Kazakhstan,KAZ,2000,47.32705795,52.67294205,27.6362891,6.693365843,15.828,10.622,1.898,-8754,9.800000002,1180.044456,0.292205742,36,97,15501103,63.793
Kazakhstan,KAZ,2001,47.33612955,52.66387045,26.9186674,6.807579829,15.939,10.528,1.906,-7333,13.5,1422.273318,0.479119437,33.7,95,15575550,64.108
Kazakhstan,KAZ,2002,47.34399596,52.65600404,26.20213005,7.004420318,16.423,10.447,1.956,-8272,9.8,1573.552199,0.519509431,31.7,95,15656677,64.441
Kazakhstan,KAZ,2003,47.36840367,52.63159633,25.57686023,7.215622306,17.516,10.395,2.075,-16027,9.3,1958.020502,0.577653086,29.7,99,15747380,64.753
Kazakhstan,KAZ,2004,47.42007021,52.57992979,25.11950747,7.378556664,18.691,10.345,2.201,-22841,9.600000001,2722.474078,0.650552959,27.9,82,15850159,65.04
Kazakhstan,KAZ,2005,47.47949602,52.52050398,24.8186566,7.471209895,19.43,10.248,2.274,-20171,9.699999999,3577.35804,0.741451488,26,98,15968117,65.356
Kazakhstan,KAZ,2006,47.53774517,52.46225483,24.66257244,7.475023388,20.462,10.124,2.38,-21728,10.7,5030.134947,0.845600612,24.2,99,16103716,65.722
Kazakhstan,KAZ,2007,47.60882446,52.39117554,24.67345266,7.350998148,21.533,9.939,2.49,-26237,8.9,6449.439311,0.948669591,22.3,93,16257214,66.18
Kazakhstan,KAZ,2008,47.71122316,52.28877684,24.86582524,7.077175483,22.714,9.676,2.616,-37796,3.3,8123.547059,1.036065761,20.4,99,16426525,66.759
Kazakhstan,KAZ,2009,47.78654989,52.21345011,25.11428806,6.752261724,22.413,9.294,2.58,-7758,1.199999999,6938.011757,1.170011711,18.5,98,16619846,67.46
Kazakhstan,KAZ,2010,47.8037082,52.1962918,25.37190461,6.504260412,22.615,8.926,2.61,-6840,7.300000003,8793.0759,1.29700375,16.7,99,16836810,68.257
Kazakhstan,KAZ,2011,47.81499218,52.18500782,25.72834792,6.379244349,22.489,8.55,2.605,-3160,7.400000001,11287.14649,1.352073637,14.9,99,17066002,69.108
Kazakhstan,KAZ,2012,47.83356811,52.16643189,26.17478189,6.379153115,22.643,8.198,2.64,-4512,4.799999995,12018.79665,1.39710899,13.3,99,17306106,69.939
Kazakhstan,KAZ,2013,47.8590496,52.1409504,26.66076648,6.463462938,22.646,7.88,2.67,-3925,5.999999997,13478.45963,1.436497842,11.7,98,17556502,70.719
Kazakhstan,KAZ,2014,47.89067418,52.10932582,27.16895526,6.596981357,23.017,7.615,2.76,-10170,4.200000006,12427.70946,1.468856105,10.5,95,17816285,71.415
Kazakhstan,KAZ,2015,47.92671424,52.07328576,27.67369073,6.761463576,22.513,7.388,2.755,-2011,1.200000001,10196.12263,1.492398798,9.5,98,18084169,72.024
Kazakhstan,KAZ,2016,47.96640898,52.03359102,28.13863371,6.939739674,22.34,7.208,2.795,9478,1.099999999,7475.566887,1.533352974,8.8,83,18363600,72.549
Kazakhstan,KAZ,2017,48.00817138,51.99182862,28.53236751,7.123694056,21.435,7.063,2.745,21248,4.100000003,8943.084168,1.55792352,8.4,99,18651931,72.996
Kazakhstan,KAZ,2018,48.12519084,51.87480916,28.81008977,7.301763959,21.702,6.97,2.845,-6644,4.099999993,9472.485273,1.494233229,8.2,98,18932727,73.369
Kazakhstan,KAZ,2019,48.32617414,51.67382586,29.01368095,7.480378905,21.424,6.911,2.89,2594,4.500000001,9457.126147,1.45157996,8.1,97,19209555,73.658
Kazakhstan,KAZ,2020,48.52090253,51.47909747,29.21053189,7.648791453,22.57,8.585,3.13,-8716,-2.499999996,8781.507978,1.408915638,8,88,19482117,71.195
Kazakhstan,KAZ,2021,48.62880397,51.37119603,29.48214163,7.776630233,23.271,9.645,3.32,-9804,4.299999997,9983.601036,1.333257227,7.9,95,19743603,70.131
Kazakhstan,KAZ,2022,48.65806209,51.34193791,29.62652528,7.985416636,20.819,6.992,3.05,45755,3.2,11255.33964,1.46316879,7.7,99,20034609,73.503
Kazakhstan,KAZ,2023,48.68171598,51.31828402,29.53908647,8.308167041,20.138,6.709,3.012,-4822,5.1,12879.42753,1.464151517,7.6,99,20330104,74.402
Kazakhstan,KAZ,2024,48.70642913,51.29357087,29.37327981,8.653234703,,,,-7368,5,14154.6325,1.282763646,,98,20592571,
Kenya,KEN,2000,49.6840768,50.3159232,46.07771819,2.227611364,40.238,9.942,5.136,5407,0.599695391,414.6263651,3.012939945,63.8,82,30642890,56.084
Kenya,KEN,2001,49.7077311,50.2922689,45.67741184,2.224917669,40.188,9.709,5.094,55052,3.779906498,410.7004525,3.136292065,61.2,80,31619170,56.501
Kenya,KEN,2002,49.72963984,50.27036016,45.29790299,2.216736883,39.938,9.535,5.027,10431,0.54685953,402.9363856,3.14626442,58.3,84,32629808,56.759
Kenya,KEN,2003,49.75030624,50.24969376,44.95945929,2.202881218,39.459,9.203,4.937,24175,2.932475546,442.8984573,3.085288988,55.5,73,33652223,57.369
Kenya,KEN,2004,49.76992063,50.23007937,44.63963981,2.185751862,39.1,8.893,4.861,31525,5.104299776,463.6627813,3.104824764,52.5,73,34713455,57.947
Kenya,KEN,2005,49.78757411,50.21242589,44.37051555,2.167462871,38.783,8.6,4.801,5501,5.90666608,523.4563124,3.072231234,49.4,76,35796484,58.51
Kenya,KEN,2006,49.80258784,50.19741216,44.15663198,2.148427889,38.492,8.323,4.754,15767,6.4724943,699.8023706,3.047048674,46.9,80,36904008,59.059
Kenya,KEN,2007,49.8136033,50.1863967,44.00253105,2.12750569,38.299,8.142,4.718,-11495,6.85072977,840.2014395,3.022209212,44.9,81,38036349,59.407
Kenya,KEN,2008,49.82184647,50.17815353,43.88144737,2.10568433,37.851,7.886,4.66,29612,0.232282745,915.5443547,3.029649383,42.4,88,39206351,59.955
Kenya,KEN,2009,49.82919229,50.17080771,43.76229974,2.087425512,37.169,7.631,4.567,7096,3.306939816,1047.967832,3.021108603,41.9,88,40408891,60.483
Kenya,KEN,2010,49.83422746,50.16577254,43.62582422,2.091283602,36.266,7.424,4.446,-21069,8.058473603,1091.518731,2.901588455,41.4,90,41598567,60.915
Kenya,KEN,2011,49.83517765,50.16482235,43.43051776,2.131569937,35.009,7.275,4.284,-44795,5.12110612,1096.144998,2.750137437,41.1,96,42758461,61.283
Kenya,KEN,2012,49.83338955,50.16661045,43.17086491,2.18748148,33.674,7.208,4.116,-42928,4.568679614,1285.005362,2.608074418,41.3,94,43888303,61.537
Kenya,KEN,2013,49.8296889,50.1703111,42.83902738,2.254155028,32.427,7.175,3.955,-57634,3.797848393,1370.878852,2.472107524,40.9,87,44986791,61.729
Kenya,KEN,2014,49.82332366,50.17667634,42.44340956,2.345034136,31.542,7.149,3.843,-72415,5.020111002,1482.815663,2.339011922,40.1,92,46051440,61.99
Kenya,KEN,2015,49.81382726,50.18617274,41.99893622,2.443165242,30.908,7.14,3.766,-95977,4.967721128,1489.119598,2.227032943,39.1,89,47088526,62.279
Kenya,KEN,2016,49.80566346,50.19433654,41.52362166,2.496760106,30.202,7.169,3.689,-29728,4.213517068,1554.126103,2.207756846,38.7,88,48139687,62.526
Kenya,KEN,2017,49.79780789,50.20219211,41.01360254,2.54036944,29.602,7.126,3.609,-68702,3.837958174,1667.484472,2.17412855,38.5,81,49197766,62.725
Kenya,KEN,2018,49.78522065,50.21477935,40.45294583,2.643654586,29.037,7.186,3.536,-115436,5.647946407,1836.452755,2.030837442,37.8,91,50207107,62.825
Kenya,KEN,2019,49.77340314,50.22659686,39.86888908,2.746893226,28.226,7.294,3.433,-61949,5.114158858,1960.408089,1.963815498,37.2,93,51202827,62.939
Kenya,KEN,2020,49.76048279,50.23951721,39.28416892,2.78922228,27.782,7.937,3.364,-17111,-0.272766327,1927.66459,1.961976337,36.9,93,52217334,61.596
Kenya,KEN,2021,49.7435454,50.2564546,38.68746777,2.818603948,27.611,8.124,3.312,-52552,7.590489473,2061.356221,1.900408589,36.4,95,53219166,61.225
Kenya,KEN,2022,49.73146471,50.26853529,38.07124564,2.863919877,27.342,7.212,3.262,-10003,4.859981043,2109.562885,1.922976082,35.8,94,54252461,63.549
Kenya,KEN,2023,49.7244457,50.2755543,37.44713053,2.913307843,27.106,7.211,3.208,-10003,5.719992412,1942.588028,1.982960285,34.7,93,55339003,63.646
Kenya,KEN,2024,49.71576798,50.28423202,36.8360577,2.96616899,,,,-19781,4.724739947,2132.434521,1.957514316,,91,56432944,
Kiribati,KIR,2000,48.79306648,51.20693352,40.13688736,3.413156083,31.498,7.204,4.071,-629,6.742665313,845.3672402,1.692322693,49.1,90,88613,64.674
Kiribati,KIR,2001,48.77622184,51.22377816,39.75336112,3.3962661,30.524,7.045,3.957,-201,-3.144129178,718.8337871,1.924640852,47.7,85,90335,64.918
Kiribati,KIR,2002,48.78228542,51.21771458,39.33928726,3.396774473,29.414,6.936,3.814,-137,1.447154942,810.1087004,2.11290507,46.5,77,92264,65.123
Kiribati,KIR,2003,48.79957526,51.20042474,38.88133793,3.404300504,28.58,6.861,3.702,-157,-1.575466892,1020.500339,2.050072065,45.6,70,94175,65.287
Kiribati,KIR,2004,48.80470417,51.19529583,38.43491926,3.428232441,28.894,6.849,3.734,-181,-0.608967597,1083.268899,2.007846281,44.9,62,96085,65.416
Kiribati,KIR,2005,48.79840059,51.20159941,38.01990095,3.463541268,29.181,6.86,3.76,-226,1.292430295,1161.783417,2.009134138,44.4,79,98035,65.517
Kiribati,KIR,2006,48.7822192,51.2177808,37.61841678,3.503386907,29.738,6.892,3.815,-290,5.776934498,1123.19259,2.001561377,44,86,100017,65.601
Kiribati,KIR,2007,48.7665086,51.2334914,37.26584238,3.546655171,30.347,6.9,3.865,-290,3.055079816,1352.57814,2.029908629,43.5,94,102068,65.677
Kiribati,KIR,2008,48.75554106,51.24445894,36.99920842,3.581280434,30.831,6.91,3.899,-289,-2.984731216,1410.622469,2.088398164,43,82,104222,65.746
Kiribati,KIR,2009,48.74843848,51.25156152,36.79356045,3.596419548,31.084,6.915,3.905,-289,0.536801195,1316.627539,2.131183851,42.5,86,106467,65.808
Kiribati,KIR,2010,48.7212982,51.2787018,36.60950839,3.602443332,31.247,6.926,3.898,-456,1.225951989,1522.100687,2.0793514,42.1,91,108704,65.859
Kiribati,KIR,2011,48.65067602,51.34932398,36.36548499,3.603334915,31.427,6.943,3.878,-1019,3.263727195,1771.129268,1.771636163,41.8,99,110647,65.896
Kiribati,KIR,2012,48.55412566,51.44587434,36.05678458,3.600245805,30.798,6.947,3.768,-1093,5.803659746,1843.553363,1.468642247,41.7,94,112284,65.908
Kiribati,KIR,2013,48.45176082,51.54823918,35.74098394,3.609938641,30.046,6.95,3.643,-1101,7.730921887,1772.087183,1.374500903,41.7,95,113838,65.898
Kiribati,KIR,2014,48.34774164,51.65225836,35.43114549,3.638799409,29.313,6.963,3.521,-1128,1.26366268,1736.705357,1.298651544,41.9,75,115326,65.869
Kiribati,KIR,2015,48.25363398,51.74636602,35.1667166,3.684030304,28.858,6.99,3.438,-1022,11.26533124,1639.852747,1.282858625,42.2,78,116815,65.831
Kiribati,KIR,2016,48.21273327,51.78726673,35.01873766,3.738668782,28.508,7.019,3.375,-756,7.088029601,1742.667993,1.413580252,42.6,81,118478,65.799
Kiribati,KIR,2017,48.21201413,51.78798587,34.99910621,3.792990202,28.275,7.083,3.339,-750,3.749130019,1853.051227,1.505349825,42.8,90,120275,65.787
Kiribati,KIR,2018,48.21228181,51.78771819,35.06083951,3.845318982,28.112,7.137,3.318,-741,3.4794388,1912.738094,1.492854481,42.8,95,122084,65.807
Kiribati,KIR,2019,48.21739832,51.78260168,35.13623654,3.89281838,27.826,7.171,3.29,-705,3.264259304,1750.997719,1.49349334,42.4,97,123921,65.866
Kiribati,KIR,2020,48.26287282,51.73712718,35.17989833,3.930245283,27.355,7.555,3.254,0,-1.468055381,1751.782492,1.742304693,41.9,92,126099,65.205
Kiribati,KIR,2021,48.32681612,51.67318388,35.16595652,3.957484596,26.909,8.152,3.219,-348,8.479737871,2222.048195,1.790393476,41.3,90,128377,64.148
Kiribati,KIR,2022,48.38850608,51.61149392,35.07973189,4.015528653,26.403,7.073,3.182,-395,4.566325931,2069.767173,1.616440317,40.6,91,130469,66.269
Kiribati,KIR,2023,48.46488746,51.53511254,34.92894089,4.118297298,25.813,7.046,3.147,-485,2.652010875,2177.701258,1.567338424,39.7,90,132530,66.473
Kiribati,KIR,2024,48.52807803,51.47192197,34.69386997,4.23660774,,,,-471,5.266897479,2288.634714,1.488898419,,94,134518,
"Korea, Dem. People's Rep.",PRK,2000,48.80035038,51.19964962,25.58195365,6.386139523,17.521,10.693,1.941,-3142,,,0.713737031,59.4,56,23665910,60.911
"Korea, Dem. People's Rep.",PRK,2001,48.81420431,51.18579569,25.30773156,6.708866045,16.894,10.876,1.94,-2884,,,0.629505065,58.6,62,23815358,60.893
"Korea, Dem. People's Rep.",PRK,2002,48.825172,51.174828,24.98661354,7.060357109,16.05,11.059,1.919,-2763,,,0.538597624,57.7,64,23943973,60.877
"Korea, Dem. People's Rep.",PRK,2003,48.83412383,51.16587617,24.64643356,7.451227419,15.318,7.897,1.909,-2717,,,0.609594776,27.3,68,24090380,69.399
"Korea, Dem. People's Rep.",PRK,2004,48.84100743,51.15899257,24.28962212,7.858884682,14.599,8.174,1.899,-2758,,,0.680784098,26.8,72,24254943,69.294
"Korea, Dem. People's Rep.",PRK,2005,48.84497054,51.15502946,23.87563125,8.247625621,13.903,8.461,1.872,-2861,,,0.581650142,26.3,79,24396433,69.168
"Korea, Dem. People's Rep.",PRK,2006,48.84732856,51.15267144,23.42641791,8.61169197,14.021,8.754,1.936,-2948,,,0.523597022,25.9,89,24524507,69.061
"Korea, Dem. People's Rep.",PRK,2007,48.8512006,51.1487994,22.97357541,8.946095479,13.856,8.966,1.943,-3021,,,0.495725213,25.6,92,24646383,69.021
"Korea, Dem. People's Rep.",PRK,2008,48.86035185,51.13964815,22.53186022,9.250716269,13.923,8.996,1.97,-3051,,,0.478578548,24.7,92,24764618,69.303
"Korea, Dem. People's Rep.",PRK,2009,48.8774569,51.1225431,22.09176443,9.529477298,13.403,8.92,1.905,-3058,,,0.45812829,23.9,93,24878332,69.702
"Korea, Dem. People's Rep.",PRK,2010,48.90306296,51.09693704,21.64583001,9.796957117,13.294,8.794,1.89,-3053,,,0.436879111,22.9,93,24987258,70.246
"Korea, Dem. People's Rep.",PRK,2011,48.93612698,51.06387302,21.21154009,10.06859406,13.273,8.699,1.883,-2957,,,0.441712642,21.7,94,25097874,70.772
"Korea, Dem. People's Rep.",PRK,2012,48.97531419,51.02468581,20.80350859,10.33324451,13.316,8.605,1.882,-2919,,,0.452614172,20.6,96,25211728,71.317
"Korea, Dem. People's Rep.",PRK,2013,49.0193866,50.9806134,20.43349024,10.5613499,13.357,8.52,1.877,-2933,,,0.465850679,19.3,93,25329451,71.867
"Korea, Dem. People's Rep.",PRK,2014,49.06843912,50.93156088,20.10165194,10.75085414,13.411,8.418,1.874,-3042,,,0.479753932,18.2,93,25451262,72.451
"Korea, Dem. People's Rep.",PRK,2015,49.12044996,50.87955004,19.81615696,10.94634873,13.423,8.443,1.863,-3208,,,0.486366779,17.2,96,25575350,72.825
"Korea, Dem. People's Rep.",PRK,2016,49.17066391,50.82933609,19.57490695,10.98659479,13.458,8.592,1.856,-3222,,,0.479685661,16.5,96,25698326,72.971
"Korea, Dem. People's Rep.",PRK,2017,49.21468051,50.78531949,19.37751563,10.87340885,13.474,8.819,1.848,-3224,,,0.463479822,15.4,97,25817709,73.034
"Korea, Dem. People's Rep.",PRK,2018,49.25037642,50.74962358,19.22315239,10.84093753,13.427,9.063,1.834,-3225,,,0.438418123,14.8,97,25931147,73.02
"Korea, Dem. People's Rep.",PRK,2019,49.27792589,50.72207411,19.11863531,10.92479318,13.405,9.326,1.825,-3142,,,0.409804314,14.3,97,26037632,72.928
"Korea, Dem. People's Rep.",PRK,2020,49.30136279,50.69863721,19.07861943,11.08864939,13.391,9.721,1.821,-1585,,,0.37827356,14.1,97,26136312,72.783
"Korea, Dem. People's Rep.",PRK,2021,49.33785845,50.66214155,19.05741205,11.28249774,13.267,9.466,1.806,-1585,,,0.367478437,14.1,99,26232534,73.437
"Korea, Dem. People's Rep.",PRK,2022,49.38477552,50.61522448,19.02381969,11.59305317,13.149,9.484,1.797,-1997,,,0.366471008,14.3,99,26328845,73.641
"Korea, Dem. People's Rep.",PRK,2023,49.42806104,50.57193896,18.98061844,12.02859778,12.947,9.684,1.78,-1997,,,0.338821175,14.5,99,26418204,73.642
"Korea, Dem. People's Rep.",PRK,2024,49.46905378,50.53094622,18.94710191,12.39986961,,,,-2473,,,0.304699893,,99,26498823,
"Korea, Rep.",KOR,2000,51.07716371,48.92283629,20.98009734,7.091050396,13.5,5.2,1.48,-84960,9.201858388,12710.29958,0.836180864,5.8,97,47008111,75.9097561
"Korea, Rep.",KOR,2001,51.06186049,48.93813951,20.75851104,7.444936883,11.7,5.1,1.309,-28006,4.725935603,11981.48282,0.767241775,5.5,97,47370164,76.41219512
"Korea, Rep.",KOR,2002,51.01713201,48.98286799,20.47063433,7.816066051,10.3,5.1,1.178,-18105,7.743998953,13642.94245,0.577957277,5.3,97,47644736,76.76585366
"Korea, Rep.",KOR,2003,50.97623212,49.02376788,20.12922863,8.201223507,10.2,5.1,1.191,-31994,3.074726618,15211.54838,0.518321453,5,97,47892330,77.21463415
"Korea, Rep.",KOR,2004,50.93782688,49.06217312,19.72786361,8.600863799,9.8,5.1,1.164,-42549,5.18363686,17121.63016,0.396331437,4.7,88,48082519,77.66585366
"Korea, Rep.",KOR,2005,50.89757209,49.10242791,19.24483828,9.000394009,9,5.1,1.085,-47821,4.358236673,20167.04749,0.211997784,4.4,96,48184561,78.16829268
"Korea, Rep.",KOR,2006,50.86105705,49.13894295,18.69643846,9.420570863,9.2,5,1.132,-28434,5.245005506,22609.70594,0.52519994,4.1,98,48438292,78.66829268
"Korea, Rep.",KOR,2007,50.833067,49.166933,18.11203565,9.85710349,10.1,5,1.259,-42293,5.841963392,25078.4854,0.505234033,3.8,91,48683638,79.1195122
"Korea, Rep.",KOR,2008,50.80804662,49.19195338,17.51600349,10.24814806,9.4,5,1.192,-19630,3.004404517,22252.31251,0.759316682,3.6,94,49054708,79.51707317
"Korea, Rep.",KOR,2009,50.78629054,49.21370946,16.94087093,10.61313731,9,5,1.149,5308,0.819861756,19937.30291,0.514682828,3.4,94,49307835,79.96829268
"Korea, Rep.",KOR,2010,50.76028517,49.23971483,16.38872441,10.99169442,9.4,5.1,1.226,52042,6.981661389,24071.26205,0.498225084,3.3,94,49554112,80.11707317
"Korea, Rep.",KOR,2011,50.67615089,49.32384911,15.79239599,11.35038362,9.4,5.1,1.244,269958,3.68803206,26175.23986,0.768971759,3.2,99,49936638,80.56829268
"Korea, Rep.",KOR,2012,50.54251266,49.45748734,15.18803904,11.7033966,9.6,5.3,1.297,281866,2.547665506,26600.54774,0.525713661,3.1,99,50199853,80.8195122
"Korea, Rep.",KOR,2013,50.41162713,49.58837287,14.66118488,12.09714326,8.6,5.3,1.187,301926,3.291395954,28449.35911,0.455218622,3,99,50428893,81.27073171
"Korea, Rep.",KOR,2014,50.28318594,49.71681406,14.19950854,12.52540919,8.6,5.3,1.205,308037,3.214680197,30667.09125,0.628149861,2.9,99,50746659,81.72195122
"Korea, Rep.",KOR,2015,50.16629952,49.83370048,13.76383509,12.95468571,8.6,5.4,1.239,276427,2.920292673,30171.79065,0.527288497,2.9,98,51014947,82.02439024
"Korea, Rep.",KOR,2016,50.09598163,49.90401837,13.35538423,13.36310385,7.9,5.5,1.172,91568,3.17152749,30832.06281,0.396851823,2.8,98,51217803,82.27560976
"Korea, Rep.",KOR,2017,50.06294785,49.93705215,13.0157835,13.87374621,7,5.6,1.052,104029,3.433191764,33296.98454,0.280968018,2.7,97,51361911,82.62682927
"Korea, Rep.",KOR,2018,50.03053588,49.96946412,12.71221602,14.45437602,6.4,5.8,0.977,118220,3.176115682,35363.95082,0.433519028,2.7,98,51585058,82.62682927
"Korea, Rep.",KOR,2019,49.99775247,50.00224753,12.41040626,15.06348844,5.9,5.7,0.918,128622,2.313802106,33826.94433,0.347874969,2.6,98,51764822,83.22682927
"Korea, Rep.",KOR,2020,49.9502309,50.0497691,12.11465959,15.82216595,5.3,5.9,0.837,112631,-0.700242318,33645.77195,0.137869266,2.5,98,51836239,83.42682927
"Korea, Rep.",KOR,2021,49.90748605,50.09251395,11.79998861,16.65964122,5.1,6.2,0.808,-16778,4.612967955,37518.46353,-0.128757315,2.4,98,51769539,83.52682927
"Korea, Rep.",KOR,2022,49.90228168,50.09771832,11.41425904,17.48464634,4.9,7.3,0.778,87800,2.727564567,34822.40484,-0.187486567,2.4,98,51672569,82.6804878
"Korea, Rep.",KOR,2023,49.9178521,50.0821479,10.97081709,18.33502358,4.5,6,0.721,87800,1.583014674,35674.096,0.077477253,2.3,98,51712619,83.42926829
"Korea, Rep.",KOR,2024,49.91365027,50.08634973,10.56812682,19.27351313,,,,75963,2.003611018,36238.63991,0.074317867,,97,51751065,
Kuwait,KWT,2000,58.48082758,41.51917242,29.37475604,1.543068559,22.39,2.023,2.887,14296,4.694581871,19296.34717,2.837165773,10.6,98,1954709,76.22587805
Kuwait,KWT,2001,58.64603844,41.35396156,28.33835005,1.595147505,22.274,2.025,2.839,12055,0.213332576,17374.23187,2.695812572,10.5,99,2008121,76.38434146
Kuwait,KWT,2002,58.81006265,41.18993735,27.35069165,1.635118122,22.253,2.034,2.795,9335,3.014283152,18512.7523,2.549390238,10.3,99,2059974,76.53163415
Kuwait,KWT,2003,58.97503224,41.02496776,26.43397898,1.661562903,22.404,2.055,2.771,5895,17.32602042,22690.65518,2.393818643,10.2,99,2109881,76.64456098
Kuwait,KWT,2004,59.14287171,40.85712829,25.58208203,1.675967943,22.641,2.087,2.762,1713,10.24029806,27552.28274,2.223516281,10,98,2157320,76.72768293
Kuwait,KWT,2005,59.04379,40.95621,24.91360379,1.687196104,22.315,2.088,2.731,67638,10.60904498,36122.61427,3.617419764,9.9,99,2236788,76.80078049
Kuwait,KWT,2006,58.59885298,41.40114702,24.47013585,1.705921619,21.495,2.08,2.589,97087,7.514773,42946.63741,5.562421093,9.8,99,2364733,76.88768293
Kuwait,KWT,2007,58.10351826,41.89648174,24.09558806,1.731876622,20.624,2.067,2.412,96765,5.991575511,45709.41329,5.877544677,9.6,99,2507887,77.01017073
Kuwait,KWT,2008,57.66255151,42.33744849,23.71905927,1.758943932,19.956,2.039,2.266,96268,2.479756943,55585.18893,5.565515676,9.5,99,2651421,77.18904878
Kuwait,KWT,2009,57.27108436,42.72891564,23.32562089,1.784878754,19.484,1.999,2.155,95483,-7.076056431,37907.10013,5.290953529,9.3,99,2795484,77.43336585
Kuwait,KWT,2010,56.93351027,43.06648973,22.9972839,1.814347934,18.876,1.944,2.044,101566,-2.370548044,39212.25222,5.155060491,9.1,98,2943372,77.72621951
Kuwait,KWT,2011,56.98654405,43.01345595,22.47518964,1.865973871,18.058,1.864,1.956,176732,9.628634195,49169.60638,6.23757793,8.8,99,3132814,78.0522439
Kuwait,KWT,2012,57.30517452,42.69482548,22.05735648,1.953656326,17.754,1.818,1.99,127777,6.625874851,52155.22258,6.317322112,8.5,98,3337109,78.39502439
Kuwait,KWT,2013,57.57239618,42.42760382,21.98989037,2.071729253,16.818,1.804,1.968,107821,1.149465528,49651.04393,4.989674043,8.2,99,3507844,78.74180488
Kuwait,KWT,2014,58.04912261,41.95087739,21.93560636,2.217694746,16.712,1.798,2.06,100891,0.500914669,44368.78135,4.406572078,8,95,3665876,79.08034146
Kuwait,KWT,2015,58.74865105,41.25134895,21.80719863,2.408869685,15.391,1.797,2.03,129695,0.592770817,29882.21265,4.4991022,7.8,99,3834574,79.37656098
Kuwait,KWT,2016,59.6345478,40.3654522,21.60903513,2.638443186,14.662,1.826,2.061,105818,2.926075843,27323.68907,4.325949068,7.7,99,4004096,79.67758537
Kuwait,KWT,2017,60.69092138,39.30907862,21.38406659,2.917116811,14.256,1.861,2.16,92717,-4.712222705,29047.65361,3.69493434,7.6,99,4154812,79.91607317
Kuwait,KWT,2018,61.57366898,38.42633102,21.07664418,3.243209173,12.825,1.903,2.118,145973,2.74333045,32067.96238,3.980154823,7.6,91,4323515,80.10636585
Kuwait,KWT,2019,61.68151631,38.31848369,20.77758432,3.603613845,12.06,1.644637802,2.082,181,2.263817066,31707.87374,2.710713324,7.6,92,4442316,81.9697561
Kuwait,KWT,2020,60.94050558,39.05949442,20.6195979,3.99581241,11.69192492,2.355411518,2.033,-168379,-4.817315934,25236.07558,-0.951064117,7.7,93,4400267,78.76097561
Kuwait,KWT,2021,60.66170864,39.33829136,20.08852164,3.423305417,12.23418485,2.59,2.148,19678,1.672130543,34018.63426,-0.899478872,7.6,94,4360865,78.73658537
Kuwait,KWT,2022,61.05444808,38.94555192,19.21590549,2.746578312,10.8489565,1.751982392,1.546,368560,6.75866712,39981.7691,5.113181109,7.6,96,4589643,80.58780488
Kuwait,KWT,2023,61.15740721,38.84259279,18.60284454,2.952757838,10.30284861,1.532116761,1.524,50008,-1.66720598,34075.84901,5.588136781,7.6,99,4853420,83.18780488
Kuwait,KWT,2024,61.11308361,38.88691639,18.21880907,3.10483873,,,,61624,-2.560111,32717.71866,0.899286655,,99,4897263,
Kyrgyz Republic,KGZ,2000,47.496918,52.503082,35.19012534,5.357078715,19.8,7,2.4,-23265,5.443336633,279.6217385,1.189895651,44,99,4898362,68.55853659
Kyrgyz Republic,KGZ,2001,47.61272527,52.38727473,34.55228462,5.359688191,19.8,6.6,2.4,-25695,5.321621412,308.4112955,0.949086384,41.7,99,4945073,68.70731707
Kyrgyz Republic,KGZ,2002,47.73390844,52.26609156,33.88170329,5.375798387,20.2,7.1,2.4,-28300,-0.017324613,321.7267754,0.918525462,39.5,98,4990704,68.15609756
Kyrgyz Republic,KGZ,2003,47.86270633,52.13729367,33.2521679,5.391835112,20.9,7.1,2.5,-30686,7.030293197,380.5058288,1.048523401,37.5,98,5043308,68.25609756
Kyrgyz Republic,KGZ,2004,47.99638288,52.00361712,32.68381894,5.39701686,21.5,6.9,2.6,-32088,7.026812425,433.2338733,1.210201466,35.7,99,5104713,68.15365854
Kyrgyz Republic,KGZ,2005,48.13618353,51.86381647,32.16437694,5.375431826,21.3,7.2,2.5,-36288,-0.175515404,476.5481936,1.128384592,34.1,98,5162640,67.95609756
Kyrgyz Republic,KGZ,2006,48.38858008,51.61141992,31.66662644,5.300975257,23.1,7.4,2.7,-53469,3.102898742,543.1135125,1.073759092,32.6,92,5218373,67.69512195
Kyrgyz Republic,KGZ,2007,48.74258662,51.25741338,31.17763535,5.15440489,23.4,7.2,2.7,-54298,8.542874775,721.7715775,0.953819649,31,94,5268385,67.89512195
Kyrgyz Republic,KGZ,2008,49.08563749,50.91436251,30.69136201,4.932906656,23.9,7.1,2.8,-64404,8.401616049,966.3885694,0.951050106,29.3,95,5318729,68.45121951
Kyrgyz Republic,KGZ,2009,49.28263339,50.71736661,30.3344058,4.659070963,25.2,6.7,2.9,-14325,2.886294575,870.1988945,1.324478393,27.4,95,5389643,69.10243902
Kyrgyz Republic,KGZ,2010,49.34425394,50.65574606,30.252867,4.448154649,26.8,6.6,3.1,-6521,-0.471566597,876.9544764,1.426166292,25.7,96,5467059,69.3
Kyrgyz Republic,KGZ,2011,49.42398251,50.57601749,30.41285826,4.400517648,27.1,6.5,3.1,-10170,5.956274297,1117.401744,1.444197176,24,96,5546587,69.60243902
Kyrgyz Republic,KGZ,2012,49.52203267,50.47796733,30.75978505,4.490356304,27.6,6.5,3.2,-12503,-0.0881502,1168.622447,1.884012766,22.7,96,5652076,70.00243902
Kyrgyz Republic,KGZ,2013,49.60662654,50.39337346,31.1331442,4.63012068,27.2,6.1,3.1,-9667,10.91546945,1269.663035,2.18875702,21.5,97,5777150,70.20243902
Kyrgyz Republic,KGZ,2014,49.66905831,50.33094169,31.47326963,4.794704661,27.7,6.1,3.2,-9443,4.024038631,1264.526688,2.203256496,20.4,96,5905848,70.40243902
Kyrgyz Republic,KGZ,2015,49.7057423,50.2942577,31.80240798,4.966542161,27.4,5.8,3.2,-5071,3.875825445,1105.651938,2.246692574,19.4,97,6040036,70.65121951
Kyrgyz Republic,KGZ,2016,49.69180458,50.30819542,32.05264533,5.079552355,26,5.5,3.1,1187,4.335855922,1103.274894,2.215364566,18.4,96,6175338,70.95121951
Kyrgyz Republic,KGZ,2017,49.62258145,50.37741855,32.18028763,5.119177602,24.8,5.4,3,7553,4.739937224,1221.390468,2.104830825,17.5,92,6306696,71.2
Kyrgyz Republic,KGZ,2018,49.55412812,50.44587188,32.32996916,5.151282016,27.1,5.2,3.3,3494,3.757910136,1283.520304,2.15497986,16.7,94,6444079,71.4
Kyrgyz Republic,KGZ,2019,49.52088332,50.47911668,32.60913284,5.173848001,26.9,5.2,3.3,47303,4.600625657,1421.999275,2.242364151,16.1,95,6590211,71.6
Kyrgyz Republic,KGZ,2020,49.494916,50.505084,32.87496458,5.148751763,24,6.1,3.1,54704,-7.148977577,1229.517666,2.048385454,15.6,87,6726596,71.8
Kyrgyz Republic,KGZ,2021,49.46661371,50.53338629,33.00737624,5.110755792,22.4,5.8,2.89,46208,5.507007627,1349.997307,1.835810169,15.3,89,6851224,71.9
Kyrgyz Republic,KGZ,2022,49.44894813,50.55105187,32.92209308,5.19936059,21.5,4.5,2.8,12596,8.9675052,1739.720183,1.793654599,15.1,90,6975220,72.04878049
Kyrgyz Republic,KGZ,2023,49.44244135,50.55755865,32.67167507,5.427032711,20.6,4.4,2.7,5601,9.013292834,2138.222102,1.769570373,14.9,86,7099750,72.24878049
Kyrgyz Republic,KGZ,2024,49.43405999,50.56594001,32.34156122,5.6819439,,,,3645,9.040135561,2420.185423,1.705407304,,85,7221868,
Lao PDR,LAO,2000,50.3697149,49.6302851,43.22470351,3.367139474,32.901,10.033,4.429,-33965,5.798782329,318.7498522,1.678985478,86.8,51,5431212,58.317
Lao PDR,LAO,2001,50.37786956,49.62213044,42.88150355,3.368923416,32.112,9.682,4.29,-33552,5.75141288,320.3160054,1.648398906,84.1,52,5521482,58.887
Lao PDR,LAO,2002,50.38280928,49.61719072,42.47444946,3.375445796,31.18,9.417,4.132,-33595,5.918743684,313.3508171,1.606287149,81.3,53,5610889,59.302
Lao PDR,LAO,2003,50.38328731,49.61671269,42.01454208,3.384965983,30.66,9.221,4.024,-36572,6.067002303,355.0972162,1.539640952,78.4,49,5697945,59.643
Lao PDR,LAO,2004,50.37867382,49.62132618,41.51873033,3.395100565,30.075,8.993,3.898,-40120,6.35769548,409.2962983,1.457937448,75.6,45,5781626,60.08
Lao PDR,LAO,2005,50.37061785,49.62938215,40.91358872,3.40602635,28.788,8.656,3.685,-24138,7.107568368,466.061507,1.508841189,72.7,49,5869523,60.688
Lao PDR,LAO,2006,50.36098068,49.63901932,40.03041991,3.453489737,28.365,8.476,3.559,-25286,8.619266208,579.3919474,1.583387985,69.8,57,5963200,61.074
Lao PDR,LAO,2007,50.35084498,49.64915502,38.98725719,3.535784971,28.124,8.313,3.438,-27233,7.596828801,697.3230137,1.548123525,66.9,50,6056236,61.694
Lao PDR,LAO,2008,50.34119535,49.65880465,38.00231388,3.617395046,27.882,8.197,3.331,-28318,7.824902763,885.7473761,1.51959405,64.1,61,6148969,62.248
Lao PDR,LAO,2009,50.33311747,49.66688253,37.09908386,3.698922495,27.569,7.995,3.229,-29545,7.501774912,935.0323728,1.49588633,61.3,67,6241642,63.023
Lao PDR,LAO,2010,50.32673455,49.67326545,36.2914445,3.781720295,27.195,7.853,3.137,-30046,8.526905517,1125.916102,1.471928721,58.7,74,6334194,63.69
Lao PDR,LAO,2011,50.32162464,49.67837536,35.56734598,3.865525885,26.777,7.659,3.049,-30538,8.03865268,1361.547044,1.448149498,56.1,76,6426590,64.505
Lao PDR,LAO,2012,50.31779521,49.68220479,34.91254304,3.948548377,26.174,7.563,2.953,-28871,8.026098435,1563.565077,1.42735442,53.7,77,6518978,65.126
Lao PDR,LAO,2013,50.31512313,49.68487687,34.30533347,4.029428329,25.623,7.496,2.872,-27492,8.026300227,1812.517744,1.407554774,51.4,83,6611385,65.723
Lao PDR,LAO,2014,50.31247893,49.68752107,33.71912833,4.111717864,25.049,7.43,2.802,-26881,7.61196344,1981.039109,1.378768427,49.2,83,6703172,66.35
Lao PDR,LAO,2015,50.30907964,49.69092036,33.23379615,4.131088573,24.962,7.507,2.796,-12991,7.270065844,2121.013391,1.458364749,47.1,82,6801645,66.688
Lao PDR,LAO,2016,50.30479959,49.69520041,32.86031118,4.101832409,24.567,7.201,2.744,-11401,7.022836255,2303.22156,1.563175613,45.2,82,6908802,67.014
Lao PDR,LAO,2017,50.30020032,49.69979968,32.52733236,4.102222424,24.117,6.945,2.691,-10400,6.892530873,2432.430595,1.570297226,43.5,78,7018147,67.345
Lao PDR,LAO,2018,50.29551581,49.70448419,32.22174523,4.128270795,23.599,6.766,2.633,-10305,6.247960008,2545.107542,1.55377802,41.9,75,7128045,67.594
Lao PDR,LAO,2019,50.29006022,49.70993978,31.9208048,4.17749001,23.151,6.599,2.589,-10305,5.457735092,2589.32081,1.525763046,40.4,66,7237636,67.911
Lao PDR,LAO,2020,50.27843746,49.72156254,31.60706088,4.241518022,22.618,6.473,2.535,-10305,0.503031829,2583.777307,1.493386752,39,61,7346533,68.339
Lao PDR,LAO,2021,50.26661727,49.73338273,31.27044803,4.31806849,22.147,6.674,2.494,-10305,2.528351005,2526.05105,1.441416409,37.7,65,7453194,67.807
Lao PDR,LAO,2022,50.25989525,49.74010475,30.9169094,4.417107669,21.693,6.265,2.455,-10003,2.707426526,2046.404403,1.409716701,36.4,70,7559007,68.715
Lao PDR,LAO,2023,50.25275956,49.74724044,30.55766852,4.535470844,21.271,6.221,2.421,-10003,3.745681402,2066.949798,1.392376672,35.2,74,7664993,68.964
Lao PDR,LAO,2024,50.2461447,49.7538553,30.19840617,4.665784364,,,,-10284,4.130192644,2123.979094,1.35832703,,67,7769819,
Latvia,LVA,2000,46.01851445,53.98148555,17.66671417,14.99016705,8.6,13.6,1.25,-15679,5.841026424,3278.178964,-0.963935407,11.6,96,2367550,70.31463415
Latvia,LVA,2001,45.96183297,54.03816703,17.03426975,15.29679028,8.4,14.1,1.22,-18634,6.460578267,3504.618295,-1.291486944,10.8,97,2337170,70.76097561
Latvia,LVA,2002,45.89092954,54.10907046,16.3803983,15.67299817,8.7,14.1,1.26,-9160,7.665487786,4003.609358,-1.161838224,10.3,97,2310173,70.96097561
Latvia,LVA,2003,45.86274959,54.13725041,15.77040294,16.07767901,9.2,14.2,1.32,-11422,8.429132571,4914.579928,-0.966400801,9.7,98,2287955,71.26585366
Latvia,LVA,2004,45.86524711,54.13475289,15.2241833,16.47907802,9.1,14.2,1.29,-15136,8.725143417,6109.732652,-1.091312956,9.2,99,2263122,72.02682927
Latvia,LVA,2005,45.86558347,54.13441653,14.7412462,16.85624972,9.8,14.6,1.39,-11134,11.61531786,7283.787381,-1.080571457,8.6,99,2238799,71.35609756
Latvia,LVA,2006,45.87989453,54.12010547,14.36202813,17.22239697,10.3,14.9,1.46,-9211,12.82501785,9211.737447,-0.917272957,8.1,96,2218357,70.86585366
Latvia,LVA,2007,45.91807617,54.08192383,14.10602442,17.51245924,10.9,15,1.54,-8027,10.41453728,13370.97895,-0.816175507,7.7,94,2200325,71.0195122
Latvia,LVA,2008,45.91911143,54.08088857,14.04354985,17.72381236,11.2,14.2,1.58,-22445,-3.388716658,15677.60809,-1.050939544,7.3,94,2177322,72.4195122
Latvia,LVA,2009,45.84053635,54.15946365,14.11921099,17.98320995,10.3,14,1.46,-34807,-16.04001953,11996.03227,-1.651024968,6.9,94,2141669,73.0804878
Latvia,LVA,2010,45.73886076,54.26113924,14.17733364,18.25444948,9.4,14.3,1.36,-36128,-3.661258596,11188.41917,-2.08130509,6.5,92,2097555,73.48292683
Latvia,LVA,2011,45.70128674,54.29871326,14.24081703,18.47547612,9.1,13.9,1.33,-20202,3.036344827,12902.57405,-1.820767002,6,92,2059709,73.57560976
Latvia,LVA,2012,45.74478751,54.25521249,14.36337306,18.67550102,9.8,14.3,1.44,-11914,7.305240572,13329.34999,-1.240359153,5.5,91,2034319,73.77804878
Latvia,LVA,2013,45.79542367,54.20457633,14.57280391,18.92968738,10.2,14.3,1.52,-14386,2.096090282,14484.47153,-1.071034803,5,94,2012647,73.98292683
Latvia,LVA,2014,45.84371579,54.15628421,14.84635802,19.24149098,10.9,14.3,1.65,-8799,2.094959771,15185.81458,-0.941743354,4.6,92,1993782,74.12439024
Latvia,LVA,2015,45.89823279,54.10176721,15.11714387,19.52431584,11.1,14.4,1.7,-10826,3.783367121,13321.97531,-0.818626341,4.3,94,1977527,74.4804878
Latvia,LVA,2016,45.92331199,54.07668801,15.40564315,19.77538736,11.2,14.6,1.74,-12327,2.55168602,13838.52668,-0.913885332,4,98,1959537,74.5804878
Latvia,LVA,2017,45.95587138,54.04412862,15.67218884,20.01079484,10.7,14.8,1.69,-7867,3.398948726,15132.49583,-0.886215573,3.7,98,1942248,74.62926829
Latvia,LVA,2018,46.03618616,53.96381384,15.83279207,20.19819588,10,15,1.6,-4972,4.309712863,17252.17104,-0.779138396,3.6,96,1927174,74.78292683
Latvia,LVA,2019,46.13012945,53.86987055,15.9402078,20.40722722,9.8,14.5,1.61,-3416,0.675372772,17294.97516,-0.69523914,3.4,99,1913822,75.38780488
Latvia,LVA,2020,46.19656582,53.80343418,15.9978297,20.67217096,9.2,15.2,1.55,-3147,-3.469227508,17564.23215,-0.701211571,3.2,99,1900449,75.18536585
Latvia,LVA,2021,46.23955299,53.76044701,16.00408785,20.8461609,9.2,18.4,1.57,-280,6.942541731,20261.88878,-0.843294678,2.9,94,1884490,72.9804878
Latvia,LVA,2022,46.28122503,53.71877497,15.92599504,21.01176303,8.5,16.4,1.47,22027,1.90853419,20221.10369,-0.271369578,2.7,95,1879383,74.27804878
Latvia,LVA,2023,46.31891819,53.68108181,15.69204886,21.33209484,7.7,14.9,1.36,7966,-0.941606069,22710.26375,0.229970501,2.5,98,1883710,75.67804878
Latvia,LVA,2024,46.36032806,53.63967194,15.41329092,21.73584031,,,,-2225,-0.046108011,23409.08452,-0.937968397,,97,1866124,
Lebanon,LBN,2000,49.6389288,50.3610712,31.90447411,5.1133666,21.306,4.527,2.6,455,1.34187162,3986.835139,1.725524567,17.6,83,4329340,73.895
Lebanon,LBN,2001,49.65508217,50.34491783,31.35336687,5.20422007,21.056,4.436,2.576,-1094,3.839669277,4009.559298,1.662524958,16.6,80,4401918,74.354
Lebanon,LBN,2002,49.66972137,50.33027863,30.79331843,5.295704899,20.624,4.348,2.523,-21543,3.423149828,4290.852838,1.389375276,15.7,77,4463504,74.836
Lebanon,LBN,2003,49.68330627,50.31669373,30.20228556,5.386344982,20.002,4.262,2.457,1674,3.227098269,4437.715885,1.379572825,14.9,74,4525508,75.275
Lebanon,LBN,2004,49.69589799,50.30410201,29.57215685,5.470998824,19.347,4.198,2.378,4974,6.679444616,4600.683714,1.616971604,14.1,75,4599279,75.693
Lebanon,LBN,2005,49.70680372,50.29319628,28.92440585,5.550371197,18.668,4.158,2.291,1224,2.68577931,4602.198046,1.549546607,13.4,77,4671102,76.074
Lebanon,LBN,2006,49.70990096,50.29009904,28.30532232,5.626937892,18.27,4.393,2.244,25126,1.549515001,4635.251412,1.69887292,12.7,78,4751136,75.677
Lebanon,LBN,2007,49.71217677,50.28782323,27.73257921,5.702121036,17.945,4.121,2.201,27944,9.310622526,5125.2581,1.938143808,12.2,80,4844118,76.732
Lebanon,LBN,2008,49.71947194,50.28052806,27.21038196,5.778346671,17.793,4.163,2.172,430,9.069128268,5912.045328,1.663096479,11.7,81,4925354,76.956
Lebanon,LBN,2009,49.72818064,50.27181936,26.76147493,5.858047209,17.99,4.168,2.191,-2700,10.23215558,7090.854939,1.349797119,11.4,81,4992287,77.262
Lebanon,LBN,2010,49.7405425,50.2594575,26.40974886,5.944324149,18.605,4.203,2.256,-40915,7.975135558,7625.810516,0.976748359,11.1,82,5041288,77.529
Lebanon,LBN,2011,49.75642761,50.24357239,26.13868017,6.040978446,19.033,4.213,2.32,2246,0.867339879,7834.962571,1.079823792,11,82,5096020,77.768
Lebanon,LBN,2012,49.77458782,50.22541218,25.91643171,6.151773712,18.962,4.208,2.345,124427,2.564791337,8406.984056,2.704872967,10.9,83,5235742,77.941
Lebanon,LBN,2013,49.79345991,50.20654009,25.72988315,6.284913222,18.016,4.049,2.361,733500,3.827873499,8162.379294,9.254906493,10.9,83,5743436,78.037
Lebanon,LBN,2014,49.81256473,50.18743527,25.5697011,6.438980805,18.812,4.272,2.375,301111,2.484060105,7577.64133,9.992304727,11,83,6346990,78.148
Lebanon,LBN,2015,49.71844593,50.28155407,25.79610656,6.789580607,19.555,4.509,2.382,-239829,0.462320793,7714.11,1.957695836,11.2,83,6472469,78.275
Lebanon,LBN,2016,49.49869992,50.50130008,26.39083184,7.327868732,19.197,4.718,2.39,-247921,1.554549409,8089.012088,-2.335437494,11.4,83,6323060,78.306
Lebanon,LBN,2017,49.25928487,50.74071513,26.94646929,7.847150254,18.648,4.984,2.372,-253664,0.903028464,8608.21085,-2.610571165,11.8,83,6160128,78.192
Lebanon,LBN,2018,48.99989455,51.00010545,27.46217718,8.330080975,18.09,5.195,2.347,-259700,-1.884705756,9174.536662,-2.898842971,12.3,83,5984119,78.263
Lebanon,LBN,2019,48.72001386,51.27998614,27.90828831,8.779709157,17.622,5.458,2.327,-266992,-6.914924729,8905.880055,-3.21837129,12.8,83,5794594,78.208
Lebanon,LBN,2020,48.57640593,51.42359407,27.94655231,9.123706301,16.912,6.407,2.308,-47787,-21.39989969,5561.19167,-1.603862582,13.5,71,5702398,76.299
Lebanon,LBN,2021,48.57740006,51.42259994,27.59962341,9.304471757,16.573,8.421,2.283,-27290,-7.001238625,4045.373911,0.275364168,14.3,67,5718122,73.65
Lebanon,LBN,2022,48.5873156,51.4126844,27.18537952,9.513466691,16.372,5.769,2.263,-27507,-0.621678971,3654.358455,0.460053063,15.1,67,5744489,78.003
Lebanon,LBN,2023,48.61185421,51.38814579,26.71583102,9.82442603,16.144,5.962,2.239,-34193,-0.76058447,3477.724898,0.503630954,16,53,5773493,77.817
Lebanon,LBN,2024,48.63336147,51.36663853,26.18643785,10.13858773,,,,-17267,,,0.560805065,,49,5805962,
Lesotho,LSO,2000,48.63334885,51.36665115,39.60458862,4.52913874,28.248,15.879,3.605,-26220,3.875546776,442.7795458,0.033889448,78,84,2003913,48.783
Lesotho,LSO,2001,48.63110883,51.36889117,39.08428055,4.584644649,28.716,17.126,3.63,-27874,3.561581834,412.6774737,-0.152817947,78.3,79,2000853,47.153
Lesotho,LSO,2002,48.62910342,51.37089658,38.59322728,4.627762161,29.365,18.198,3.682,-29924,0.723836067,388.9233499,-0.309045449,78.5,85,1994679,45.95
Lesotho,LSO,2003,48.62787454,51.37212546,38.13409025,4.658452131,29.294,19.152,3.619,-31723,4.559777164,583.2700362,-0.483449852,79.2,90,1985059,44.921
Lesotho,LSO,2004,48.62076505,51.37923495,37.73055949,4.681099005,28.736,19.974,3.508,-33530,1.692374174,766.6858209,-0.704216158,80.2,90,1971129,44.039
Lesotho,LSO,2005,48.60737626,51.39262374,37.38543713,4.697385048,28.561,20.455,3.428,-35679,3.466122228,861.3814964,-0.920090941,81.4,89,1953076,43.611
Lesotho,LSO,2006,48.60888753,51.39111247,37.07274188,4.670929597,28.627,20.795,3.414,-11416,4.230095228,925.4674855,-0.411119834,81.7,89,1945063,43.182
Lesotho,LSO,2007,48.61017536,51.38982464,36.81918282,4.584520766,29.484,20.39,3.442,-5179,4.1879141,861.1884209,0.420949997,80.2,88,1953268,43.66
Lesotho,LSO,2008,48.5987325,51.4012675,36.67346287,4.470922414,29.642,19.803,3.392,-5392,5.52341967,898.4825179,0.677229463,83.1,88,1966541,44.304
Lesotho,LSO,2009,48.59168795,51.40831205,36.59592717,4.350812239,29.354,19.088,3.309,-5599,-1.253757799,878.8479505,0.7266543,78.3,91,1980883,45.055
Lesotho,LSO,2010,48.58757741,51.41242259,36.54159722,4.234612782,29.163,18.204,3.25,-5886,5.269670781,1119.475578,0.772821659,76.1,93,1996251,46.045
Lesotho,LSO,2011,48.58389411,51.41610589,36.51987156,4.127315221,30.209,17.475,3.343,-6118,4.616413945,1280.733909,0.885634152,73.3,96,2014009,46.93
Lesotho,LSO,2012,48.58117122,51.41882878,36.51735723,4.035186591,30.027,16.464,3.296,-6425,6.334083747,1217.930712,1.005106078,73.1,95,2034354,48.235
Lesotho,LSO,2013,48.58344481,51.41655519,36.53391873,3.970038473,29.988,15.503,3.283,-6659,1.792525556,1151.037358,1.082912996,72.8,93,2056504,49.547
Lesotho,LSO,2014,48.58873827,51.41126173,36.58482882,3.939975645,29.5,14.634,3.239,-6877,1.710549905,1173.537793,1.140322752,71.2,88,2080089,50.786
Lesotho,LSO,2015,48.59477595,51.40522405,36.62716373,3.899199448,29.178,13.932,3.217,-7087,3.12406678,1121.198513,1.17199707,69.3,83,2104611,51.83
Lesotho,LSO,2016,48.60407938,51.39592062,36.6129809,3.839990387,28.932,13.259,3.18,-6766,3.608907317,992.4918407,1.218943021,68.3,87,2130422,52.908
Lesotho,LSO,2017,48.61710872,51.38289128,36.49409708,3.800871583,28.241,12.664,3.105,-6850,-3.138174937,1069.366732,1.24492807,68.2,89,2157110,53.874
Lesotho,LSO,2018,48.63017682,51.36982318,36.29178472,3.781365019,27.361,12.197,3.016,-6892,-1.480633158,1170.655697,1.220690194,64.9,90,2183603,54.638
Lesotho,LSO,2019,48.64232678,51.35767322,36.07171703,3.779817693,26.44,11.83,2.924,-6896,-1.417993831,1082.057068,1.174698371,63.3,92,2209405,55.249
Lesotho,LSO,2020,48.65551503,51.34448497,35.84219716,3.788880259,25.628,11.887,2.846,-3449,-8.155957855,918.5825747,1.18432063,61.2,93,2235727,55.133
Lesotho,LSO,2021,48.66931501,51.33068499,35.59710587,3.785116527,24.896,12.601,2.769,-3449,2.266709618,1066.586451,1.148042669,59.8,95,2261542,54.209
Lesotho,LSO,2022,48.68451269,51.31548731,35.29674091,3.792970637,24.392,10.918,2.716,-6023,2.387780202,1030.125829,1.080480169,57.6,92,2286110,56.812
Lesotho,LSO,2023,48.70173638,51.29826362,34.92363308,3.826803872,24.109,10.648,2.694,-5168,1.826624767,916.282977,1.103286783,55.4,90,2311472,57.375
Lesotho,LSO,2024,48.72427829,51.27572171,34.51928353,3.856405934,,,,-5107,2.854522532,971.9077182,1.116448944,,86,2337423,
Liberia,LBR,2000,49.52867304,50.47132696,43.04316444,3.11799411,43.238,14.843,5.875,-2060,28.61593425,298.4853406,3.702568448,123.9,48,2928117,51.852
Liberia,LBR,2001,49.5373154,50.4626846,42.97613451,3.138819452,42.571,13.978,5.774,7142,2.920274766,300.4638286,2.935237571,116,44,3015338,53.109
Liberia,LBR,2002,49.54880491,50.45119509,42.93109223,3.159673793,42.001,13.358,5.653,-23110,3.763017617,299.5364455,2.600553744,108.2,39,3094782,54.061
Liberia,LBR,2003,49.5514553,50.4485447,42.91651073,3.176854224,42.001,13.941,5.547,-103564,-30.14513273,239.7795567,0.79655231,100.8,35,3119532,53.045
Liberia,LBR,2004,49.55669993,50.44330007,42.93245428,3.193822151,41.116,12.051,5.506,-1001,2.619846895,284.140224,1.190500873,93.9,31,3156892,55.949
Liberia,LBR,2005,49.5742976,50.4257024,42.9815743,3.211194619,40.619,11.392,5.519,101019,5.281212453,287.4873334,4.464199764,87.9,60,3301015,56.765
Liberia,LBR,2006,49.59281377,50.40718623,43.06400578,3.224273384,40.842,11.021,5.53,77946,8.043909972,320.5580862,5.589721529,82.8,60,3490787,57.495
Liberia,LBR,2007,49.61199766,50.38800234,43.15715828,3.23504766,40.397,10.644,5.462,65306,9.535275363,374.2113081,4.980556075,78.7,65,3669050,58.147
Liberia,LBR,2008,49.63203388,50.36796612,43.15463202,3.243781378,39.663,10.343,5.328,17404,7.145691128,451.7138563,4.058018063,75.5,75,3821003,58.675
Liberia,LBR,2009,49.6520187,50.3479813,43.11355931,3.251638494,38.81,10.043,5.174,1187,5.300540503,448.386367,3.143600246,72.9,81,3943028,59.106
Liberia,LBR,2010,49.67140039,50.32859961,43.08947767,3.257996644,37.967,9.819,5.058,2850,6.09982524,492.252808,2.896058116,70.8,70,4058890,59.358
Liberia,LBR,2011,49.69539309,50.30460691,42.67822363,3.249838878,36.93,9.569,4.97,91981,8.200768225,568.0878655,3.920469879,69,77,4221178,59.486
Liberia,LBR,2012,49.71930308,50.28069692,42.38705835,3.233480298,37.426,9.534,4.881,-25710,7.993814446,638.3687515,3.534486944,67.3,80,4373043,59.785
Liberia,LBR,2013,49.73951057,50.26048943,42.47672691,3.216931267,36.234,9.359,4.749,-22010,8.687287816,710.7445709,2.198276931,65.7,80,4470239,59.992
Liberia,LBR,2014,49.75894405,50.24105595,42.48544709,3.197428036,35.221,9.66,4.622,-26690,0.7013931,706.7144901,2.082175325,66.5,63,4564293,59.21
Liberia,LBR,2015,49.77800937,50.22199063,42.39922214,3.184820207,34.343,9.559,4.523,-15182,-0.01856497,692.5900824,2.062970967,63.3,65,4659431,59.248
Liberia,LBR,2016,49.79664009,50.20335991,42.26653038,3.182779153,33.926,8.934,4.461,-26796,-1.554958617,714.6130631,2.043121555,61.8,73,4755608,60.483
Liberia,LBR,2017,49.81454652,50.18545348,42.13377626,3.187655324,33.384,8.765,4.396,-24807,2.45515592,699.2690957,1.943247767,60.6,80,4848925,60.777
Liberia,LBR,2018,49.83194215,50.16805785,41.95661195,3.196981997,32.955,8.64,4.336,-23199,1.157575122,692.2031271,1.956452314,59.4,81,4944726,60.999
Liberia,LBR,2019,49.84864346,50.15135654,41.71714115,3.2101303,32.431,8.513,4.257,-19678,-2.467297635,658.1641808,1.982254929,58.2,71,5043721,61.232
Liberia,LBR,2020,49.8627721,50.1372279,41.37675702,3.221355001,31.923,8.497,4.174,-10107,-2.982491276,616.787867,2.074833406,56.8,66,5149463,61.267
Liberia,LBR,2021,49.87649551,50.12350449,40.95598426,3.232906593,31.524,8.51,4.089,-11852,4.986712835,667.9661051,2.110987385,55.4,67,5259323,61.166
Liberia,LBR,2022,49.89144461,50.10855539,40.48410528,3.252539318,31.189,8.159,4.016,-5003,4.808105173,744.6171752,2.143881704,53.9,79,5373294,61.934
Liberia,LBR,2023,49.90583523,50.09416477,39.99677045,3.27756206,30.96,8.071,3.95,-5002,4.683756888,799.1944702,2.203906961,52.6,83,5493031,62.163
Liberia,LBR,2024,49.91953238,50.08046762,39.52958915,3.304998185,,,,-7779,4.02185465,851.4977239,2.157253465,,83,5612817,
Libya,LBY,2000,53.39029697,46.60970303,31.95087899,3.689004842,21.691,4.761,2.906,5634,3.679270408,7214.100404,1.653226142,21.5,94,5305021,70.542
Libya,LBY,2001,52.96743546,47.03256454,31.66505942,3.764148567,22.057,4.778,2.866,8420,-1.762838871,6312.800305,1.841888491,20.9,94,5403639,70.653
Libya,LBY,2002,52.55625489,47.44374511,31.4532568,3.823435091,22.497,4.779,2.831,10152,-0.958897333,3718.294347,1.920339978,20.3,93,5508410,70.788
Libya,LBY,2003,52.15709088,47.84290912,31.30471728,3.857557683,22.92,4.743,2.797,12073,13.01603725,4674.099432,1.994852545,19.6,95,5619398,70.996
Libya,LBY,2004,51.77131699,48.22868301,31.20728538,3.890970276,23.376,4.699,2.773,13222,4.461638996,5773.763332,2.065837117,18.8,97,5736693,71.21
Libya,LBY,2005,51.40207063,48.59792937,31.140961,3.933008102,23.903,4.646,2.765,11024,11.87075652,8079.249573,2.10615512,17.9,98,5858798,71.439
Libya,LBY,2006,51.21969777,48.78030223,30.9337413,3.946089862,23.931,4.593,2.699,3351,6.50052542,10048.84804,2.051138853,16.8,98,5980211,71.632
Libya,LBY,2007,51.21975552,48.78024448,30.59815498,3.96384268,23.712,4.594,2.648,12640,6.229982786,11144.94484,2.055069468,15.7,98,6104380,71.788
Libya,LBY,2008,51.22859209,48.77140791,30.30579286,3.990005501,23.437,4.596,2.599,15260,-0.162048239,13906.14078,2.124099597,14.7,98,6235430,71.936
Libya,LBY,2009,51.23224233,48.76775767,30.06978591,4.007115789,23.155,4.605,2.556,11670,-4.400181763,9551.054039,2.083154076,13.8,98,6366686,72.071
Libya,LBY,2010,51.22749271,48.77250729,29.91476859,4.027700594,23.545,4.627,2.603,9611,5.027247672,11600.90686,2.039057706,13,98,6497839,72.196
Libya,LBY,2011,51.25271886,48.74728114,30.69097741,4.21015219,24.905,5.827,2.646,-562827,-50.33851514,7593.839153,-2.408581416,13.9,98,6343203,69.95
Libya,LBY,2012,51.26485457,48.73514543,31.49666367,4.395340755,22.587,4.971,2.68,5211,86.82674844,14975.89028,-2.617431823,11.9,98,6179328,72.188
Libya,LBY,2013,51.22614689,48.77385311,31.30400943,4.393216825,22.54,4.97,2.716,25755,-17.99796157,11951.71341,2.007443919,11.4,96,6304628,72.339
Libya,LBY,2014,51.17837297,48.82162703,31.14248758,4.417354759,22.623,5.443,2.754,-1716,-23.04280583,8926.420746,1.926310832,11,94,6427252,71.3
Libya,LBY,2015,51.11808824,48.88191176,31.02565066,4.478139667,21.921,5.372,2.711,-7660,-0.842656252,7458.489178,1.613838978,10.6,97,6531819,71.644
Libya,LBY,2016,51.05625255,48.94374745,30.86441896,4.541500308,21.252,5.38,2.673,-5081,-1.490941117,7525.802993,1.523995146,10.2,97,6632126,71.799
Libya,LBY,2017,51.0183906,48.9816094,30.61101882,4.587217295,20.511,5.094,2.626,9208,32.49180219,9965.832367,1.595199924,9.8,97,6738770,72.721
Libya,LBY,2018,50.99915244,49.00084756,30.26974745,4.609388055,19.844,5.007,2.581,5841,7.941367853,11196.58548,1.623327086,9.5,73,6849055,73.151
Libya,LBY,2019,50.96810085,49.03189915,29.88301378,4.625025131,19.241,5.165,2.539,-1352,-11.19608289,9963.194891,1.477959507,9.2,73,6951033,72.941
Libya,LBY,2020,50.92662602,49.07337398,29.46279551,4.646472116,18.737,5.544,2.507,-694,-29.45529673,6650.338106,1.348449803,9,73,7045399,72.388
Libya,LBY,2021,50.88796,49.11204,29.00942163,4.672197949,18.176,5.842,2.462,-694,28.29968234,4935.827873,1.266199795,8.7,73,7135175,72.062
Libya,LBY,2022,50.85795517,49.14204483,28.51021231,4.74866118,17.537,4.808,2.402,-2001,-8.299818112,5986.636949,1.234504479,8.4,73,7223805,74.462
Libya,LBY,2023,50.84607699,49.15392301,27.96118735,4.878129406,17.024,6.654,2.355,-2001,10.20004979,6026.515187,1.126743092,15.9,73,7305659,69.339
Libya,LBY,2024,50.84620384,49.15379616,27.41242643,5.019195849,,,,3448,1.89995052,6569.164087,1.026299357,,86,7381023,
Liechtenstein,LIE,2000,49.34617824,50.65382176,18.42478785,10.43396853,12.9,7.3,1.57,167,3.220193082,76087.91111,1.307329075,,,32645,76.82682927
Liechtenstein,LIE,2001,49.29733285,50.70266715,18.31270183,10.50861141,12.1,6.6,1.52,113,-0.733092455,75067.80017,1.667743206,,,33194,79.27560976
Liechtenstein,LIE,2002,49.25169665,50.74830335,18.22330888,10.70460102,11.7,6.4,1.47,121,-0.993919947,79795.17859,1.495064327,,,33694,79.63658537
Liechtenstein,LIE,2003,49.2483852,50.7516148,18.01673517,10.92777452,10.2,6.4,1.36,189,-1.937565341,90108.36736,1.136157884,,,34079,79.96097561
Liechtenstein,LIE,2004,49.28754217,50.71245783,17.77192957,11.16070779,10.8,5.7,1.44,166,3.039172103,100280.8314,1.074055213,,,34447,81.77073171
Liechtenstein,LIE,2005,49.30385403,50.69614597,17.51055765,11.46135109,11,6.2,1.49,117,4.828076777,105295.057,0.884398828,,,34753,80.66829268
Liechtenstein,LIE,2006,49.33382891,50.66617109,17.20061186,11.83256851,10.3,6.3,1.43,137,8.644968573,114167.9392,0.813874674,,,35037,80.94878049
Liechtenstein,LIE,2007,49.37830012,50.62169988,16.89519105,12.25373304,10,6.4,1.42,89,3.325963509,130492.5953,0.640125089,,,35262,81.29512195
Liechtenstein,LIE,2008,49.44419366,50.55580634,16.59965861,12.75833369,9.9,5.8,1.43,87,1.798088478,143249.2273,0.596594687,,,35473,82.68292683
Liechtenstein,LIE,2009,49.51703671,50.48296329,16.37315564,13.33258672,11.4,6.4,1.71,150,-1.15748292,126024.7146,0.755462415,,,35742,81.5
Liechtenstein,LIE,2010,49.52359788,50.47640212,16.1076156,13.83113185,9.1,6.6,1.4,124,,141089.8128,0.780339504,,,36022,81.84146341
Liechtenstein,LIE,2011,49.50096498,50.49903502,15.84113373,14.26129392,10.9,6.8,1.69,139,,158066.3694,0.801840224,,,36312,81.79268293
Liechtenstein,LIE,2012,49.51907312,50.48092688,15.59208099,14.76547663,9.7,6.1,1.51,231,,148842.0351,0.945614085,,,36657,82.38292683
Liechtenstein,LIE,2013,49.56109455,50.43890545,15.29124898,15.36575454,9.2,6.7,1.45,180,,172823.6078,0.888098068,,,36984,82.26097561
Liechtenstein,LIE,2014,49.62462664,50.37537336,15.11738984,15.90312815,10,7.2,1.59,103,,178735.153,0.711286542,,,37248,82.07317073
Liechtenstein,LIE,2015,49.65240642,50.34759358,14.96791444,16.37032086,8.7,6.7,1.4,163,,167187.1573,0.658266807,,,37494,82.65609756
Liechtenstein,LIE,2016,49.61984262,50.38015738,14.84647082,16.86428287,10,7.2,1.61,63,,165375.4914,0.590348743,,,37716,82.25853659
Liechtenstein,LIE,2017,49.58917862,50.41082138,14.73956751,17.3749356,8.9,6.6,1.44,206,,170547.0923,0.650125179,,,37962,83.74634146
Liechtenstein,LIE,2018,49.58036089,50.41963911,14.66881729,17.85541,9.9,7.2,1.58,155,,174988.7751,0.745332025,,,38246,83.04146341
Liechtenstein,LIE,2019,49.59937565,50.40062435,14.64880333,18.27913632,9.2,6.8,1.48,271,,166907.8393,0.825428791,,,38563,84.16097561
Liechtenstein,LIE,2020,49.61436273,50.38563727,14.57554105,18.65504166,9.1,8.2,1.46,269,,164671.0936,0.872668969,,,38901,81.65853659
Liechtenstein,LIE,2021,49.62862412,50.37137588,14.49390431,19.07975617,9.6,6.9,1.53,187,,201944.8303,0.719750043,,,39182,84.40243902
Liechtenstein,LIE,2022,49.64773508,50.35226492,14.40725386,19.62637027,9.2,7.1,1.47,212,,188055.0032,0.790598335,,,39493,84.12195122
Liechtenstein,LIE,2023,49.66537869,50.33462131,14.34668418,20.16263448,9.1,6.8,1.45,214,,206780.5904,0.889858277,,,39846,84.84146341
Liechtenstein,LIE,2024,49.68397291,50.31602709,14.26260346,20.72610986,,,,206,,,1.504461972,,,40450,
Lithuania,LTU,2000,46.79132477,53.20867523,19.95367961,13.84098169,9.8,11.1,1.39,-16077,3.418622066,3300.636349,-0.70338544,8.6,94,3499536,72.0195122
Lithuania,LTU,2001,46.72396001,53.27603999,19.32554641,14.24396574,9,11.6,1.29,-24733,6.484126652,3532.527874,-0.824008723,8.2,95,3470818,71.65853659
Lithuania,LTU,2002,46.67423528,53.32576472,18.59538645,14.72851516,8.6,11.9,1.23,-12627,6.719839451,4148.130915,-0.802765711,7.9,95,3443067,71.76097561
Lithuania,LTU,2003,46.63491523,53.36508477,17.92485121,15.17342073,8.8,12,1.26,-22701,10.55189596,5507.474342,-0.812278097,7.7,94,3415213,72.06097561
Lithuania,LTU,2004,46.59227844,53.40772156,17.36268172,15.61397685,8.8,12.2,1.27,-32312,6.502035361,6734.574871,-1.122991275,7.5,94,3377075,71.96097561
Lithuania,LTU,2005,46.5199474,53.4800526,16.83497062,16.05061068,8.9,13.2,1.29,-51357,7.731446758,7857.031488,-1.628401126,7.3,94,3322528,71.25365854
Lithuania,LTU,2006,46.41914755,53.58085245,16.29598741,16.46530928,9.1,13.7,1.33,-24730,7.395481225,9210.101182,-1.596378318,7,94,3269909,71.05609756
Lithuania,LTU,2007,46.33694521,53.66305479,15.75657909,16.82135834,9.3,14.1,1.36,-21815,11.07792826,12295.12128,-1.187947957,6.5,95,3231294,70.9
Lithuania,LTU,2008,46.29131766,53.70868234,15.30840973,17.1037935,9.9,13.7,1.45,-16482,2.599461546,14955.53455,-1.028483175,6,96,3198231,71.81219512
Lithuania,LTU,2009,46.21849722,53.78150278,15.04381248,17.2804966,10.2,13.3,1.5,-32186,-14.83861179,11854.37111,-1.110345754,5.4,98,3162916,72.91463415
Lithuania,LTU,2010,46.12886252,53.87113748,14.92220325,17.60977713,9.9,13.6,1.5,-78887,0.427199567,11829.12261,-2.09694342,4.9,95,3097282,73.26829268
Lithuania,LTU,2011,46.08013957,53.91986043,14.83372991,17.98849418,10,13.6,1.55,-38518,6.323636648,14261.84338,-2.258463899,4.5,92,3028115,73.56341463
Lithuania,LTU,2012,46.06004022,53.93995978,14.73547345,18.17997313,10,13.7,1.6,-21387,4.382905844,14288.18535,-1.295492765,4.3,93,2989139,73.86341463
Lithuania,LTU,2013,46.0616693,53.9383307,14.64863731,18.35773564,9.7,14,1.59,-16769,4.046913186,15636.52526,-0.937390958,4.2,93,2961250,73.91463415
Lithuania,LTU,2014,46.07230135,53.92769865,14.58496411,18.60352015,10,13.7,1.57,-12387,3.772543796,16446.16472,-0.813668566,4.2,93,2937253,74.51707317
Lithuania,LTU,2015,46.05276063,53.94723937,14.61348891,18.88030136,10.3,14.4,1.63,-22560,2.832806433,14269.80399,-0.894068259,4.1,93,2911109,74.32195122
Lithuania,LTU,2016,46.04668347,53.95331653,14.74211772,19.17577562,10.3,14.3,1.63,-30612,2.671922151,14934.27028,-1.167306516,4,94,2877325,74.67073171
Lithuania,LTU,2017,46.12283834,53.87716166,14.90878084,19.50440257,9.8,14.1,1.57,-28027,4.612243103,16800.15102,-1.212819702,3.8,94,2842639,75.4804878
Lithuania,LTU,2018,46.26805277,53.73194723,15.04679073,19.73093098,9.5,14,1.53,-3459,4.918367801,19247.23154,-0.82796893,3.5,92,2819200,75.6804878
Lithuania,LTU,2019,46.51642292,53.48357708,15.11011578,19.8571908,8.9,13.6,1.43,10665,4.677351835,19608.79439,-0.288120401,3.3,92,2811089,76.28292683
Lithuania,LTU,2020,46.82526851,53.17473149,15.11543623,19.93415397,8.4,15.5,1.36,19884,0.042815834,20428.64782,-0.02561613,3.1,91,2810369,75.02926829
Lithuania,LTU,2021,47.00637362,52.99362638,15.1100157,19.94698491,8.3,17,1.36,19657,6.380016062,23870.45949,-0.070798681,3,90,2808380,74.03658537
Lithuania,LTU,2022,47.07961177,52.92038823,15.0489746,19.86075569,7.8,15.1,1.27,72100,2.53752574,25085.78406,0.824789131,2.9,90,2831639,75.64390244
Lithuania,LTU,2023,47.15335633,52.84664367,14.88715003,19.85617878,7.2,12.9,1.18,44935,0.342262716,27786.00578,1.400844618,2.8,90,2871585,76.98780488
Lithuania,LTU,2024,47.19972299,52.80027701,14.70597751,20.1664889,,,,2617,2.772631245,29384.01896,0.579633465,,89,2888278,
Luxembourg,LUX,2000,49.28771728,50.71228272,18.94172069,14.03415247,13.1,8.6,1.76,4516,6.938129761,48659.59888,1.344082996,3.9,99,436300,77.87317073
Luxembourg,LUX,2001,49.25931292,50.74068708,18.91176374,13.94845292,12.4,8.4,1.66,3427,3.07435551,48440.14202,1.190456345,3.7,99,441525,77.82439024
Luxembourg,LUX,2002,49.27887846,50.72112154,18.86506933,14.02029846,12,8.4,1.63,2759,3.225417823,53005.73392,1.047660816,3.5,99,446175,77.96585366
Luxembourg,LUX,2003,49.33914368,50.66085632,18.77243614,14.03921317,11.7,9,1.62,5581,2.619378614,65689.32145,1.21520088,3.3,98,451630,77.72682927
Luxembourg,LUX,2004,49.42722607,50.57277393,18.65848563,14.06548831,11.9,7.8,1.66,4566,4.231889288,76544.91709,1.421332565,3.1,99,458095,79.12195122
Luxembourg,LUX,2005,49.47492603,50.52507397,18.52003864,14.10692931,11.5,7.8,1.63,6310,2.482874985,80988.13762,1.530054663,2.9,99,465158,79.43170732
Luxembourg,LUX,2006,49.50313514,50.49686486,18.37888535,14.08496276,11.7,8,1.65,5557,6.016715401,90788.80049,1.595051918,2.7,99,472637,79.28780488
Luxembourg,LUX,2007,49.5301611,50.4698389,18.23151561,14.05459429,11.4,8.1,1.61,6244,8.09866723,107475.3203,1.544386847,2.6,99,479993,79.38292683
Luxembourg,LUX,2008,49.58046263,50.41953737,18.04114804,14.03002717,11.5,7.4,1.61,7969,-0.300175625,120422.1379,1.787496632,2.5,99,488650,80.53902439
Luxembourg,LUX,2009,49.65725721,50.34274279,17.83809878,14.02085364,11.3,7.3,1.59,6855,-3.238954091,109419.747,1.85177523,2.4,99,497783,80.63658537
Luxembourg,LUX,2010,49.72566564,50.27433436,17.65692438,13.99184092,11.6,7.4,1.63,7909,3.760414543,110885.9914,1.825405804,2.4,99,506953,80.63170732
Luxembourg,LUX,2011,49.821244,50.178756,17.35909708,13.95829798,10.9,7.4,1.52,10918,1.044298553,119025.0572,2.222660503,2.3,99,518347,80.98780488
Luxembourg,LUX,2012,49.92861825,50.07138175,17.06618828,13.96541089,11.3,7.3,1.57,10273,1.649902128,112584.6763,2.4015419,2.3,99,530946,81.39268293
Luxembourg,LUX,2013,50.01187074,49.98812926,16.91375872,14.02567573,11.3,7,1.55,10535,3.1717899,120000.1407,2.311176253,2.2,99,543360,81.8
Luxembourg,LUX,2014,50.0680414,49.9319586,16.74690218,14.12510629,10.9,6.9,1.5,11217,2.623086792,123678.7021,2.356978705,2.2,99,556319,82.22926829
Luxembourg,LUX,2015,50.13906057,49.86093943,16.56190302,14.19541522,10.7,7,1.47,11377,2.269784233,105462.0126,2.359951181,2.2,99,569604,82.29268293
Luxembourg,LUX,2016,50.20445377,49.79554623,16.35167419,14.24244138,10.4,6.8,1.41,12760,4.978190115,106899.2935,2.155311988,2.1,99,582014,82.68536585
Luxembourg,LUX,2017,50.24132642,49.75867358,16.1825194,14.30681371,10.4,7.1,1.39,9643,1.317187138,110193.2138,2.430976418,2.1,99,596336,82.09512195
Luxembourg,LUX,2018,50.27668101,49.72331899,16.0943659,14.37762806,10.3,7.1,1.38,10145,1.611295613,116926.7596,1.928837514,2.1,99,607950,82.29512195
Luxembourg,LUX,2019,50.2980668,49.7019332,16.01933685,14.47006674,10,6.9,1.34,10503,2.749319291,112696.6491,1.96284492,2.1,99,620001,82.63902439
Luxembourg,LUX,2020,50.31834912,49.68165088,15.97438618,14.58522638,10.2,7.3,1.36,6967,-0.510051634,116860.0282,1.666358674,2.1,99,630419,82.14390244
Luxembourg,LUX,2021,50.34953785,49.65046215,15.93528708,14.71534062,10.5,7,1.38,8724,6.929734258,134965.8154,1.518349367,2.1,99,640064,82.59756098
Luxembourg,LUX,2022,50.34156675,49.65843325,15.87884818,14.84243758,9.9,6.8,1.31,13194,-1.097416897,123719.6589,2.016667902,2,99,653103,82.94634146
Luxembourg,LUX,2023,50.31987815,49.68012185,15.81992428,15.10619488,9.5,6.6,1.25,5905,0.099439994,133230.6192,2.020025747,2,99,666430,83.35853659
Luxembourg,LUX,2024,50.33341456,49.66658544,15.77723926,15.47636382,,,,5677,0.358612539,137781.6817,1.575389017,,99,677012,
Madagascar,MDG,2000,50.14901305,49.85098695,45.44217974,2.797420954,42,10.464,5.665,-4298,4.45685894,280.2829056,3.172972608,65.5,57,16516338,57.974
Madagascar,MDG,2001,50.15064634,49.84935366,45.44520179,2.788978461,41.116,10.02,5.528,-13014,5.98023577,319.2832782,3.079898477,63,60,17032939,58.674
Madagascar,MDG,2002,50.15208338,49.84791662,45.44193467,2.780908373,40.202,9.688,5.412,-18209,-12.40797111,304.9417774,2.989993505,60.6,62,17549913,59.17
Madagascar,MDG,2003,50.15285372,49.84714628,45.40310987,2.77173285,39.513,9.361,5.329,-18345,9.784892125,352.6200958,2.93067077,58.3,66,18071854,59.693
Madagascar,MDG,2004,50.15302628,49.84697372,45.31962516,2.759648615,38.976,9.077,5.264,-13393,5.257003622,272.2007486,2.916108611,56.2,78,18606608,60.168
Madagascar,MDG,2005,50.15290683,49.84709317,45.18151674,2.744465318,38.446,8.793,5.195,-4869,4.755845095,305.8120749,2.929269371,54.2,85,19159707,60.664
Madagascar,MDG,2006,50.15250185,49.84749815,44.99607697,2.727497248,38.007,8.536,5.133,-2336,5.398508449,324.1468749,2.937691079,52.3,85,19730909,61.14
Madagascar,MDG,2007,50.15204062,49.84795938,44.78797808,2.709856785,37.754,8.334,5.083,-1563,5.710564199,419.5480014,2.934949508,50.4,84,20318583,61.533
Madagascar,MDG,2008,50.15148031,49.84851969,44.55987179,2.692959259,37.537,8.117,5.043,-1255,6.712632539,512.5798001,2.935329273,48.8,77,20923840,61.992
Madagascar,MDG,2009,50.15134625,49.84865375,44.30714328,2.677874021,37.396,7.972,5.003,-1429,-3.978708612,446.3152384,2.936041173,47.4,77,21547280,62.304
Madagascar,MDG,2010,50.15198567,49.84801433,44.01541328,2.665887944,36.746,7.826,4.896,-1979,0.619239745,450.0093916,2.909196621,46.2,70,22183340,62.597
Madagascar,MDG,2011,50.15276068,49.84723932,43.66236627,2.659317918,35.751,7.683,4.737,-2219,1.578427054,506.1636916,2.839657144,45.2,73,22822300,62.86
Madagascar,MDG,2012,50.15341117,49.84658883,43.25542597,2.658922317,35.061,7.602,4.613,-2334,3.011148116,493.5111629,2.766263126,44.6,68,23462438,63.007
Madagascar,MDG,2013,50.15429737,49.84570263,42.8208495,2.668448497,34.672,7.536,4.527,-2445,2.300376228,515.3015894,2.7196484,44.1,70,24109290,63.161
Madagascar,MDG,2014,50.15532006,49.84467994,42.38549103,2.712829346,34.18,7.495,4.421,-2522,3.339203112,505.6849225,2.680779482,43.9,68,24764348,63.261
Madagascar,MDG,2015,50.15661291,49.84338709,41.9714963,2.788253805,33.771,7.461,4.335,-2594,3.132298075,445.3200695,2.639484347,43.8,62,25426702,63.362
Madagascar,MDG,2016,50.15850221,49.84149779,41.58787342,2.866624046,33.613,7.452,4.285,-2687,3.993146062,453.9707145,2.613359357,43.8,68,26099952,63.431
Madagascar,MDG,2017,50.16059952,49.83940048,41.24091591,2.943386879,33.592,7.48,4.259,-2784,3.933307595,491.8668487,2.603454951,43.9,65,26788375,63.433
Madagascar,MDG,2018,50.16273548,49.83726452,40.9322942,3.018487848,33.651,7.491,4.246,-2887,3.194356517,500.4571855,2.60334538,44.2,74,27494926,63.491
Madagascar,MDG,2019,50.16451359,49.83548641,40.65102694,3.091981893,33.594,7.518,4.221,-2976,4.411232129,499.8188376,2.601366335,44.5,69,28219554,63.504
Madagascar,MDG,2020,50.16306977,49.83693023,40.38914529,3.153564226,33.31,7.869,4.17,-1480,-7.137671621,450.7716152,2.567788704,44.7,67,28953556,62.706
Madagascar,MDG,2021,50.16016088,49.83983912,40.13489841,3.207303014,32.911,7.94,4.104,-1480,4.650683432,483.4694634,2.515373609,44.9,55,29691083,62.516
Madagascar,MDG,2022,50.15859673,49.84140327,39.86613546,3.26762489,32.498,7.728,4.036,-1487,4.156097784,503.5145335,2.482078362,44.7,57,30437261,63.068
Madagascar,MDG,2023,50.15695796,49.84304204,39.57213332,3.335162365,32.095,7.528,3.972,-1487,4.203046158,508.7184277,2.462015304,44.2,65,31195932,63.632
Madagascar,MDG,2024,50.15658085,49.84341915,39.25685679,3.405152505,,,,-1795,4.2,544.987501,2.435247601,,60,31964956,
Malawi,MWI,2000,48.65321862,51.34678138,46.16949698,3.310762816,44.572,18.022,6.002,-28098,1.576077626,224.2241592,2.398085276,100.2,75,11315942,46.17
Malawi,MWI,2001,48.61362722,51.38637278,46.12527833,3.4660353,44.179,17.367,5.943,-28933,-4.974963619,215.4745249,2.419394275,93.1,90,11593058,47.205
Malawi,MWI,2002,48.57708132,51.42291868,46.09681965,3.604475087,43.955,16.779,5.903,-30013,1.700000031,428.2104398,2.448687959,85.1,64,11880440,48.176
Malawi,MWI,2003,48.54028716,51.45971284,46.06149829,3.731923313,43.907,15.903,5.875,-31729,5.705639405,383.3485969,2.503113189,77.2,84,12181574,49.601
Malawi,MWI,2004,48.50511614,51.49488386,46.03473779,3.846057236,43.965,15.076,5.864,-32221,5.42049755,404.6742484,2.586312039,70.2,89,12500737,51.073
Malawi,MWI,2005,48.47501938,51.52498062,46.03783877,3.937478658,44.003,14.32,5.848,-31462,3.268726023,414.361122,2.678011002,65.1,93,12840031,52.469
Malawi,MWI,2006,48.45187784,51.54812216,46.05205641,4.000348368,43.755,13.667,5.802,-29450,4.699999764,440.822149,2.755070307,61.9,99,13198701,53.652
Malawi,MWI,2007,48.44260343,51.55739657,46.07183613,4.016726006,43.274,13.053,5.724,-22680,9.599999877,475.1802617,2.821037713,59.9,87,13576343,54.687
Malawi,MWI,2008,48.46375516,51.53624484,46.13227603,3.915112725,42.564,12.386,5.609,-9264,7.639736399,554.0488204,2.904261646,57.3,91,13976417,55.715
Malawi,MWI,2009,48.50446533,51.49553467,46.20419876,3.74329283,41.745,11.541,5.453,-8590,8.328109852,625.8697299,2.956425455,55.5,93,14395788,56.714
Malawi,MWI,2010,48.54205946,51.45794054,46.22521568,3.598815173,40.686,10.708,5.263,-9327,6.874065854,683.1246947,2.947796087,53.6,93,14826463,57.787
Malawi,MWI,2011,48.57515773,51.42484227,46.19777665,3.476535983,39.69,9.939,5.083,-12170,4.932669998,763.0610004,2.915044272,49.9,97,15265022,58.859
Malawi,MWI,2012,48.60394395,51.39605605,46.11121929,3.36981384,38.564,9.239,4.902,-13561,1.900000001,558.4620883,2.870645899,46.6,96,15709577,59.87
Malawi,MWI,2013,48.62871528,51.37128472,45.9516847,3.264747701,37.722,8.623,4.759,-12934,5.410349998,496.9473683,2.838089664,43.6,89,16161816,60.816
Malawi,MWI,2014,48.65076866,51.34923134,45.72176474,3.164788361,36.503,8.081,4.569,-10317,5.625270001,529.513344,2.804790124,41.4,91,16621538,61.651
Malawi,MWI,2015,48.67141527,51.32858473,45.42898351,3.069935496,35.296,7.642,4.384,-6471,2.8,539.6053632,2.753591835,39.3,88,17085587,62.324
Malawi,MWI,2016,48.69085365,51.30914635,45.06604467,2.977760975,34.225,7.184,4.216,3505,2.499999999,450.5061055,2.725957877,37.6,84,17557739,63.163
Malawi,MWI,2017,48.70889874,51.29110126,44.64145636,2.897179917,33.682,6.816,4.113,982,4.000000001,495.7696834,2.708089491,36.1,88,18039715,63.914
Malawi,MWI,2018,48.72343768,51.27656232,44.1768929,2.826873976,33.227,6.546,4.021,-3267,4.353564716,533.2025672,2.671175686,34.5,92,18528081,64.464
Malawi,MWI,2019,48.73596061,51.26403939,43.66868127,2.765175852,32.902,6.301,3.952,-1837,5.716825192,580.8891398,2.650595676,33.6,95,19025752,64.995
Malawi,MWI,2020,48.74746639,51.25253361,43.11806854,2.707650999,32.536,6.189,3.877,-2655,0.79359643,602.5074782,2.635737351,32.3,94,19533888,65.216
Malawi,MWI,2021,48.75722655,51.24277345,42.53682723,2.653761926,32.066,6.257,3.791,-2666,4.55829212,617.4469945,2.594158288,31.4,93,20047258,64.782
Malawi,MWI,2022,48.76809106,51.23190894,41.93342923,2.613219447,31.738,5.803,3.72,-5231,0.921115069,604.2697404,2.567947783,30.5,86,20568728,66.037
Malawi,MWI,2023,48.78156213,51.21843787,41.3160806,2.592567716,31.381,5.363,3.648,-5811,1.945752817,633.214768,2.571357086,29.4,91,21104482,67.353
Malawi,MWI,2024,48.79660329,51.20339671,40.70555337,2.586119158,,,,-1507,1.673434085,522.5703936,2.57641467,,91,21655286,
Malaysia,MYS,2000,51.36874137,48.63125863,34.16813989,3.87644389,22.603,4.431,2.942,125499,8.85886817,4083.528745,2.344802412,7.7,98,22967816,72.732
Malaysia,MYS,2001,51.42648272,48.57351728,33.67358738,3.942936612,21.401,4.359,2.807,173613,0.517675319,3943.799439,2.403512895,7.2,96,23526538,73.08
Malaysia,MYS,2002,51.49490237,48.50509763,33.15464907,4.031091992,20.089,4.278,2.658,196227,5.390988307,4184.031638,2.418555471,6.9,94,24102477,73.469
Malaysia,MYS,2003,51.56071202,48.43928798,32.60010636,4.130216525,19.55,4.257,2.601,199510,5.788499286,4465.321946,2.366245719,6.7,96,24679602,73.727
Malaysia,MYS,2004,51.6240416,48.3759584,31.99786513,4.229980295,18.682,4.225,2.493,212278,6.783437724,4939.248519,2.311724529,6.6,95,25256772,74.027
Malaysia,MYS,2005,51.68538004,48.31461996,31.35508818,4.33032553,17.94,4.187,2.391,225864,5.332139161,5555.5818,2.267729849,6.5,96,25836071,74.37
Malaysia,MYS,2006,51.74424289,48.25575711,30.69953228,4.435260187,17.395,4.165,2.308,232971,5.584847067,6158.407855,2.22705351,6.5,95,26417909,74.697
Malaysia,MYS,2007,51.80024452,48.19975548,30.04053742,4.547576979,17.091,4.175,2.252,229784,6.298785927,7168.930319,2.173504618,6.5,97,26998389,74.961
Malaysia,MYS,2008,51.85313894,48.14686106,29.3553815,4.668635276,17.356,4.212,2.262,202481,4.831769889,8371.821561,2.095316748,6.5,97,27570059,75.151
Malaysia,MYS,2009,51.90308887,48.09691113,28.62686291,4.802857551,17.29,4.271,2.223,178410,-1.513528716,7191.432872,1.992060212,6.5,97,28124778,75.269
Malaysia,MYS,2010,51.95905175,48.04094825,27.94082547,4.948698563,16.906,4.334,2.144,157164,7.424847383,8899.345055,1.870406127,6.5,96,28655776,75.376
Malaysia,MYS,2011,52.0332701,47.9667299,27.40497672,5.094281988,17.186,4.401,2.153,122269,5.293912834,10217.10686,1.751280082,6.5,96,29162039,75.488
Malaysia,MYS,2012,52.11763166,47.88236834,26.97270028,5.238822282,17.002,4.478,2.117,134975,5.473454193,10600.57442,1.702695132,6.5,97,29662831,75.552
Malaysia,MYS,2013,52.20025582,47.79974418,26.56452322,5.38859199,16.761,4.607,2.07,149637,4.693722526,10713.64076,1.70946282,6.5,97,30174265,75.464
Malaysia,MYS,2014,52.27850983,47.72149017,26.17366521,5.545043103,16.724,4.749,2.058,159791,6.006721946,11013.31073,1.714740728,6.6,97,30696137,75.345
Malaysia,MYS,2015,52.35034338,47.64965662,25.81670438,5.708475201,16.336,4.864,2.008,187663,5.091532422,9648.679794,1.733194456,6.6,99,31232798,75.288
Malaysia,MYS,2016,52.41985883,47.58014117,25.5019415,5.879933918,15.789,4.915,1.942,222141,4.449781398,9476.534098,1.767310548,6.7,98,31789685,75.371
Malaysia,MYS,2017,52.48426666,47.51573334,25.20407374,6.065114852,15.329,4.931,1.893,227677,5.81272241,9862.548066,1.76466064,6.7,99,32355644,75.542
Malaysia,MYS,2018,52.53817975,47.46182025,24.87581723,6.266708906,14.808,4.946,1.838,221965,4.843086976,10901.802,1.701747319,6.7,99,32910967,75.734
Malaysia,MYS,2019,52.58878019,47.41121981,24.47411261,6.482321764,14.233,4.98,1.777,203284,4.413187421,10920.19176,1.596466533,6.7,98,33440596,75.9
Malaysia,MYS,2020,52.58795194,47.41204806,23.96103065,6.724906139,13.393,5.034,1.68,101907,-5.456846584,9957.526267,1.333633231,6.7,98,33889558,76.057
Malaysia,MYS,2021,52.53036267,47.46963733,23.39327862,6.958605886,12.385,6.201,1.555,188506,3.315349544,10903.10375,1.152513044,6.7,95,34282399,73.917
Malaysia,MYS,2022,52.46928758,47.53071242,22.83367036,7.185639357,12.394,5.547,1.55,188154,9.03173723,11754.56783,1.197772001,6.7,97,34695493,75.444
Malaysia,MYS,2023,52.41107104,47.58892896,22.28799203,7.451173762,12.412,5.158,1.55,181071,3.537063804,11386.03956,1.234028692,6.8,95,35126298,76.657
Malaysia,MYS,2024,52.35942746,47.64057254,21.78639303,7.737851578,,,,174770,5.10545921,11874.42737,1.22058891,,93,35557673,
Maldives,MDV,2000,52.45374409,47.54625591,40.19594459,3.760923486,19.916,4.412,2.691,300,3.845810408,2213.812351,1.647067878,33.5,98,282019,70.892
Maldives,MDV,2001,52.44397019,47.55602981,38.65988998,3.925654058,19.105,4.211,2.532,560,-3.943634523,3033.932345,1.669559479,29.8,98,286767,71.659
Maldives,MDV,2002,52.44003223,47.55996777,37.13496516,4.095454296,18.666,4.069,2.425,607,7.268386561,3076.070072,1.676782897,26.5,98,291616,72.36
Maldives,MDV,2003,52.45015869,47.54984131,35.64475819,4.266739968,18.448,3.89,2.342,578,13.75004964,3548.576701,1.657899553,23.4,98,296491,73.263
Maldives,MDV,2004,52.47218932,47.52781068,34.17492639,4.434288558,18.326,4.103,2.262,668,5.924892511,4070.260946,1.646455347,21.8,96,301413,73.008
Maldives,MDV,2005,52.50514801,47.49485199,32.7392316,4.594049519,18.322,3.66,2.199,578,-11.17730971,3796.515465,1.650466359,18.6,98,306429,74.785
Maldives,MDV,2006,52.87286005,47.12713995,31.18326849,4.676104266,18.819,3.635,2.204,5006,23.63027199,5018.943354,2.393227009,16.7,98,313851,75.256
Maldives,MDV,2007,53.63582851,46.36417149,29.5136203,4.656541718,19.955,3.547,2.293,6160,7.133380247,5758.102869,3.330246811,15.2,98,324479,75.711
Maldives,MDV,2008,54.44520794,45.55479206,27.98256834,4.598566202,20.904,3.485,2.371,6035,8.97645459,6757.432809,3.539616529,13.9,98,336170,75.999
Maldives,MDV,2009,55.20851279,44.79148721,26.69715024,4.526308233,21.267,3.388,2.39,6093,-8.340698616,6734.031656,3.53754132,12.8,98,348275,76.371
Maldives,MDV,2010,55.92973237,44.07026763,25.66437172,4.443834675,20.889,3.288,2.349,6369,6.785467823,7173.596018,3.53092174,11.9,96,360792,76.756
Maldives,MDV,2011,56.6127159,43.3872841,24.8636512,4.35566831,20.401,3.196,2.307,6611,8.843426005,7424.520411,3.508214455,11.1,96,373674,77.141
Maldives,MDV,2012,57.26155453,42.73844547,24.27459425,4.262857468,19.774,3.112,2.254,6800,2.38928798,7461.297037,3.457053863,10.4,99,386818,77.512
Maldives,MDV,2013,57.87937111,42.12062889,23.85142119,4.175764022,18.803,3.037,2.174,6963,6.974962264,8236.081779,3.368523362,9.8,99,400070,77.847
Maldives,MDV,2014,58.47196803,41.52803197,23.52877179,4.097994038,17.76,2.958,2.089,7700,7.860686431,8939.074166,3.330089307,9.1,99,413617,78.187
Maldives,MDV,2015,59.0518832,40.9481168,23.21022342,4.014793742,16.664,2.851,2.004,9324,3.868135365,9644.90655,3.454251908,8.5,99,428154,78.607
Maldives,MDV,2016,59.61521109,40.38478891,22.84709502,3.932141987,15.512,2.763,1.903,9421,6.375283067,9947.807447,3.478184411,8,98,443308,78.913
Maldives,MDV,2017,60.1544447,39.8455553,22.46299808,3.867663713,14.342,2.685,1.798,9555,7.074428632,10509.62881,3.323083736,7.4,98,458287,79.228
Maldives,MDV,2018,60.66967098,39.33032902,22.07130228,3.831654507,13.395,2.642,1.71,9637,8.568955583,11423.28384,3.18090435,6.9,98,473099,79.433
Maldives,MDV,2019,61.16191335,38.83808665,21.67034697,3.832850485,12.597,2.579,1.64,9648,6.923059891,11740.2724,3.045935545,6.4,98,487731,79.707
Maldives,MDV,2020,61.63511366,38.36488634,21.24319259,3.869704064,12.112,2.963,1.613,9642,-32.90882878,7393.888654,2.907112747,6,98,502118,78.713
Maldives,MDV,2021,62.08922143,37.91077857,20.76756236,3.927901293,11.694,3.118,1.599,9412,37.50787012,10176.14388,2.757001874,5.6,95,516154,78.052
Maldives,MDV,2022,62.23671884,37.76328116,20.38240319,4.081613184,11.396,2.329,1.583,-2674,13.82608952,11786.01915,1.528878337,5.3,98,524106,80.76
Maldives,MDV,2023,62.09538512,37.90461488,20.04899295,4.345106598,11.018,2.338,1.575,-2877,4.942863012,12587.6126,0.359585189,5,98,525994,81.041
Maldives,MDV,2024,61.91845759,38.08154241,19.59202272,4.640213415,,,,-2421,3.494404227,13379.35136,0.342572358,,99,527799,
Mali,MLI,2000,50.36611675,49.63388325,46.59829684,3.222996256,47.091,16.02,6.886,-17395,-0.736019992,304.6528702,2.913088742,102.8,43,11559290,50.605
Mali,MLI,2001,50.38966071,49.61033929,46.49206718,3.157878698,47.14,15.536,6.852,-12507,15.80603174,346.2245543,3.007011656,99.7,49,11912158,51.3
Mali,MLI,2002,50.40860023,49.59139977,46.40633786,3.09446983,47.348,15.062,6.819,-8914,3.036275408,378.1916786,3.106768618,96.5,61,12288050,51.995
Mali,MLI,2003,50.42370272,49.57629728,46.36339664,3.034354477,47.566,14.632,6.783,-11768,9.797122561,441.9103585,3.178940014,93.4,63,12684955,52.632
Mali,MLI,2004,50.43532449,49.56467551,46.36937757,2.980650352,47.774,14.214,6.741,-10796,1.477324902,495.0062947,3.237946088,90.5,69,13102409,53.253
Mali,MLI,2005,50.44429843,49.55570157,46.4373897,2.94041927,47.891,13.843,6.708,-17413,2.538378349,548.7303828,3.275222992,87.8,77,13538647,53.792
Mali,MLI,2006,50.45195402,49.54804598,46.53892122,2.91360926,47.602,13.459,6.677,-18247,3.689602653,586.9854155,3.280438795,85.4,78,13990139,54.305
Mali,MLI,2007,50.45807533,49.54192467,46.64985288,2.892360585,47.394,13.101,6.647,-19945,1.760046079,670.853395,3.287960784,83.2,74,14457775,54.756
Mali,MLI,2008,50.46266655,49.53733345,46.78370761,2.87155308,47.203,12.756,6.624,-24509,3.63871071,767.194839,3.28621889,81.1,74,14940782,55.187
Mali,MLI,2009,50.46761892,49.53238108,46.94300429,2.846023156,47.015,12.437,6.592,-34383,5.454735626,787.4825643,3.257805694,79.1,73,15435539,55.588
Mali,MLI,2010,50.4729888,49.5270112,47.13153452,2.812050374,46.892,12.12,6.579,-34483,5.576788598,797.1515411,3.248514009,77.3,73,15945198,55.993
Mali,MLI,2011,50.47755945,49.52244055,47.33697275,2.774926554,46.477,11.812,6.545,-43160,2.935378971,938.2929026,3.23250831,75.5,66,16469049,56.367
Mali,MLI,2012,50.48178243,49.51821757,47.63341109,2.743725944,46.279,11.559,6.523,-140507,-1.072399241,872.5060925,2.919987285,73.9,65,16957033,56.696
Mali,MLI,2013,50.4837936,49.5162064,47.87519942,2.710821516,45.461,11.217,6.491,-40951,3.29068742,901.9209576,2.920782575,72.3,64,17459615,57.052
Mali,MLI,2014,50.48419929,49.51580071,47.95492897,2.669674724,44.983,10.887,6.441,-50068,6.502638784,947.9150333,3.160656917,70.8,66,18020267,57.482
Mali,MLI,2015,50.48463343,49.51536657,47.99082419,2.633270159,44.474,10.59,6.385,-48872,6.238878902,838.1198694,3.12892801,69.4,70,18593022,57.852
Mali,MLI,2016,50.48512896,49.51487104,47.96729527,2.604535771,43.911,10.268,6.319,-30251,6.005063086,872.4685872,3.167012913,68,76,19191289,58.286
Mali,MLI,2017,50.48551936,49.51448064,47.88929981,2.576347497,43.444,10.033,6.251,-33942,5.375547696,924.0575317,3.188236494,66.6,77,19813011,58.562
Mali,MLI,2018,50.48486625,49.51513375,47.76937143,2.548699971,42.585,9.774,6.118,-40710,4.86785,996.3792921,3.125423237,65.1,76,20442030,58.873
Mali,MLI,2019,50.48362467,49.51637533,47.58091672,2.523010226,41.139,9.475,5.892,-44373,4.999999116,971.9493186,3.018144943,63.7,77,21068405,59.217
Mali,MLI,2020,50.4792083,49.5207917,47.31934393,2.490598678,40.959,9.502,5.85,-14962,-1.169108348,953.2429433,3.017513615,62.1,70,21713836,58.858
Mali,MLI,2021,50.47403526,49.52596474,47.0326557,2.453714174,40.707,9.277,5.779,-22210,3.100941244,1027.273454,3.060357966,60.5,77,22388630,59.116
Mali,MLI,2022,50.46924194,49.53075806,46.75007281,2.426209138,40.345,8.859,5.692,-39951,3.703190276,976.9141164,3.009425926,59,75,23072640,60.035
Mali,MLI,2023,50.46322063,49.53677937,46.46020137,2.405315466,40.029,8.627,5.614,-39953,4.725411091,1043.953385,2.974005376,57.6,75,23769127,60.439
Mali,MLI,2024,50.45539785,49.54460215,46.14228173,2.384017498,,,,-46880,4.992269175,1094.619493,2.941150848,,82,24478595,
Malta,MLT,2000,49.51674815,50.48325185,19.79707173,12.15556584,11.3,7.5,1.68,1591,19.68126926,10348.48589,0.645267231,6.7,94,390087,78.34878049
Malta,MLT,2001,49.53374513,50.46625487,19.36730435,12.40439987,10.1,7.4,1.48,1678,-0.757203079,10357.70259,0.751106498,6.5,95,393028,78.84390244
Malta,MLT,2002,49.55802399,50.44197601,18.92818528,12.68885714,9.9,7.6,1.45,1821,2.741135145,11251.20253,0.745506921,6.3,95,395969,78.73902439
Malta,MLT,2003,49.58307408,50.41692592,18.4450299,12.96682112,10.2,7.9,1.48,1626,3.693310462,13593.97872,0.657732334,6.2,94,398582,78.54634146
Malta,MLT,2004,49.6090536,50.3909464,17.90797169,13.24058691,9.7,7.5,1.4,1662,0.407354471,15212.13134,0.671628455,6.1,89,401268,79.25365854
Malta,MLT,2005,49.63998839,50.36001161,17.36791997,13.47903982,9.6,7.8,1.38,1626,2.881235239,15831.34405,0.637436918,6.1,92,403834,79.3
Malta,MLT,2006,49.65748314,50.34251686,16.85359047,13.63290084,9.3,7.9,1.36,997,2.33618945,16653.60369,0.364336947,6,85,405308,79.43902439
Malta,MLT,2007,49.66478666,50.33521334,16.36231368,13.70972671,9.3,7.6,1.35,926,5.036401681,19444.1742,0.348755082,6,74,406724,79.79268293
Malta,MLT,2008,49.67742243,50.32257757,15.91645205,13.88157596,9.8,7.9,1.43,869,4.410596606,22315.31042,0.650655461,6,72,409379,79.63658537
Malta,MLT,2009,49.69248611,50.30751389,15.53608709,14.38861487,9.8,7.8,1.42,836,-1.395249735,21176.32183,0.753906931,6,73,412477,80.24146341
Malta,MLT,2010,49.70720524,50.29279476,15.19872803,15.09698912,9.4,7.3,1.36,741,6.197350411,21946.60696,0.491182811,6,76,414508,81.39756098
Malta,MLT,2011,49.72364111,50.27635889,14.903498,15.81394089,10,7.8,1.45,999,0.992201912,23516.96912,0.423700885,6,96,416268,80.74634146
Malta,MLT,2012,49.7900898,50.2099102,14.67228303,16.57659622,9.8,8.1,1.42,911,4.101673922,22878.31309,0.899209212,6,99,420028,80.74634146
Malta,MLT,2013,49.90652417,50.09347583,14.48188539,17.35198184,9.5,7.6,1.36,861,6.292333759,25415.55669,1.132063442,5.9,99,424810,81.74634146
Malta,MLT,2014,50.0601862,49.9398138,14.34228379,17.943563,9.6,7.5,1.38,9192,7.631363608,27424.57656,2.020595582,5.9,99,433481,82.04634146
Malta,MLT,2015,50.21225625,49.78774375,14.2302865,18.32731996,9.7,7.7,1.37,9588,9.620703158,25529.68133,2.447196925,5.8,97,444220,81.89756098
Malta,MLT,2016,50.30344697,49.69655303,14.15525766,18.65556407,9.8,7.4,1.37,8624,4.078003559,26459.07709,2.288897945,5.7,97,454505,82.45365854
Malta,MLT,2017,50.46142141,49.53857859,14.02995282,18.81310743,9.2,7.6,1.26,14372,12.9713425,30317.24432,2.734729798,5.6,98,467106,82.34634146
Malta,MLT,2018,50.80888317,49.19111683,13.79733055,18.74968399,9.2,7.6,1.23,16961,7.189214796,33382.26775,3.532826077,5.5,97,483903,82.24878049
Malta,MLT,2019,51.34440177,48.65559823,13.55494027,18.5815714,8.6,7.3,1.14,20302,4.085055821,32421.91798,4.051717624,5.4,98,503912,82.65853659
Malta,MLT,2020,51.78451854,48.21548146,13.33281231,18.49976795,8.6,7.9,1.13,6904,-3.457282763,31823.43639,2.271625497,5.2,98,515490,82.09756098
Malta,MLT,2021,51.91942423,48.08057577,13.22618386,18.77210363,8.5,8,1.13,4638,13.41170429,38096.83607,0.5146871,5.1,99,518150,82.25853659
Malta,MLT,2022,51.91114578,48.08885422,13.2114837,19.28437008,8.1,8,1.08,2480,2.483099938,35638.88695,2.4710029,5,98,531113,82.44878049
Malta,MLT,2023,51.89302682,48.10697318,13.15183617,19.80003978,8.1,7.3,1.06,6591,10.6215185,40905.80596,3.992558769,4.8,98,552747,83.50731707
Malta,MLT,2024,51.89888196,48.10111804,13.03050183,20.21230266,,,,6323,6.799903002,43898.57818,2.871111286,,97,568847,
Marshall Islands,MHL,2000,51.24539018,48.75460982,42.03011448,2.246260341,38.152,6.745,4.695,-1110,2.454430069,2264.791149,0.998938025,33.7,39,50706,63.323
Marshall Islands,MHL,2001,51.23525615,48.76474385,41.29297276,2.252432882,37.834,6.619,4.583,-1237,6.930044462,2394.345011,0.8190247,33.8,48,51123,63.735
Marshall Islands,MHL,2002,51.2318911,48.7681089,40.57599004,2.257678733,37.611,6.615,4.488,-1345,3.63579015,2566.067088,0.588994175,33.8,80,51425,63.848
Marshall Islands,MHL,2003,51.22777799,48.77222201,39.93338304,2.248322473,37.593,6.616,4.418,-1427,-1.561675105,2539.330738,0.415276542,33.7,68,51639,63.956
Marshall Islands,MHL,2004,51.21932382,48.78067618,39.40897638,2.218510759,37.417,6.622,4.34,-1466,-0.408355471,2566.08291,0.293918804,33.5,64,51791,64.044
Marshall Islands,MHL,2005,51.20701281,48.79298719,39.05906832,2.178938851,37.188,6.637,4.276,-1482,1.791044776,2658.652179,0.221800143,33.3,77,51906,64.112
Marshall Islands,MHL,2006,51.20018464,48.79981536,38.92676828,2.147425109,36.551,6.626,4.197,-1491,0.175953079,2754.269888,0.165547017,33,74,51992,64.207
Marshall Islands,MHL,2007,51.20113772,48.79886228,38.99394638,2.12164889,35.59,6.619,4.09,-1491,3.68852459,2892.28404,0.08267085,32.8,93,52035,64.259
Marshall Islands,MHL,2008,51.18969825,48.81030175,39.17163175,2.097828176,34.331,6.599,3.967,-1467,-7.566346697,2817.605228,-0.009609379,32.5,95,52030,64.3
Marshall Islands,MHL,2009,51.17745439,48.82254561,39.39079366,2.084835203,32.793,6.539,3.83,-1361,3.665241295,2906.63027,-0.021143884,32.2,96,52019,64.395
Marshall Islands,MHL,2010,51.20765521,48.79234479,39.66009204,2.055011673,30.935,6.465,3.673,-1221,5.5391868,3095.45769,0.048047818,32,94,52044,64.498
Marshall Islands,MHL,2011,51.26184788,48.73815212,39.72932621,2.074844676,29.216,6.381,3.527,-1512,-0.502512563,3319.398154,-0.263585881,31.7,87,51907,64.641
Marshall Islands,MHL,2012,51.28454462,48.71545538,39.38913631,2.202493242,27.707,6.376,3.382,-1759,-1.290684624,3514.265155,-0.944590187,31.2,80,51419,64.776
Marshall Islands,MHL,2013,51.28453039,48.71546961,38.81928139,2.38156311,26.395,6.385,3.247,-1825,3.808982376,3677.906908,-1.445666706,30.7,79,50681,64.954
Marshall Islands,MHL,2014,51.28524379,48.71475621,38.16069564,2.58554904,25.695,6.436,3.18,-1906,-1.25958379,3735.239778,-1.761642739,30,78,49796,65.11
Marshall Islands,MHL,2015,51.28173603,48.71826397,37.46170633,2.800176228,25.164,6.493,3.131,-1964,1.885745979,3764.344262,-2.020434666,29.3,85,48800,65.292
Marshall Islands,MHL,2016,51.27124861,48.72875139,36.81485674,3.00362615,24.72,6.563,3.091,-2003,2.504082744,4229.809889,-2.261025352,28.7,71,47709,65.477
Marshall Islands,MHL,2017,51.2605042,48.7394958,36.23868985,3.194781749,24.391,6.639,3.064,-2040,3.558151885,4592.834576,-2.504428523,27.9,80,46529,65.673
Marshall Islands,MHL,2018,51.2509661,48.7490339,35.66523131,3.391851606,24.066,6.714,3.038,-2058,5.487179487,4858.120791,-2.709992229,27.2,81,45285,65.87
Marshall Islands,MHL,2019,51.2407399,48.7592601,35.08799836,3.573335757,23.736,6.787,3.012,-2030,10.45211473,5292.339855,-2.862713965,26.5,79,44007,66.047
Marshall Islands,MHL,2020,51.22579437,48.77420563,34.5497758,3.704354138,23.439,7.296,2.989,-2004,-2.772887324,5661.967873,-3.000928659,25.8,82,42706,65.387
Marshall Islands,MHL,2021,51.23047914,48.76952086,34.42720043,3.867817342,23.176,7.389,2.964,-2016,2.15938183,6315.312796,-3.185596406,25,86,41367,65.421
Marshall Islands,MHL,2022,51.25006238,48.74993762,34.61835966,4.112084238,21.989,6.862,2.936,-1829,-0.700563927,6455.660622,-3.168085785,24.3,86,40077,66.725
Marshall Islands,MHL,2023,51.26197589,48.73802411,34.7052309,4.382259768,21.137,6.968,2.919,-1832,-5.007917797,6793.244959,-3.168672277,23.5,85,38827,66.945
Marshall Islands,MHL,2024,51.23308831,48.76691169,34.47453926,4.640726537,,,,-1765,2.501927179,7726.336689,-3.349576643,,85,37548,
Mauritania,MRT,2000,49.86896586,50.13103414,44.21403731,3.082678529,37.914,8.861,5.456,-2997,-3.918025852,680.9110619,2.783538221,67.6,51,2613441,61.044
Mauritania,MRT,2001,49.81536233,50.18463767,44.13346924,3.09115096,37.983,8.578,5.407,-21067,-0.79949383,651.8178402,2.468625706,64.9,75,2678760,61.662
Mauritania,MRT,2002,49.71027749,50.28972251,44.16311002,3.102764514,37.855,8.281,5.373,-18903,1.38148396,648.8796439,2.211292309,61.8,89,2738655,62.249
Mauritania,MRT,2003,49.61586984,50.38413016,44.17500641,3.114599118,37.912,8.004,5.364,-19104,6.928269576,732.0178208,2.288294066,58.4,76,2802046,62.805
Mauritania,MRT,2004,49.52690504,50.47309496,44.1886788,3.123702031,38.273,7.744,5.374,-19042,4.732757875,823.5544571,2.349655154,55,70,2868664,63.369
Mauritania,MRT,2005,49.44456712,50.55543288,44.20628239,3.13624244,38.436,7.494,5.376,-18693,8.56628732,998.9658342,2.424304593,51.8,71,2939059,63.92
Mauritania,MRT,2006,49.36976965,50.63023035,44.2280151,3.152794277,38.762,7.242,5.404,-18033,18.33319869,1300.60368,2.506582485,49,68,3013660,64.493
Mauritania,MRT,2007,49.30463683,50.69536317,44.25068448,3.166589585,39.041,7.068,5.426,-17048,-1.96942275,1405.150162,2.600528191,46.7,75,3093059,64.885
Mauritania,MRT,2008,49.19684764,50.80315236,44.13350617,3.254438009,39.074,6.896,5.436,-3860,-0.331079223,1635.563062,2.874808734,44.8,74,3183269,65.233
Mauritania,MRT,2009,49.04866815,50.95133185,43.93806144,3.407771503,39.005,6.953,5.406,-1481,0.097875914,1435.430108,3.128994509,43.4,64,3284448,65.485
Mauritania,MRT,2010,48.9128316,51.0871684,43.86476178,3.545407214,38.939,7.054,5.384,1128,2.620229481,1659.963697,3.191594036,42.4,64,3390965,65.661
Mauritania,MRT,2011,48.79171363,51.20828637,43.91600861,3.665712528,38.941,7.205,5.38,3272,4.172783278,1931.199755,3.245124735,41.5,75,3502811,65.754
Mauritania,MRT,2012,48.68589242,51.31410758,44.05718487,3.768243128,38.74,7.381,5.352,4515,4.470013192,1859.117332,3.264135039,40.8,80,3619034,65.808
Mauritania,MRT,2013,48.65415854,51.34584146,44.17474032,3.750363018,38.509,7.564,5.317,-2987,4.15081319,1934.241031,3.135806546,40.1,80,3734318,65.89
Mauritania,MRT,2014,48.68814301,51.31185699,44.22775183,3.633220983,38.127,7.26,5.261,-2980,4.274823288,1713.008653,3.012189491,39.3,81,3848514,66.207
Mauritania,MRT,2015,48.72371316,51.27628684,44.25311057,3.533420735,37.778,6.993,5.211,-3019,5.376339241,1554.948979,3.006059241,38.5,73,3965959,66.498
Mauritania,MRT,2016,48.76118763,51.23881237,44.24526505,3.450962908,37.402,6.731,5.157,-3008,1.260909231,1565.765757,2.997958425,37.6,74,4086657,66.823
Mauritania,MRT,2017,48.80055099,51.19944901,44.20017862,3.385444282,37.046,6.513,5.106,-3001,6.270545669,1615.004013,2.987787893,36.7,76,4210600,67.088
Mauritania,MRT,2018,48.84031459,51.15968541,44.1137842,3.335408173,36.621,6.286,5.044,-2987,4.772173657,1722.935289,2.973564031,35.8,77,4337685,67.419
Mauritania,MRT,2019,48.87940304,51.12059696,43.98373842,3.299130113,36.211,6.115,4.984,-3019,3.141004893,1767.072711,2.953472979,34.8,80,4467708,67.64
Mauritania,MRT,2020,48.9142157,51.0857843,43.81578481,3.260113679,35.735,6.41,4.912,-1483,-0.360657384,1795.764596,2.92092559,33.8,81,4600131,66.794
Mauritania,MRT,2021,48.94775469,51.05224531,43.61417605,3.2214687,35.342,6.29,4.848,-1483,0.742715487,1947.789184,2.887033459,32.9,77,4734874,66.762
Mauritania,MRT,2022,48.98383534,51.01616466,43.35232059,3.208503503,34.844,5.627,4.77,2999,6.796005005,1960.352401,2.929564664,32,85,4875637,68.281
Mauritania,MRT,2023,49.01930177,50.98069823,43.03608116,3.21532864,34.423,5.52,4.697,2999,6.80949002,2135.781876,2.966530792,31,90,5022441,68.484
Mauritania,MRT,2024,49.05266477,50.94733523,42.71121256,3.228414231,,,,-2185,6.307602133,2110.120369,2.88395899,,86,5169395,
Mauritius,MUS,2000,50.53537274,49.46462726,25.58250115,6.117643964,17,6.7,1.99,-2326,8.202791749,3981.983432,0.982676166,16.6,88,1186873,71.66341463
Mauritius,MUS,2001,50.50203948,49.49796052,25.30529017,6.206594708,16.5,6.7,1.91,-3225,3.347540727,3908.556949,0.790047581,15.4,92,1196287,71.76585366
Mauritius,MUS,2002,50.46978125,49.53021875,25.01500099,6.286314846,16.6,6.9,1.94,-3150,1.614918659,4073.060531,0.694240135,14.6,88,1204621,71.96585366
Mauritius,MUS,2003,50.43800856,49.56199144,24.69465988,6.357466819,15.9,7,1.87,-3141,5.925445489,4858.265755,0.723661766,14.1,99,1213370,72.11707317
Mauritius,MUS,2004,50.40590494,49.59409506,24.332943,6.428631152,15.7,6.9,1.92,-3001,4.330019855,5460.608002,0.627103982,13.8,98,1221003,72.26585366
Mauritius,MUS,2005,50.37360386,49.62639614,23.91559916,6.501791659,15.3,7,1.88,-2840,1.77754302,5354.029743,0.59209966,13.6,97,1228254,72.43219512
Mauritius,MUS,2006,50.3414753,49.6585247,23.41905893,6.576062853,14.3,7.4,1.77,-2757,4.865544608,5784.224919,0.466403526,13.5,97,1233996,72.43219512
Mauritius,MUS,2007,50.30936914,49.69063086,22.85531877,6.659926578,13.7,6.9,1.74,-2642,5.72701616,6677.349624,0.455526401,13.4,97,1239630,72.57073171
Mauritius,MUS,2008,50.27447073,49.72552927,22.25417472,6.784177431,13.2,7.2,1.67,-2589,5.386962542,8140.508086,0.361630847,13.2,99,1244121,72.57073171
Mauritius,MUS,2009,50.23526707,49.76473293,21.65711994,6.967627126,12.3,7.4,1.59,-2467,3.315076998,7426.886456,0.265537673,13,99,1247429,72.88243902
Mauritius,MUS,2010,50.19275611,49.80724389,21.09460482,7.188221495,12,7.3,1.57,-2624,4.377203223,8113.176707,0.237886693,13,99,1250400,72.96731707
Mauritius,MUS,2011,50.1505907,49.8494093,20.56493714,7.424469414,11.7,7.3,1.55,-2465,4.077538066,9324.242323,0.160140421,13.1,98,1252404,73.26682927
Mauritius,MUS,2012,50.13706493,49.86293507,20.10921756,7.695843062,11.5,7.4,1.54,-3663,3.496118365,9421.525141,0.277321026,13.2,98,1255882,73.86341463
Mauritius,MUS,2013,50.14961467,49.85038533,19.74018258,8.025780345,10.9,7.5,1.44,-3617,3.3604061,9877.13866,0.242165627,13.1,98,1258927,74.01707317
Mauritius,MUS,2014,50.16118359,49.83881641,19.32938314,8.419746216,10.6,7.7,1.43,-3691,3.82696982,10490.33156,0.181022098,13,97,1261208,74.19439024
Mauritius,MUS,2015,50.17051324,49.82948676,18.86172879,8.879917634,10.1,7.7,1.36,-3645,3.690556904,9630.543784,0.13240433,13,97,1262879,74.35317073
Mauritius,MUS,2016,50.17808443,49.82191557,18.3973801,9.380915906,10.4,8.1,1.4,-4483,3.862468263,10095.12256,0.068708233,13,96,1263747,74.39487805
Mauritius,MUS,2017,50.18413131,49.81586869,17.9120679,9.891372985,10.7,8,1.44,-5322,3.937983806,10986.70341,0.090167266,13.2,94,1264887,74.51463415
Mauritius,MUS,2018,50.18691313,49.81308687,17.39759247,10.39664937,10.2,8.5,1.41,-5084,4.006740572,11818.74806,0.054535454,13.6,97,1265577,74.41634146
Mauritius,MUS,2019,50.18297077,49.81702923,16.87231297,10.89475771,10.2,8.8,1.4,-5202,2.891284993,11568.25334,0.032233064,13.9,96,1265985,74.23585366
Mauritius,MUS,2020,50.1687936,49.8312064,16.35463984,11.40117501,10.6,8.7,1.44,-5895,-14.54653815,9135.847738,0.00229068,14.1,95,1266014,74.17707317
Mauritius,MUS,2021,50.14031476,49.85968524,15.88213252,11.90150853,10.3,10.5,1.41,-4324,3.403798662,9177.71196,0.025272988,14,95,1266334,73.6802439
Mauritius,MUS,2022,50.07322927,49.92677073,15.47554539,12.39576391,9.6,10.2,1.32,-2824,8.693066753,10246.50175,-0.301401217,13.8,95,1262523,73.51463415
Mauritius,MUS,2023,49.98315783,50.01684217,15.12423955,12.94158708,10.2,9.4,1.39,-2824,5.007919009,11269.96845,-1.105153473,13.5,96,1248647,73.41219512
Mauritius,MUS,2024,49.91578618,50.08421382,14.8108552,13.52589624,,,,-2787,4.925123049,11990.77989,-0.229952804,,93,1245779,
Mexico,MEX,2000,48.83099868,51.16900132,34.32007813,5.014104256,24.192,5.481,2.714,-356433,5.029283994,7524.027138,1.542725282,23.7,97,98625552,72.562
Mexico,MEX,2001,48.81597785,51.18402215,33.87955953,5.142760051,23.779,5.433,2.671,-378348,-0.450845253,7952.764795,1.483030917,22.7,97,100099099,72.912
Mexico,MEX,2002,48.81698742,51.18301258,33.4366958,5.281645175,23.379,5.45,2.633,-379812,-0.236588002,7983.033984,1.437705268,21.7,97,101548624,73.106
Mexico,MEX,2003,48.8182302,51.1817698,32.99862873,5.418954112,22.832,5.469,2.579,-369183,1.185544867,7434.074649,1.398263628,20.8,98,102978515,73.308
Mexico,MEX,2004,48.81996383,51.18003617,32.54692019,5.551972553,22.369,5.517,2.536,-346912,3.565441009,7849.667596,1.365308315,20,98,104394131,73.432
Mexico,MEX,2005,48.82241916,51.17758084,32.0692923,5.677577837,21.912,5.537,2.495,-310278,2.113247126,8671.758919,1.348578958,19.2,98,105811504,73.627
Mexico,MEX,2006,48.82638183,51.17361817,31.5812288,5.79085663,21.482,5.575,2.456,-244140,4.805013527,9512.635753,1.353749207,18.5,98,107253666,73.746
Mexico,MEX,2007,48.83392097,51.16607903,31.10349121,5.880110901,21.11,5.62,2.421,-105524,2.077863934,10134.33271,1.407890584,17.9,98,108774360,73.796
Mexico,MEX,2008,48.84378688,51.15621312,30.64504525,5.951216646,20.82,5.682,2.391,-50347,0.943331863,10523.76854,1.460156328,17.3,96,110374288,73.695
Mexico,MEX,2009,48.85256455,51.14743545,30.20042478,6.021826608,20.567,5.735,2.364,-30809,-6.295250558,8423.569332,1.461917205,16.8,95,111999721,73.628
Mexico,MEX,2010,48.85697238,51.14302762,29.77203299,6.097501322,20.331,5.733,2.34,-40845,4.971334583,9728.800784,1.439744726,16.2,95,113623895,73.718
Mexico,MEX,2011,48.85748267,51.14251733,29.37517168,6.183298219,20.095,5.698,2.317,-37826,3.444045058,10664.4944,1.415348839,15.7,97,115243504,73.921
Mexico,MEX,2012,48.8505345,51.1494655,29.01831182,6.28324051,19.855,5.674,2.294,-128485,3.55321076,10744.13352,1.357163279,15.2,99,116818208,74.128
Mexico,MEX,2013,48.83768128,51.16231872,28.68286476,6.393658995,19.557,5.677,2.269,-120058,0.852101559,11216.80085,1.29730808,14.8,83,118343573,74.289
Mexico,MEX,2014,48.8180463,51.1819537,28.34453268,6.514463949,18.959,5.705,2.211,-228816,2.503763503,11391.37735,1.21002703,14.3,87,119784261,74.404
Mexico,MEX,2015,48.78573264,51.21426736,27.97775281,6.650848378,18.227,5.768,2.137,-291044,2.702323426,10021.23861,1.069563762,13.9,87,121072306,74.431
Mexico,MEX,2016,48.74640566,51.25359434,27.58025728,6.801589484,17.69,5.868,2.086,-304472,1.772493238,9097.923977,0.969124205,13.5,93,122251351,74.376
Mexico,MEX,2017,48.70931705,51.29068295,27.16584958,6.965920174,17.214,5.997,2.041,-227499,1.871728533,9649.278168,0.935239396,13,85,123400057,74.261
Mexico,MEX,2018,48.67883963,51.32116037,26.74837872,7.144224033,17.037,6.071,2.03,-175356,1.972082094,10084.79376,0.946602355,12.6,88,124573711,74.301
Mexico,MEX,2019,48.65063473,51.34936527,26.34677338,7.334641575,16.877,6.083,2.02,-169628,-0.392690505,10369.55536,0.95014433,12.2,82,125762982,74.53
Mexico,MEX,2020,48.60878182,51.39121818,25.9842947,7.486079875,16.565,8.429,1.99,-147456,-8.354034582,8841.27075,0.820454118,11.8,72,126799054,70.449
Mexico,MEX,2021,48.5551839,51.4448161,25.66125685,7.585758736,16.353,9.015,1.97,-122791,6.048483462,10314.05067,0.667405375,11.5,78,127648148,69.75
Mexico,MEX,2022,48.51893995,51.48106005,25.31132099,7.74526984,16.041,6.521,1.94,-108438,3.709757092,11405.79405,0.753116989,11.1,83,128613117,73.973
Mexico,MEX,2023,48.50181009,51.49818991,24.91797214,7.98664579,15.706,6.161,1.91,-101044,3.353541407,13860.95978,0.872178518,10.8,85,129739759,75.069
Mexico,MEX,2024,48.49388023,51.50611977,24.50949273,8.24857018,,,,-104581,1.427427691,14185.78122,0.860515444,,78,130861007,
"Micronesia, Fed. Sts.",FSM,2000,49.98036486,50.01963514,40.37030095,3.154118025,32.151,6.888,4.217,-2402,4.624573619,2049.345325,0.325401228,33.4,85,112044,64.317
"Micronesia, Fed. Sts.",FSM,2001,49.99021056,50.00978944,39.78934815,3.263012224,31.445,6.702,4.084,-2562,1.820141814,2103.748595,0.286084978,32.7,75,112365,64.801
"Micronesia, Fed. Sts.",FSM,2002,50.0062251,49.9937749,39.26437109,3.379784434,30.474,7.169,3.934,-2677,0.443232389,2113.459873,0.07383915,33.9,84,112448,63.907
"Micronesia, Fed. Sts.",FSM,2003,50.01469475,49.98530525,38.82620118,3.457273901,29.593,6.791,3.785,-2831,1.762765691,2145.877553,-0.145061053,31.8,92,112285,64.915
"Micronesia, Fed. Sts.",FSM,2004,50.00982792,49.99017208,38.41081791,3.484460646,28.966,6.875,3.681,-2919,-3.19038314,2104.428048,-0.32112779,31.6,78,111925,64.898
"Micronesia, Fed. Sts.",FSM,2005,49.99192188,50.00807812,37.9837899,3.463720246,28.391,6.947,3.595,-2968,2.314133554,2207.168445,-0.459396251,31.5,94,111412,64.906
"Micronesia, Fed. Sts.",FSM,2006,49.95800558,50.04199442,37.53849488,3.411482087,27.762,7.04,3.514,-3080,-0.198978337,2244.972273,-0.614926693,31.6,67,110729,64.859
"Micronesia, Fed. Sts.",FSM,2007,49.91445213,50.08554787,37.03341357,3.354553356,27.095,7.108,3.439,-3109,-1.723674283,2293.513417,-0.769691347,31.5,79,109880,64.844
"Micronesia, Fed. Sts.",FSM,2008,49.87882794,50.12117206,36.51668633,3.30375953,26.413,7.156,3.368,-3070,-2.583488142,2369.508117,-0.86283074,31.2,85,108936,64.849
"Micronesia, Fed. Sts.",FSM,2009,49.83836157,50.16163843,36.04427668,3.260542343,25.821,7.188,3.313,-2997,1.098466637,2544.111146,-0.902755413,30.8,91,107957,64.865
"Micronesia, Fed. Sts.",FSM,2010,49.8130928,50.1869072,35.67526351,3.254618071,25.211,7.161,3.271,-1798,2.066188209,2702.611652,-0.387012831,30.3,85,107540,64.892
"Micronesia, Fed. Sts.",FSM,2011,49.81058144,50.18941856,35.41848502,3.308789393,24.742,7.206,3.223,-1717,3.783720893,2848.70077,0.146814251,29.7,84,107698,64.969
"Micronesia, Fed. Sts.",FSM,2012,49.80721105,50.19278895,35.12790805,3.406247104,24.37,7.249,3.18,-1631,-1.694220247,2992.289161,0.178117568,28.9,81,107890,65.08
"Micronesia, Fed. Sts.",FSM,2013,49.80207177,50.19792823,34.75057921,3.549280664,24.03,7.31,3.133,-1559,-3.676429429,2893.134374,0.213878078,28.1,81,108121,65.179
"Micronesia, Fed. Sts.",FSM,2014,49.79980811,50.20019189,34.36750434,3.723384627,23.781,7.372,3.091,-1480,-2.5858165,2896.73082,0.254021761,27.3,77,108396,65.294
"Micronesia, Fed. Sts.",FSM,2015,49.7948784,50.2051216,34.00205123,3.914805157,23.573,7.482,3.049,-1413,4.433638496,2853.076436,0.294778945,26.5,72,108716,65.306
"Micronesia, Fed. Sts.",FSM,2016,49.79051112,50.20948888,33.72419768,4.111868494,23.352,7.488,3.001,-1346,0.942726462,2979.601192,0.32967416,25.7,69,109075,65.576
"Micronesia, Fed. Sts.",FSM,2017,49.78672098,50.21327902,33.5243854,4.306206985,23.169,7.531,2.957,-1281,2.175750036,3279.10779,0.371529921,25,73,109481,65.761
"Micronesia, Fed. Sts.",FSM,2018,49.77709035,50.22290965,33.29739467,4.52281195,23.056,7.582,2.922,-1281,0,3566.586904,0.390173247,24.3,75,109909,65.943
"Micronesia, Fed. Sts.",FSM,2019,49.77013683,50.22986317,33.06795307,4.772764368,22.891,7.6,2.883,-1360,4.081632653,3572.659183,0.338797096,23.6,78,110282,66.196
"Micronesia, Fed. Sts.",FSM,2020,49.75522237,50.24477763,32.76699139,5.033966993,22.693,7.97,2.852,-680,-1.672941176,3362.028021,0.573243642,22.9,83,110916,65.878
"Micronesia, Fed. Sts.",FSM,2021,49.73527436,50.26472564,32.4897312,5.287369708,22.686,7.916,2.818,-1190,3.099699283,3508.223142,0.636292252,22.2,72,111624,66.152
"Micronesia, Fed. Sts.",FSM,2022,49.71680358,50.28319642,32.31903384,5.519406673,22.509,7.613,2.785,-1159,-2.905889999,3710.124516,0.438013018,21.5,69,112114,66.961
"Micronesia, Fed. Sts.",FSM,2023,49.69812661,50.30187339,32.12939657,5.731129667,22.299,7.64,2.748,-1134,0.453118221,3919.643079,0.459189929,20.8,79,112630,67.198
"Micronesia, Fed. Sts.",FSM,2024,49.67877626,50.32122374,31.84812722,5.949514186,,,,-1104,0.718990177,4166.004767,0.469463637,,76,113160,
Moldova,MDA,2000,46.35680664,53.64319336,23.47938289,10.10025699,11.708,11.819,1.496,-43854,2.107716082,440.538684,-0.203371722,27.9,95,2924668,67.462
Moldova,MDA,2001,46.31418908,53.68581092,22.53519883,10.24735248,11.68,11.926,1.471,-45043,6.100000399,507.4040763,-0.223625637,25.4,97,2918135,67.672
Moldova,MDA,2002,46.27214225,53.72785775,21.57409389,10.38655135,11.683,12.112,1.448,-45833,7.799999658,570.7998662,-0.231580062,23,97,2911385,67.793
Moldova,MDA,2003,46.2264432,53.7735568,20.66105804,10.48157582,12.166,12.277,1.479,-46947,6.599999958,682.319096,-0.281602495,21,98,2903198,67.9
Moldova,MDA,2004,46.19174437,53.80825563,19.88955362,10.52621174,12.984,12.392,1.543,-52491,7.399999734,897.1784947,-0.247447154,19.3,98,2896023,68.017
Moldova,MDA,2005,46.21035238,53.78964762,19.30522679,10.59685707,13.119,12.425,1.528,-68681,7.500000149,1034.391977,-0.243318712,18,98,2888985,68.197
Moldova,MDA,2006,46.2667125,53.7332875,18.84332723,10.73013362,13.298,12.463,1.537,-72061,4.799999837,1183.024814,-0.277922768,17.2,97,2880967,68.423
Moldova,MDA,2007,46.31572552,53.68427448,18.43043645,10.85825904,13.691,12.477,1.575,-75734,3.000000226,1531.216186,-0.231718325,16.5,92,2874299,68.674
Moldova,MDA,2008,46.3573669,53.6426331,18.04998751,10.90373234,14.256,12.44,1.638,-79593,7.800000145,2110.553054,-0.190349156,16,90,2868833,69
Moldova,MDA,2009,46.39167775,53.60832225,17.72757075,10.83575944,14.951,12.336,1.719,-83546,-6.000000264,1898.439757,-0.126263392,15.6,85,2865213,69.406
Moldova,MDA,2010,46.42007648,53.57992352,17.49377717,10.68138513,14.785,12.18,1.703,-84039,7.100000107,2436.799351,-0.099832974,15.3,90,2862354,69.876
Moldova,MDA,2011,46.44617524,53.55382476,17.35871031,10.54437593,14.264,12.185,1.65,-82271,5.818166147,2941.362241,-0.057836265,15.1,93,2860699,70.173
Moldova,MDA,2012,46.47379694,53.52620306,17.33160303,10.48541955,14.251,12.3,1.661,-81215,-0.589733955,3044.808432,-0.013109544,14.8,92,2860324,70.344
Moldova,MDA,2013,46.50301666,53.49698334,17.4347394,10.61576317,13.795,12.558,1.622,-77571,9.043865607,3321.043978,-0.026783769,14.6,90,2859558,70.291
Moldova,MDA,2014,46.48292747,53.51707253,17.75238287,11.0822689,15.295,12.759,1.82,-67175,4.999625854,3289.957586,-0.06097206,14.4,90,2857815,70.241
Moldova,MDA,2015,46.41408217,53.58591783,18.23188344,11.70917975,15.227,13.094,1.87,-59399,-0.338235622,2749.551371,-0.76704956,14.2,87,2835978,70.118
Moldova,MDA,2016,46.3490883,53.6509117,18.71721919,12.29908388,14.88,13.246,1.89,-51642,4.646014363,2847.087948,-1.163022378,14,89,2803186,70.179
Moldova,MDA,2017,46.28701819,53.71298181,19.14681317,12.82964837,13.762,13.253,1.81,-43871,4.175612051,3453.267277,-1.727058466,13.9,88,2755189,70.375
Moldova,MDA,2018,46.23230651,53.76769349,19.49537903,13.30740989,13.275,13.63,1.81,-36085,4.075595466,4156.44982,-1.757004421,13.8,93,2707203,70.236
Moldova,MDA,2019,46.17948173,53.82051827,19.77942929,13.80146002,12.637,13.919,1.78,-41233,3.552314085,4405.334182,-1.600316536,13.7,91,2664224,70.181
Moldova,MDA,2020,46.12165463,53.87834537,19.99236918,14.29117884,12.077,14.759,1.77,-33405,-8.27597832,4375.778893,-1.098031659,13.7,86,2635130,69.914
Moldova,MDA,2021,46.07244775,53.92755225,20.14613504,14.69755473,11.521,16.7,1.751,-33405,13.92999979,5274.605822,-1.503429523,13.6,87,2595809,68.991
Moldova,MDA,2022,46.03951863,53.96048137,20.14572772,15.11700142,10.545,13.07,1.694,89154,-4.600000026,5744.296184,-2.621107605,13.6,88,2528654,71.546
Moldova,MDA,2023,46.02480543,53.97519457,19.99222385,15.6147072,10.755,13.606,1.731,-18570,1.200000049,6799.585946,-2.842742127,13.5,87,2457783,71.198
Moldova,MDA,2024,46.01154546,53.98845454,19.78872542,16.21151247,,,,-27088,0.103059364,7576.195894,-2.283061471,,86,2402306,
Monaco,MCO,2000,48.55338161,51.44661839,13.43265187,22.23574543,12.23,11.108,2.082,-33,3.910229928,81789.02065,0.138749733,4.2,99,32455,82.121
Monaco,MCO,2001,48.58542899,51.41457101,13.55903473,22.29944217,12.561,10.947,2.176,-69,2.18773369,82402.78096,-0.024652553,4.1,99,32447,82.485
Monaco,MCO,2002,48.59046327,51.40953673,13.83341301,22.36324661,11.341,10.532,2.006,-60,1.026497573,90051.44599,-0.077078423,4,99,32422,83.055
Monaco,MCO,2003,48.58528449,51.41471551,14.00639392,22.50536688,10.612,10.175,1.914,-68,1.087536547,111110.4513,-0.148157321,3.8,99,32374,83.613
Monaco,MCO,2004,48.58548966,51.41451034,14.07103614,22.71299234,10.855,9.884,1.994,-112,2.470482605,125160.2281,-0.20717065,3.7,99,32307,84.151
Monaco,MCO,2005,48.59360447,51.40639553,14.02514747,22.95249922,10.735,9.921,2.006,-147,1.895414109,130538.7426,-0.300696167,3.7,99,32210,84.34
Monaco,MCO,2006,48.61028792,51.38971208,13.84543399,23.2036185,11.072,10.266,2.101,-209,5.817648497,143083.4611,-0.476139509,3.6,99,32057,84.194
Monaco,MCO,2007,48.63209473,51.36790527,13.54691794,23.46917943,11.483,10.738,2.206,-274,14.43751444,184558.5566,-0.688643282,3.5,99,31837,83.903
Monaco,MCO,2008,48.6650333,51.3349667,13.27428069,24.10321648,12.176,10.908,2.384,206,0.746871215,204263.7971,-0.003141049,3.4,99,31836,83.827
Monaco,MCO,2009,48.71303649,51.28696351,13.19696572,25.39898342,11.821,11.104,2.397,785,-11.33698658,169150.2673,1.6448969,3.3,99,32364,84.187
Monaco,MCO,2010,48.77423635,51.22576365,13.20729115,26.989009,11.328,11.875,2.385,808,2.065219627,161853.9206,2.438810268,3.3,99,33163,84.644
Monaco,MCO,2011,48.83344135,51.16655865,13.14459943,28.56343256,10.209,12.874,2.22,866,7.022356946,179363.9842,2.333623012,3.2,99,33946,85.01
Monaco,MCO,2012,48.88504754,51.11495246,12.9987612,30.10573017,10.28,14.423,2.294,906,1.012218412,165444.6514,2.228561286,3.1,99,34711,85.045
Monaco,MCO,2013,48.92938754,51.07061246,12.78951674,31.55838294,10.131,16.242,2.313,926,9.577098324,184940.6638,2.098198356,3,99,35447,85.056
Monaco,MCO,2014,48.96620443,51.03379557,12.5345992,32.88585031,10.684,18.028,2.485,916,7.187027775,195693.5707,1.90295648,3,99,36128,85.093
Monaco,MCO,2015,48.99202873,51.00797127,12.27249231,34.1159507,10.585,19.5,2.503,939,4.910371765,170437.1012,1.726049574,2.9,99,36757,85.323
Monaco,MCO,2016,48.99667346,51.00332654,12.18612512,35.00912115,10.757,20.841,2.578,798,3.008443588,173604.7536,1.402100421,2.8,99,37276,85.63
Monaco,MCO,2017,48.98479178,51.01520822,12.25516216,35.57779075,10.001,21.068,2.418,798,-3.206183238,170663.3752,1.072668182,2.7,99,37678,85.878
Monaco,MCO,2018,48.99879436,51.00120564,12.29868037,36.23425808,10.194,21.274,2.485,999,5.697901212,188298.3157,1.255423177,2.6,99,38154,86.084
Monaco,MCO,2019,48.96743551,51.03256449,12.54690493,36.2853919,9.965,22.362,2.403,-198,7.12088952,193746.7856,-0.11801268,2.6,99,38109,86.151
Monaco,MCO,2020,48.94483719,51.05516281,12.79615248,36.46338419,9.746,21.439,2.38,999,-13.23910483,176891.8865,-0.15493904,2.5,99,38050,86.089
Monaco,MCO,2021,48.99161627,51.00838373,12.78454071,37.31928258,8.689,24.387,2.122,999,22.23221559,223823.364,1.245820989,2.4,99,38527,85.113
Monaco,MCO,2022,48.98797904,51.01202096,12.90086434,37.0612486,8.687,23.496,2.114,995,11.26629552,226052.0019,1.043155422,2.3,99,38931,85.746
Monaco,MCO,2023,48.95009755,51.04990245,13.178802,36.35721895,9.441,20.971,2.11,88,5.443950888,256799.7886,0.064195568,2.3,99,38956,86.372
Monaco,MCO,2024,48.92443892,51.07556108,13.47234087,36.16655018,,,,110,8.510537589,288001.4334,-0.837774114,,99,38631,
Mongolia,MNG,2000,49.02162039,50.97837961,35.17832894,3.426650244,20.794,7.08,2.2,-11241,1.146062137,476.0275508,1.327111441,47.4,94,2388299,63.2104878
Mongolia,MNG,2001,49.10433063,50.89566937,34.070536,3.451165083,20.257,7,2.2,-10244,2.952710543,524.4534836,1.225637215,44,95,2417751,63.39170732
Mongolia,MNG,2002,49.1801646,50.8198354,32.94655819,3.475356434,19.424,6.995,2.1,-8934,4.732978466,570.2492132,1.285303359,40.6,98,2449027,63.5402439
Mongolia,MNG,2003,49.24603607,50.75396393,31.84167689,3.50621876,18.648,7.026,2,-7986,7.004634574,643.1680689,1.271855244,37.4,98,2480374,63.57536585
Mongolia,MNG,2004,49.30267623,50.69732377,30.79824642,3.548303686,18.398,7.069,2,-8148,10.62540596,794.154552,1.124052834,34.4,99,2508412,64.6302439
Mongolia,MNG,2005,49.35144322,50.64855678,29.86540462,3.601634665,18.566,7.018,2,-8924,7.253665438,994.9001091,1.109862906,31.5,99,2536407,65.28073171
Mongolia,MNG,2006,49.39475912,50.60524088,29.08683239,3.659920639,19.96,6.868,2.1,-11934,8.556234817,1329.891796,1.205483314,28.9,99,2567168,65.90219512
Mongolia,MNG,2007,49.43710923,50.56289077,28.4898324,3.714485487,21.889,6.655,2.3,-15220,10.24801636,1627.687877,1.341938467,26.6,95,2601850,66.59341463
Mongolia,MNG,2008,49.48227772,50.51772228,28.09217499,3.758316809,23.899,6.555,2.6,-17277,8.900367941,2127.426786,1.576795221,24.4,96,2643201,67.24609756
Mongolia,MNG,2009,49.52975751,50.47024249,27.91213908,3.786572449,24.816,6.654,2.8,-15007,-1.268598936,1703.327568,1.79649232,22.5,95,2691115,67.96902439
Mongolia,MNG,2010,49.57164515,50.42835485,27.93874448,3.799470118,23.1,6.7,2.4,-6444,6.365161679,2625.218814,1.749926831,20.8,96,2738622,68.50560976
Mongolia,MNG,2011,49.56354426,50.43645574,28.01298494,3.796854159,25.1,6.9,2.6,-505,17.29077759,3736.042015,1.72657779,19.4,99,2786317,69.10926829
Mongolia,MNG,2012,49.52099101,50.47900899,28.13371614,3.790021603,26,6.3,2.7,351,12.31981985,4328.890019,1.897952145,18.2,99,2839705,69.5002439
Mongolia,MNG,2013,49.50537891,50.49462109,28.4503155,3.792620343,27.5,5.9,3,1505,11.64891619,4340.143105,2.066947081,17.3,98,2899011,70.09804878
Mongolia,MNG,2014,49.52475732,50.47524268,28.93389497,3.807759492,28,5.7,3.1,2921,7.885225482,4126.239758,2.187076054,16.5,99,2963113,70.58317073
Mongolia,MNG,2015,49.57525974,50.42474026,29.53194925,3.83803196,27.1,5.8,3,4307,2.379835807,3838.92127,2.128669517,15.7,99,3026864,70.8102439
Mongolia,MNG,2016,49.65106348,50.34893652,30.20671781,3.885130024,25.9,5.8,3,5633,1.489784487,3619.900264,2.027369576,15,99,3088856,70.22390244
Mongolia,MNG,2017,49.74725902,50.25274098,30.90481657,3.953982201,23.9,5.5,2.8,6831,5.636876387,3645.967087,1.925778838,14.2,99,3148917,70.54341463
Mongolia,MNG,2018,49.85863587,50.14136413,31.60536363,4.049570888,24.5,5.6,2.9,7811,7.74488062,4107.642885,1.864801928,13.5,99,3208189,70.82707317
Mongolia,MNG,2019,49.979286,50.020714,32.30506911,4.17415725,24.4,5.6,3,8660,5.602244221,4347.546103,1.837150731,12.8,98,3267673,71.05317073
Mongolia,MNG,2020,50.01633349,49.98366651,32.76579406,4.306357859,23.4,5.1,2.9,0,-4.557751976,4001.251931,1.805420087,12.2,96,3327204,71.34902439
Mongolia,MNG,2021,49.97290155,50.02709845,32.92075813,4.434923888,21.6,6.2,2.8,0,1.636769577,4517.61578,1.684959051,11.8,95,3383741,71.64512195
Mongolia,MNG,2022,49.93318104,50.06681896,32.88477753,4.616341038,19.5,5.6,2.7,0,5.032709637,4993.514875,1.46704738,11.6,95,3433748,71.90073171
Mongolia,MNG,2023,49.89202878,50.10797122,32.63747175,4.863600901,19,5.5,2.7,0,7.422112762,5838.631081,1.370888669,11.4,96,3481145,72.12243902
Mongolia,MNG,2024,49.85731714,50.14268286,32.19329946,5.137647675,,,,83,5.122045391,6750.630116,1.245902995,,96,3524788,
Montenegro,MNE,2000,47.99540835,52.00459165,21.93636485,11.09330197,15.2,9,1.903,-3734,3.100000059,1627.065119,-0.027974019,12.7,,604950,73.39680488
Montenegro,MNE,2001,47.89681225,52.10318775,21.54588945,11.44503629,14.6,8.9,1.855,-3511,1.099838709,1909.598702,0.402363248,12.2,,607389,73.58019512
Montenegro,MNE,2002,47.80202788,52.19797212,21.18832409,11.8067932,13.9,9,1.813,-3357,1.903936733,2106.635068,0.400750772,11.5,,609828,73.96521951
Montenegro,MNE,2003,47.72783592,52.27216408,20.86362844,12.18638502,13.6,9.3,1.804,-3178,2.482659229,2789.159065,0.399151169,10.8,,612267,74.05573171
Montenegro,MNE,2004,47.73610539,52.26389461,20.5972827,12.55677483,12.8,9.3,1.734,-1997,4.426050717,3380.165121,0.177216476,10.1,,613353,74.20560976
Montenegro,MNE,2005,47.80656446,52.19343554,20.36030282,12.8792682,12,9.5,1.69,-2247,4.180604509,3674.617924,0.147929262,9.3,,614261,73.98292683
Montenegro,MNE,2006,47.86951919,52.13048081,20.10969109,13.11741664,12.3,9.7,1.73,-2735,8.56641803,4418.849515,0.124299813,8.5,90,615025,73.83902439
Montenegro,MNE,2007,47.92825138,52.07174862,19.85100536,13.25400215,12.7,9.7,1.8,-3056,7.137550165,5971.84639,0.138110348,7.8,92,615875,74.33902439
Montenegro,MNE,2008,47.98615775,52.01384225,19.6206177,13.32665449,13.4,9.3,1.89,-3326,6.898600309,7359.95119,0.177475867,7,95,616969,75.13658537
Montenegro,MNE,2009,48.03996597,51.96003403,19.42729519,13.35641862,14,9.5,1.98,-3456,-5.994448625,6700.114051,0.214529296,6.3,92,618294,75.14390244
Montenegro,MNE,2010,48.08460214,51.91539786,19.22491866,13.31957471,12,9.1,1.7,-2276,2.775597825,6678.639308,0.183239906,5.7,94,619428,75.9902439
Montenegro,MNE,2011,48.11550085,51.88449915,19.00456386,13.32529882,11.6,9.4,1.65,0,3.409788125,7265.516687,0.147930334,5.1,95,620345,76.08292683
Montenegro,MNE,2012,48.13618714,51.86381286,18.82714588,13.47468195,12,9.5,1.72,-1583,-2.48732883,6552.480717,0.17281885,4.6,94,621418,76.3
Montenegro,MNE,2013,48.152962,51.847038,18.71052309,13.69396046,12,9.5,1.73,-2478,3.386125485,7102.778829,0.187941422,4.2,94,622587,76.4902439
Montenegro,MNE,2014,48.16686095,51.83313905,18.64936159,14.00355256,12.1,9.6,1.75,-4357,2.370308925,7342.173395,0.185665017,3.8,91,623744,76.33902439
Montenegro,MNE,2015,48.17653277,51.82346723,18.60796472,14.42047616,11.8,10.1,1.7,-4863,2.52306334,6421.003073,0.145306599,3.5,89,624651,76.60243902
Montenegro,MNE,2016,48.18181236,51.81818764,18.55310826,14.82582657,12.1,10.3,1.8,-5274,3.439305621,6968.015394,0.112319652,3.2,89,625353,76.54146341
Montenegro,MNE,2017,48.18025102,51.81974898,18.49193736,15.23785565,11.9,10.4,1.8,-4948,3.216685047,7674.281394,0.10053264,3,87,625982,76.68536585
Montenegro,MNE,2018,48.17779972,51.82220028,18.43551831,15.70806843,11.6,10.4,1.8,-5058,4.732921134,8673.591281,0.072819026,2.8,86,626438,77.88536585
Montenegro,MNE,2019,48.17163587,51.82836413,18.41714398,16.20131232,11.5,10.5,1.8,-4083,4.393915658,8749.023752,0.050271668,2.6,87,626753,76.68292683
Montenegro,MNE,2020,48.14749627,51.85250373,18.43807315,16.64067705,11.3,11.6,1.75,-3310,-14.9926187,7538.53636,-0.026010438,2.5,84,626590,75.93170732
Montenegro,MNE,2021,48.11989733,51.88010267,18.48669497,16.91287827,11.3,14.6,1.75,-2344,13.04626074,9317.155201,-0.245597311,2.3,83,625053,73.82439024
Montenegro,MNE,2022,48.11274095,51.88725905,18.47140027,17.1459251,11.3,11.3,1.8,26332,7.739546895,10024.54356,-0.234174139,2.2,80,623591,76.18780488
Montenegro,MNE,2023,48.12051437,51.87948563,18.33274932,17.46612748,11.2,10.1,1.74,12000,6.478362835,12259.8775,-0.009942908,2.1,81,623529,77.58780488
Montenegro,MNE,2024,48.13000897,51.86999103,18.12684374,17.83208049,,,,-1686,3.164098863,13263.32813,-0.000641512,,81,623525,
Morocco,MAR,2000,50.13722303,49.86277697,34.03504302,4.32319661,22.689,6.458,2.774,-67569,2.582180915,1499.107422,1.403926301,45.2,95,28423435,66.794
Morocco,MAR,2001,50.16606488,49.83393512,33.49594221,4.408416658,22.087,6.379,2.686,-63967,7.721825196,1506.245239,1.366971448,43.5,96,28814643,67.2
Morocco,MAR,2002,50.1937726,49.8062274,32.94743092,4.497558518,21.6,6.32,2.617,-67802,3.730197375,1596.02063,1.322138168,41.9,94,29198142,67.582
Morocco,MAR,2003,50.21609043,49.78390957,32.39272736,4.587849371,21.589,6.282,2.606,-84460,6.17110215,1941.872559,1.270310816,40.2,91,29571415,67.958
Morocco,MAR,2004,50.22213121,49.77786879,31.82239045,4.665252686,21.686,6.27,2.611,-66749,4.571380165,2183.55542,1.282190216,38.5,97,29953018,68.272
Morocco,MAR,2005,50.22843294,49.77156706,31.24286024,4.733230727,21.818,6.195,2.613,-59024,3.19224973,2242.988281,1.343473016,36.7,98,30358144,68.748
Morocco,MAR,2006,50.24999531,49.75000469,30.7015193,4.81319085,21.858,6.155,2.611,-72364,7.79082001,2438.126465,1.351365506,34.9,97,30771178,69.157
Morocco,MAR,2007,50.27438503,49.72561497,30.22358287,4.907614097,21.922,6.097,2.618,-73759,3.441067767,2755.585938,1.340581014,33.1,95,31186468,69.62
Morocco,MAR,2008,50.30041193,49.69958807,29.81396404,4.997002778,21.859,6.047,2.612,-78912,5.684539363,3183.200439,1.338696045,31.4,99,31606767,70.051
Morocco,MAR,2009,50.3283904,49.6716096,29.47560156,5.077410233,21.913,6.01,2.624,-82203,3.745769401,3119.588623,1.332600982,29.7,99,32030778,70.454
Morocco,MAR,2010,50.35453059,49.64546941,29.2048125,5.162106754,21.871,5.984,2.629,-70510,3.499557094,3067.985352,1.352742862,28.2,99,32467016,70.821
Morocco,MAR,2011,50.37619802,49.62380198,28.97596246,5.260974999,21.506,5.91,2.595,-67447,5.524645233,3301.98877,1.36305169,26.7,99,32912588,71.263
Morocco,MAR,2012,50.39422141,49.60577859,28.7487905,5.373920018,20.978,5.847,2.543,-65251,3.062343685,3164.177246,1.335971286,25.3,99,33355241,71.674
Morocco,MAR,2013,50.41052522,49.58947478,28.51193713,5.496109797,20.341,5.771,2.478,-67096,4.122212869,3379.743164,1.287810153,24,99,33787571,72.117
Morocco,MAR,2014,50.42753089,49.57246911,28.28480844,5.635436041,19.787,5.716,2.425,-72065,2.71924408,3435.406982,1.227238741,22.7,99,34204780,72.522
Morocco,MAR,2015,50.44683842,49.55316158,28.06714487,5.802137875,19.488,5.686,2.406,-81248,4.344582976,3146.247803,1.170756399,21.6,99,34607588,72.894
Morocco,MAR,2016,50.45891672,49.54108328,27.84203558,5.995544558,19.224,5.672,2.396,-39302,0.521185506,3140.855469,1.194507263,20.5,99,35023457,73.228
Morocco,MAR,2017,50.4651362,49.5348638,27.62758478,6.215429486,18.918,5.63,2.375,-60472,5.057898162,3296.526611,1.200343364,19.6,99,35446392,73.608
Morocco,MAR,2018,50.47821332,49.52178668,27.43303248,6.458479354,18.573,5.616,2.354,-88159,3.06564133,3501.697998,1.103642101,18.7,99,35839760,73.946
Morocco,MAR,2019,50.49452655,49.50547345,27.23159337,6.720202023,18.258,5.629,2.342,-91217,2.890974761,3508.097656,1.030223159,18,99,36210898,74.245
Morocco,MAR,2020,50.49109714,49.50890286,26.99913854,6.97052127,17.85,6.479,2.32,-35474,-7.178207442,3268.030273,1.025654864,17.3,99,36584208,73.133
Morocco,MAR,2021,50.47673836,49.52326164,26.72733055,7.218416297,17.458,6.422,2.288,-47902,8.154738898,3785.936279,1.006918479,16.6,98,36954442,73.385
Morocco,MAR,2022,50.463407,49.536593,26.40429854,7.509813265,17.035,5.572,2.256,-38594,1.812692422,3463.137695,1.008636227,16,98,37329064,75.161
Morocco,MAR,2023,50.44276163,49.55723837,26.0351984,7.82574109,16.701,5.638,2.23,-39650,3.65564411,3813.726074,1.021951812,15.5,97,37712505,75.313
Morocco,MAR,2024,50.4239247,49.5760753,25.63290789,8.138652924,,,,-46802,3.79336516,4153.194336,0.972827595,,96,38081173,
Mozambique,MOZ,2000,48.30598799,51.69401201,45.05717636,2.701132854,43.583,15.664,5.83,-104476,0.766234956,327.1262398,2.203665172,106.1,70,18129653,49.476
Mozambique,MOZ,2001,48.25950903,51.74049097,45.14671673,2.68347865,43.073,15.044,5.755,-105130,12.85168202,304.7921386,2.225917569,100.1,73,18537729,50.259
Mozambique,MOZ,2002,48.21659472,51.78340528,45.21521612,2.675991429,42.473,14.524,5.667,-103102,9.668505347,313.8866617,2.243577403,94.5,76,18958338,50.879
Mozambique,MOZ,2003,48.1807299,51.8192701,45.26714615,2.669594778,41.971,14.074,5.6,-99484,7.217700866,339.4887378,2.264126947,89.5,85,19392475,51.383
Mozambique,MOZ,2004,48.15168491,51.84831509,45.31142225,2.665973566,41.638,13.666,5.551,-100824,8.204704948,400.0569732,2.283077372,84.6,83,19840313,51.855
Mozambique,MOZ,2005,48.12986181,51.87013819,45.34638977,2.666298901,41.356,13.277,5.5,-95770,6.31202378,436.7738562,2.313005667,80.2,80,20304569,52.322
Mozambique,MOZ,2006,48.11543339,51.88456661,45.37215208,2.671177608,41.117,12.926,5.452,-95333,9.910677568,457.4876478,2.3486042,75.7,78,20787087,52.748
Mozambique,MOZ,2007,48.1037654,51.8962346,45.41202205,2.680109838,41.268,12.57,5.466,-100490,7.649353938,507.8749239,2.379441111,69.7,75,21287635,53.255
Mozambique,MOZ,2008,48.09435211,51.90564789,45.49550906,2.689775112,42.277,12.261,5.598,-102534,6.878029426,592.1591112,2.465641206,67,75,21819036,53.799
Mozambique,MOZ,2009,48.08975808,51.91024192,45.62344171,2.697241834,42.908,11.929,5.681,-100625,5.928971875,547.6971442,2.590956438,63.7,74,22391745,54.4
Mozambique,MOZ,2010,48.0904691,51.9095309,45.75838283,2.702179007,42.806,11.543,5.66,-97079,6.679729357,496.1858394,2.676859035,63.5,74,22999235,55.04
Mozambique,MOZ,2011,48.10667563,51.89332437,45.83766596,2.704044338,42.454,11.108,5.599,-63638,7.134058423,618.1764929,2.786152536,59.7,77,23649039,55.733
Mozambique,MOZ,2012,48.13497266,51.86502734,45.85590389,2.706521302,42.019,10.665,5.518,-63131,7.994503161,685.6857482,2.871010748,57.5,80,24337846,56.46
Mozambique,MOZ,2013,48.1640522,51.8359478,45.84100001,2.715464087,41.554,10.233,5.43,-57067,6.571413897,686.5056725,2.89055495,56.1,82,25051611,57.189
Mozambique,MOZ,2014,48.19456366,51.80543634,45.78261219,2.728360246,40.792,9.779,5.304,-53625,7.702568448,697.1426804,2.898954986,54.8,85,25788475,57.965
Mozambique,MOZ,2015,48.22515414,51.77484586,45.69237545,2.742444719,40.426,9.371,5.245,-52374,7.393093699,610.5637747,2.901060671,53.8,85,26547572,58.711
Mozambique,MOZ,2016,48.25796105,51.74203895,45.5899362,2.759090671,40.093,8.984,5.188,-43398,4.696990242,441.4897348,2.930664347,52.9,85,27337105,59.455
Mozambique,MOZ,2017,48.29771252,51.70228748,45.47487771,2.776631662,39.755,8.633,5.128,-25043,2.638207373,470.9385631,2.988459279,51.5,85,28166393,60.148
Mozambique,MOZ,2018,48.33357479,51.66642521,45.37248802,2.793984743,39.448,8.324,5.07,-50224,3.484932024,517.5072603,2.98089903,50.6,85,29018644,60.79
Mozambique,MOZ,2019,48.36070722,51.63929278,45.28647072,2.80919999,39.117,8.078,5.016,-49080,2.317813948,519.0925509,2.93974159,49.7,85,29884380,61.306
Mozambique,MOZ,2020,48.39067041,51.60932959,45.18442365,2.811069941,38.736,8.007,4.959,-25864,-1.2195225,462.4338765,2.964900343,49.1,71,30783688,61.39
Mozambique,MOZ,2021,48.42445545,51.57554455,45.07937952,2.790641419,38.403,8.403,4.905,-23103,2.377435728,509.9078295,2.95777681,47.7,56,31707800,60.268
Mozambique,MOZ,2022,48.455689,51.544311,44.95332225,2.773098904,37.99,7.255,4.84,-34936,4.364450744,578.2516638,2.947343171,46.5,55,32656246,63.011
Mozambique,MOZ,2023,48.48289553,51.51710447,44.75486515,2.766769951,37.486,7.002,4.763,-36276,5.481490365,622.0002977,2.95358093,45.4,70,33635160,63.611
Mozambique,MOZ,2024,48.5163881,51.4836119,44.47908894,2.753743485,,,,-38940,2.148549646,656.7768246,2.919940494,,70,34631766,
Myanmar,MMR,2000,50.04434119,49.95565881,31.79670477,5.000860991,23.164,9.983,2.813,-106772,13.74593056,196.6195806,1.11707426,73.9,82,45290841,60.357
Myanmar,MMR,2001,50.03016202,49.96983798,31.36600699,5.035004755,23.06,9.918,2.793,-131124,11.34399707,141.5256607,1.054891304,72.3,73,45771139,60.64
Myanmar,MMR,2002,50.01647321,49.98352679,31.01271411,5.065156006,22.892,9.852,2.765,-150232,12.02551343,146.5983904,1.003258368,70.5,79,46232653,60.925
Myanmar,MMR,2003,50.00333639,49.99666361,30.70999677,5.091784878,22.252,9.777,2.68,-165739,13.84399689,224.2926889,0.935506769,68.8,78,46667192,61.196
Myanmar,MMR,2004,49.99084319,50.00915681,30.40290779,5.114516211,21.531,9.708,2.588,-169736,13.56466162,224.5088114,0.856837525,66.9,82,47068772,61.443
Myanmar,MMR,2005,49.97901277,50.02098723,30.07077816,5.13423576,20.966,9.637,2.515,-185009,13.56895002,252.6851931,0.782152324,65,73,47438365,61.72
Myanmar,MMR,2006,49.96763847,50.03236153,29.72497902,5.152602319,20.599,9.567,2.471,-186098,13.07610138,303.4950871,0.728331836,62.9,82,47785135,62.026
Myanmar,MMR,2007,49.95720835,50.04279165,29.37450778,5.171402133,20.373,9.49,2.447,-184989,11.99143524,419.3757807,0.708807825,60.8,86,48125043,62.367
Myanmar,MMR,2008,49.96692656,50.03307344,28.99590291,5.185672353,19.993,12.279,2.404,-180533,10.25530539,658.4424872,0.550688224,70.8,85,48390793,56.364
Myanmar,MMR,2009,49.97633089,50.02366911,28.61033843,5.207094327,19.681,9.3,2.369,-158542,10.5500091,758.4429358,0.555720176,56.4,90,48660459,63.095
Myanmar,MMR,2010,49.96622191,50.03377809,28.24479766,5.244734141,19.365,9.212,2.335,-116481,9.634439452,1010.534173,0.745099608,54.2,90,49024382,63.479
Myanmar,MMR,2011,49.95532764,50.04467236,27.87307299,5.290080984,19.086,9.125,2.306,-82713,5.591482378,1213.628987,0.803379211,52.1,84,49419820,63.859
Myanmar,MMR,2012,49.94416447,50.05583553,27.50181861,5.340588681,18.819,9.043,2.276,-61536,7.332670447,1202.665896,0.841507088,50,84,49837446,64.251
Myanmar,MMR,2013,49.93382662,50.06617338,27.14542004,5.39638498,18.684,8.982,2.264,-62863,8.426001025,1199.095616,0.849578653,48.1,75,50262658,64.617
Myanmar,MMR,2014,49.92329371,50.07670629,26.8121873,5.490747452,18.551,8.92,2.252,-74901,8.169907456,1293.000423,0.830118073,46.3,88,50681634,64.994
Myanmar,MMR,2015,49.91203889,50.08796111,26.50265672,5.629857455,18.608,8.904,2.266,-94108,6.99284029,1166.733055,0.800670953,44.6,89,51089056,65.288
Myanmar,MMR,2016,49.90097425,50.09902575,26.20574543,5.78481355,18.561,8.861,2.27,-87907,5.862472915,1229.197135,0.792792539,43.1,90,51495696,65.64
Myanmar,MMR,2017,49.89036599,50.10963401,25.9085443,5.951302033,18.341,8.855,2.252,-105415,6.136108244,1272.822418,0.772302033,41.6,89,51894938,65.909
Myanmar,MMR,2018,49.8798569,50.1201431,25.62595334,6.129718377,18.054,8.827,2.228,-114598,6.268862215,1298.213103,0.724432843,40.2,91,52272247,66.232
Myanmar,MMR,2019,49.86882017,50.13117983,25.37409115,6.318253136,17.774,8.847,2.206,-100783,6.579110068,1425.989542,0.702425163,38.9,90,52640713,66.457
Myanmar,MMR,2020,49.85464625,50.14535375,25.1457482,6.507815682,17.456,8.994,2.179,-66213,-9.04834718,1490.216836,0.711376906,37.6,84,53016522,66.612
Myanmar,MMR,2021,49.83647923,50.16352077,24.93630484,6.686449285,17.201,9.819,2.158,-35370,-12.01637248,1242.721344,0.696558039,36.4,37,53387102,65.553
Myanmar,MMR,2022,49.81571258,50.18428742,24.72809131,6.877161326,16.912,9.18,2.131,-34988,4.037493436,1158.050051,0.690074759,35.2,71,53756787,66.506
Myanmar,MMR,2023,49.7955741,50.2044259,24.51572606,7.089149805,16.696,9.153,2.115,-34989,0.958446625,1233.196662,0.698879396,34.1,71,54133798,66.889
Myanmar,MMR,2024,49.77760679,50.22239321,24.30053007,7.304426336,,,,-37979,-0.972046414,1359.050016,0.674364863,,71,54500091,
Namibia,NAM,2000,48.23849818,51.76150182,41.52188413,3.144947865,31.612,12.213,3.991,5709,3.492183364,2156.675905,2.352198772,45.9,79,1818647,52.946
Namibia,NAM,2001,48.24350259,51.75649741,41.28932047,3.137964124,30.481,12.742,3.827,2869,1.177948695,1915.589266,2.089531215,44.5,78,1857048,51.98
Namibia,NAM,2002,48.26846549,51.73153451,40.96026896,3.14057812,29.636,12.733,3.693,-1913,4.788661219,1772.075655,1.757282575,43.5,77,1889970,51.988
Namibia,NAM,2003,48.29673376,51.70326624,40.52961112,3.153306438,29.028,12.801,3.58,-6153,4.239794296,2569.247393,1.444252371,42.6,79,1917464,51.918
Namibia,NAM,2004,48.31557061,51.68442939,40.01514869,3.175200635,28.918,12.71,3.545,-7192,12.2695481,3403.154962,1.275711385,41.5,81,1942082,52.175
Namibia,NAM,2005,48.32941028,51.67058972,39.37866292,3.203299736,29.316,12.582,3.571,-8195,2.529262658,3685.773,1.253641698,38.4,86,1966582,52.557
Namibia,NAM,2006,48.33785835,51.66214165,38.68273183,3.236829389,29.734,12.318,3.601,-8792,7.073175318,4017.183472,1.278592221,36.8,86,1991888,53.183
Namibia,NAM,2007,48.33899732,51.66100268,38.05875359,3.276255821,29.979,11.932,3.608,-8905,5.374044152,4379.043137,1.332126914,38.4,86,2018600,54.026
Namibia,NAM,2008,48.33477931,51.66522069,37.52909056,3.320720098,30.265,11.63,3.616,-8775,2.649812038,4204.785554,1.399846159,40.7,83,2047056,54.74
Namibia,NAM,2009,48.33004636,51.66995364,37.10943545,3.368620341,30.616,11.389,3.633,-8626,0.295970914,4302.913741,1.471156017,43.1,83,2077394,55.347
Namibia,NAM,2010,48.32740942,51.67259058,36.82309383,3.418387576,31.006,11.077,3.657,-8518,6.03924948,5418.216334,1.548414643,42.7,83,2109811,56.093
Namibia,NAM,2011,48.32884116,51.67115884,36.68144386,3.463944184,31.142,10.848,3.658,-4067,5.091338139,5834.791768,1.715870727,44.4,82,2146325,56.647
Namibia,NAM,2012,48.36489032,51.63510968,36.63914676,3.490436306,31.352,10.299,3.676,10957,5.06168207,5942.64681,2.226732583,48,84,2194654,57.733
Namibia,NAM,2013,48.42915028,51.57084972,36.60622662,3.50171975,31.177,9.956,3.653,10748,5.614719623,5346.621311,2.601985898,47.6,89,2252508,58.468
Namibia,NAM,2014,48.4904238,51.5095762,36.54822148,3.516701097,31.011,9.567,3.635,11134,6.09251916,5378.323262,2.612880801,46.9,88,2312139,59.311
Namibia,NAM,2015,48.54689803,51.45310197,36.50838911,3.533421121,30.668,9.253,3.604,12755,4.264174538,4774.106509,2.652958709,47.5,92,2374300,60.008
Namibia,NAM,2016,48.59833889,51.40166111,36.54391806,3.544524402,30.31,8.898,3.574,14002,0.03379445,4395.687762,2.697278909,47.6,85,2439213,60.81
Namibia,NAM,2017,48.64613123,51.35386877,36.66658954,3.552122921,29.652,8.52,3.511,16080,-1.027248089,5143.960723,2.735273534,46.3,88,2506853,61.661
Namibia,NAM,2018,48.69048437,51.30951563,36.82857023,3.560491851,29.067,8.127,3.462,17920,1.059939499,5308.608134,2.772463372,45.7,89,2577327,62.579
Namibia,NAM,2019,48.72782206,51.27217794,36.9756851,3.570994016,28.386,7.722,3.404,19676,-0.839152163,4731.921032,2.799322236,44.6,87,2650494,63.546
Namibia,NAM,2020,48.75969396,51.24030604,37.13948617,3.575211685,27.687,7.519,3.349,27056,-8.101402014,3878.58983,2.910198877,43.1,93,2728762,64.071
Namibia,NAM,2021,48.79471904,51.20528096,37.35476807,3.545287884,27.022,9.175,3.303,31327,3.603829192,4412.835569,2.953145564,41.6,94,2810548,60.85
Namibia,NAM,2022,48.82640253,51.17359747,37.47288827,3.523214216,26.343,7.471,3.248,22212,5.39872478,4349.799085,2.776005814,39.7,84,2889662,64.19
Namibia,NAM,2023,48.83776968,51.16223032,37.29232441,3.571181484,25.89,6.169,3.212,11675,4.442806003,4187.605004,2.509478991,38.4,83,2963095,67.385
Namibia,NAM,2024,48.83638656,51.16361344,36.97973784,3.672960014,,,,4211,3.711545024,4413.127522,2.237152273,,74,3030131,
Nauru,NRU,2000,51.76551588,48.23448412,38.89845095,1.622817802,28.238,7.896,3.543,-236,-6.856193465,2648.601529,-0.186686372,37.5,44,10168,59.574
Nauru,NRU,2001,51.72754195,48.27245805,38.53215537,1.549775431,27.945,7.917,3.461,-252,-6.76108887,2232.30874,-0.374421563,36.1,95,10130,59.482
Nauru,NRU,2002,51.69130047,48.30869953,38.19868075,1.463075931,27.752,7.885,3.4,-247,-9.971383553,2084.648245,-0.47496626,34.7,80,10082,59.427
Nauru,NRU,2003,51.64048519,48.35951481,37.72243762,1.446465851,27.884,7.877,3.388,-199,0.284656862,2463.282591,-0.228389951,33.4,80,10059,59.359
Nauru,NRU,2004,51.57057654,48.42942346,37.12723658,1.476143141,28.1,7.997,3.378,-210,-4.314826505,3040.513499,0.009940852,32.3,80,10060,59.346
Nauru,NRU,2005,51.43795403,48.56204597,36.57577868,1.477758981,28.451,8.098,3.377,-217,0,2992.403828,-0.10940376,31.2,80,10049,59.361
Nauru,NRU,2006,51.33060899,48.66939101,36.0791349,1.494991778,29.076,8.178,3.4,-224,8.450704225,2910.141458,-0.1493801,30.1,72,10034,59.409
Nauru,NRU,2007,51.23752495,48.76247505,35.71357285,1.506986028,30.408,8.244,3.504,-235,-22.07792208,2272.152913,-0.139623041,28.9,99,10020,59.49
Nauru,NRU,2008,51.14885115,48.85114885,35.58119786,1.483590589,32.27,8.248,3.665,-243,20,3756.845312,-0.109840742,27.5,99,10009,59.675
Nauru,NRU,2009,51.07827476,48.92172524,35.78773962,1.422723642,34.272,8.232,3.847,-249,-5.555555556,4410.567647,0.069912612,26,99,10016,59.852
Nauru,NRU,2010,51.06044011,48.93955989,36.30887185,1.339241263,36.097,8.156,4.019,-246,0,4735.920005,0.269206005,24.4,99,10043,60.074
Nauru,NRU,2011,51.11419233,48.88580767,37.07848477,1.272592226,36.803,8.021,4.117,-206,14.70588235,6444.036421,0.546151003,22.7,99,10098,60.287
Nauru,NRU,2012,51.16392325,48.83607675,37.71306126,1.271062628,36.144,7.783,4.115,-38,24.35897436,9842.770327,1.659748388,21,79,10267,60.533
Nauru,NRU,2013,51.15527242,48.84472758,37.99087192,1.331178093,35.342,7.692,4.098,-53,4.12371134,8974.518869,2.405812722,19.3,87,10517,60.701
Nauru,NRU,2014,51.14027739,48.85972261,38.16616244,1.377705376,34.687,7.642,4.085,-69,15.84158416,9230.054403,2.116829595,17.7,95,10742,60.834
Nauru,NRU,2015,51.15026474,48.84973526,38.24173818,1.497169984,34.223,7.64,4.075,-86,3.418803419,7747.25585,1.954339488,16.2,91,10954,60.897
Nauru,NRU,2016,51.14360032,48.85639968,38.15695067,1.66367713,33.578,7.628,4.027,-105,4.132231405,8748.156326,1.773481154,14.8,97,11150,60.996
Nauru,NRU,2017,51.14800424,48.85199576,37.9636171,1.788237372,32.241,7.608,3.879,-115,-6.349206349,9656.979766,1.548486934,13.5,87,11324,61.101
Nauru,NRU,2018,51.18487541,48.81512459,37.62143324,1.925506426,30.66,7.578,3.683,-131,-0.847457627,11413.7463,1.342066545,12.3,90,11477,61.238
Nauru,NRU,2019,51.15215328,48.84784672,37.59385518,2.041080521,29.581,7.573,3.531,-171,8.547008547,10801.77057,0.953874732,11.2,96,11587,61.393
Nauru,NRU,2020,51.01777892,48.98222108,37.99278536,2.117151937,28.662,7.552,3.466,-214,1.57480315,10709.06881,0.482136104,10.3,95,11643,61.527
Nauru,NRU,2021,50.93098736,49.06901264,38.27561174,2.220608959,27.787,7.661,3.425,-137,7.751937984,14979.0999,0.565263581,9.5,98,11709,61.331
Nauru,NRU,2022,50.92788747,49.07211253,38.32302347,2.431997288,26.613,7.472,3.379,-144,2.877697842,12911.90864,0.782649678,8.8,99,11801,61.93
Nauru,NRU,2023,50.93052632,49.06947368,38.18105263,2.677894737,25.505,7.519,3.331,-148,0.699300699,12752.47239,0.625107628,8.3,99,11875,62.109
Nauru,NRU,2024,50.91243931,49.08756069,37.7767547,2.850207174,,,,-121,1.388888889,13609.15884,0.604485091,,99,11947,
Nepal,NPL,2000,50.35752334,49.64247666,40.94925881,3.815723857,30.959,8.369,3.984,-147193,6.199999982,223.8302892,1.731274864,61.8,74,24546509,62.642
Nepal,NPL,2001,50.27278906,49.72721094,40.71524473,3.854576556,29.777,8.046,3.793,-148973,4.799892143,240.7951145,1.617382848,58.8,72,24946748,63.288
Nepal,NPL,2002,50.17624278,49.82375722,40.41174416,3.905196581,28.641,7.912,3.604,-153730,0.120143177,238.891403,1.520576121,55.9,72,25328981,63.507
Nepal,NPL,2003,50.06631695,49.93368305,40.04621516,3.967134107,27.732,7.623,3.439,-168314,3.945037761,246.4297066,1.410423007,53.3,78,25688758,64.229
Nepal,NPL,2004,49.94458166,50.05541834,39.63695795,4.03430979,26.837,7.432,3.279,-197336,4.682603252,279.58775,1.268348401,50.9,80,26016656,64.744
Nepal,NPL,2005,49.81066694,50.18933306,39.17623274,4.120504877,25.837,7.247,3.115,-211024,3.479181048,309.0241683,1.119154601,48.8,75,26309458,65.275
Nepal,NPL,2006,49.66529239,50.33470761,38.65800827,4.230641976,24.936,7.043,2.967,-241455,3.364614781,340.4317964,0.968206396,46.9,89,26565425,65.891
Nepal,NPL,2007,49.50913997,50.49086003,38.09044384,4.352712351,24.351,7.001,2.857,-252526,3.41156028,385.4497677,0.836183404,45.1,82,26788492,66.169
Nepal,NPL,2008,49.34959519,50.65040481,37.45152702,4.479941987,23.729,6.969,2.737,-261540,6.104639144,464.8173919,0.74954056,43.4,82,26990037,66.442
Nepal,NPL,2009,49.18896619,50.81103381,36.74620514,4.607295516,23.236,6.996,2.63,-266144,4.533078725,473.0787512,0.675732338,41.8,95,27173035,66.6
Nepal,NPL,2010,49.02998147,50.97001853,36.00078853,4.730494283,22.851,7.028,2.541,-269963,4.816414647,585.278492,0.619710468,40.2,93,27341952,66.772
Nepal,NPL,2011,48.86612511,51.13387489,35.29829277,4.861030755,22.653,6.998,2.462,-347552,3.421808701,785.5186562,0.447181721,38.7,92,27464494,67.123
Nepal,NPL,2012,48.68960186,51.31039814,34.7058126,5.011351951,22.651,7.029,2.42,-371707,4.670141924,788.2029371,0.256079255,37.1,90,27534915,67.364
Nepal,NPL,2013,48.50737927,51.49262073,34.17318727,5.179747036,22.458,7.061,2.36,-373064,3.525153171,803.2695954,0.199840752,35.6,92,27589996,67.598
Nepal,NPL,2014,48.34557719,51.65442281,33.63401172,5.343163693,22.39,7.098,2.319,-310156,6.011482843,821.4552249,0.298119921,34.1,92,27672370,67.812
Nepal,NPL,2015,48.2324233,51.7675767,33.04603616,5.482604372,22.141,7.385,2.273,-221062,3.976053272,875.5436355,0.545118125,32.6,91,27823629,67.374
Nepal,NPL,2016,48.11100242,51.88899758,32.50187924,5.625829042,21.943,7.065,2.226,-341748,0.433113719,877.2564547,0.472697719,31.2,87,27955462,68.444
Nepal,NPL,2017,47.94378389,52.05621611,32.05964188,5.787469452,21.572,7.07,2.173,-368787,8.977279356,1034.283749,0.199389989,29.9,90,28011258,68.74
Nepal,NPL,2018,47.78955351,52.21044649,31.62306214,5.946743214,21.122,7.07,2.12,-295151,7.622376104,1179.198432,0.24400028,28.5,91,28079689,69.036
Nepal,NPL,2019,47.86602156,52.13397844,30.93989883,6.048200392,20.648,7.024,2.08,182203,6.657055431,1203.142947,1.183773026,27.3,93,28414064,69.299
Nepal,NPL,2020,48.13328466,51.86671534,30.07598983,6.088524551,20.168,7.272,2.051,162139,-2.369620629,1154.215176,1.925831066,26.1,84,28966574,69.106
Nepal,NPL,2021,48.31227877,51.68772123,29.36092134,6.110869852,19.675,7.761,2.025,130001,4.838149614,1252.750767,1.740024118,25.1,91,29475010,68.385
Nepal,NPL,2022,48.27545186,51.72454814,28.93724326,6.1975197,19.643,6.888,2.002,-379321,5.631314557,1385.910663,0.812385574,24.2,90,29715436,70.087
Nepal,NPL,2023,48.08694438,51.91305562,28.71362752,6.360587709,19.34,6.932,1.984,-409782,1.982548436,1382.330558,-0.070095887,23.3,94,29694614,70.354
Nepal,NPL,2024,47.891301,52.108699,28.42916936,6.503458418,,,,-401282,3.665374307,1447.310045,-0.146800969,,97,29651054,
Netherlands,NLD,2000,49.37043392,50.62956608,18.76841732,13.48077976,13,8.8,1.72,59308,4.219753776,26225.16977,0.714770363,5.1,97,15925513,77.98780488
Netherlands,NLD,2001,49.39167463,50.60832537,18.78737207,13.51857122,12.6,8.7,1.71,56096,2.323575708,26955.7128,0.754840058,5,97,16046180,78.1902439
Netherlands,NLD,2002,49.40553047,50.59446953,18.76226628,13.56866761,12.5,8.8,1.73,28824,0.245785659,29446.53309,0.638291666,4.9,97,16148929,78.29268293
Netherlands,NLD,2003,49.4019886,50.5980114,18.71961553,13.6596873,12.3,8.7,1.75,7937,0.097832364,35896.75046,0.471814399,4.8,98,16225302,78.49268293
Netherlands,NLD,2004,49.38681565,50.61318435,18.64070372,13.81395058,11.9,8.4,1.72,-9230,2.016309962,40611.34144,0.347475412,4.6,98,16281779,79.09512195
Netherlands,NLD,2005,49.36914958,50.63085042,18.49088196,14.01849055,11.5,8.4,1.71,-22496,2.033963362,42165.39617,0.233663148,4.4,96,16319868,79.34634146
Netherlands,NLD,2006,49.3598675,50.6401325,18.29594804,14.23388891,11.3,8.3,1.72,-25401,3.537375097,45123.54324,0.160613669,4.3,96,16346101,79.69756098
Netherlands,NLD,2007,49.35842835,50.64157165,18.09391086,14.45434879,11.1,8.1,1.72,-304,3.885306448,52100.79963,0.217521601,4.1,97,16381696,80.09756098
Netherlands,NLD,2008,49.37299884,50.62700116,17.90243003,14.70462772,11.2,8.2,1.77,32406,2.116815936,58246.70269,0.389292461,4,97,16445593,80.25121951
Netherlands,NLD,2009,49.39712242,50.60287758,17.72930296,14.99309225,11.2,8.1,1.79,39832,-3.665290491,53172.02616,0.514284545,3.9,97,16530388,80.54878049
Netherlands,NLD,2010,49.40766735,50.59233265,17.57938518,15.27907158,11.1,8.2,1.79,33703,1.319320323,51305.73385,0.512923101,3.8,97,16615394,80.70243902
Netherlands,NLD,2011,49.41692081,50.58307919,17.43918497,15.73028624,10.8,8.1,1.76,31224,1.773345163,54701.7728,0.466428782,3.7,97,16693074,81.20487805
Netherlands,NLD,2012,49.42622883,50.57377117,17.27923775,16.33999044,10.5,8.4,1.72,14861,-0.977876878,50473.9442,0.370055035,3.6,97,16754962,81.10487805
Netherlands,NLD,2013,49.43514974,50.56485026,17.08226992,16.88016364,10.2,8.4,1.68,19973,-0.03023256,52602.28605,0.294820793,3.6,97,16804432,81.30487805
Netherlands,NLD,2014,49.45299167,50.54700833,16.86456004,17.35244065,10.4,8.3,1.71,36591,1.612610013,53457.22349,0.359828173,3.5,96,16865008,81.70731707
Netherlands,NLD,2015,49.47988982,50.52011018,16.63824725,17.75669091,10.1,8.7,1.66,55585,2.120605239,45793.81354,0.443220089,3.5,95,16939923,81.5097561
Netherlands,NLD,2016,49.51955841,50.48044159,16.41654693,18.09439727,10.1,8.7,1.66,88743,2.42428573,46808.52915,0.53217888,3.5,95,17030314,81.56097561
Netherlands,NLD,2017,49.5504803,50.4495197,16.21349125,18.42023301,9.9,8.8,1.62,86332,2.781546193,49513.68173,0.591203366,3.5,94,17131296,81.76097561
Netherlands,NLD,2018,49.57096723,50.42903277,16.00021686,18.75100793,9.8,8.9,1.59,87197,2.258740374,53955.077,0.583933409,3.5,93,17231624,81.81219512
Netherlands,NLD,2019,49.59785903,50.40214097,15.79387253,19.0648534,9.8,8.8,1.57,109003,2.300091579,53554.90075,0.655071575,3.5,94,17344874,82.11219512
Netherlands,NLD,2020,49.62026693,50.37973307,15.61955841,19.37039523,9.7,9.7,1.54,67598,-3.867953338,53467.92774,0.55554079,3.5,94,17441500,81.35853659
Netherlands,NLD,2021,49.63593655,50.36406345,15.48697818,19.66180883,10.2,9.8,1.62,106416,6.276830671,60141.98809,0.523490508,3.5,95,17533044,81.3097561
Netherlands,NLD,2022,49.65261373,50.34738627,15.35099627,19.90128304,9.5,9.6,1.49,224472,5.007234552,59123.31856,0.953278923,3.5,93,17700982,81.61463415
Netherlands,NLD,2023,49.66833262,50.33166738,15.17127419,20.1567559,9.2,9.5,1.43,144558,-0.598096167,63515.60308,0.990139687,3.5,92,17877117,81.91463415
Netherlands,NLD,2024,49.67966795,50.32033205,15.02564508,20.49607758,,,,121628,1.081005848,67520.4219,0.64882328,,91,17993485,
New Zealand,NZL,2000,49.09012763,50.90987237,22.76145578,11.75807645,14.66,6.91,1.98,-6604,2.870051088,13641.10272,0.587564086,6,90,3857700,78.63658537
New Zealand,NZL,2001,49.05260161,50.94739839,22.59220597,11.82752031,14.36,7.16,1.97,17793,3.410993122,13882.85683,0.589286035,5.9,90,3880500,78.69268293
New Zealand,NZL,2002,49.0437137,50.9562863,22.3643381,11.83110555,13.67,7.1,1.89,48195,4.713477671,16874.18749,1.737174864,5.8,90,3948500,78.84634146
New Zealand,NZL,2003,49.03906367,50.96093633,22.1052052,11.82249282,13.94,6.95,1.93,42456,4.728042049,21913.70817,1.973558544,5.7,90,4027200,79.14634146
New Zealand,NZL,2004,49.01646975,50.98353025,21.83232223,11.87567651,14.2,6.95,1.98,24521,4.08796484,25420.23488,1.486219082,5.5,89,4087500,79.54878049
New Zealand,NZL,2005,48.98131974,51.01868026,21.53462153,12.02185535,13.96,6.54,1.97,19212,3.352927604,27751.06547,1.12877351,5.5,89,4133900,79.85121951
New Zealand,NZL,2006,48.946422,51.053578,21.27113254,12.22562973,14.14,6.75,2.01,14542,2.779780591,26654.5932,1.21898486,5.4,89,4184600,80.04878049
New Zealand,NZL,2007,48.92019589,51.07980411,21.11239514,12.41725153,15.15,6.75,2.18,3053,3.05641639,32479.98174,0.932407688,5.3,88,4223800,80.15121951
New Zealand,NZL,2008,48.90789744,51.09210256,21.02160953,12.57940262,15.1,6.85,2.19,4804,-1.017038469,31324.7398,0.848701402,5.3,89,4259800,80.35121951
New Zealand,NZL,2009,48.90518885,51.09481115,20.94484962,12.75540715,14.53,6.73,2.13,12700,-0.037466112,28276.72554,0.999728031,5.2,92,4302600,80.70243902
New Zealand,NZL,2010,48.89881479,51.10118521,20.86276173,12.98321749,14.68,6.53,2.17,6722,1.458636349,33761.90096,1.111726056,5.2,93,4350700,80.90487805
New Zealand,NZL,2011,48.88913227,51.11086773,20.76007703,13.2934135,14,6.86,2.09,-2196,2.093496217,38431.77668,0.762479795,5.1,95,4384000,81.15609756
New Zealand,NZL,2012,48.88602427,51.11397573,20.62212631,13.69321844,13.87,6.82,2.1,-1015,2.366306647,40053.69915,0.548220797,5,93,4408100,81.40731707
New Zealand,NZL,2013,48.93044244,51.06955756,20.42697432,14.08642768,13.2,6.65,2.01,26385,2.58954199,43000.46468,0.768347998,4.9,92,4442100,81.40487805
New Zealand,NZL,2014,49.06312936,50.93687064,20.16623764,14.36917848,12.67,6.87,1.92,57974,3.826384918,44618.26697,1.661012001,4.8,93,4516500,81.45682927
New Zealand,NZL,2015,49.23748854,50.76251146,19.87837528,14.55535932,13.23,6.85,1.99,70870,3.690369084,38665.3723,2.036033909,4.7,92,4609400,81.61243902
New Zealand,NZL,2016,49.38469957,50.61530043,19.63208173,14.71130087,12.6,6.61,1.87,75512,3.779110684,40113.71954,2.2460321,4.6,92,4714100,81.65853659
New Zealand,NZL,2017,49.49669129,50.50330871,19.45337298,14.86855284,12.38,6.92,1.81,68349,3.378732195,42950.38417,2.088722723,4.5,94,4813600,81.85853659
New Zealand,NZL,2018,49.57850152,50.42149848,19.31285551,15.05788693,11.84,6.78,1.71,59139,3.470582039,43257.07692,1.791240168,4.4,93,4900600,81.70731707
New Zealand,NZL,2019,49.62539606,50.37460394,19.1661226,15.30161177,11.96,6.87,1.72,69770,2.31747144,42855.83186,1.412255386,4.3,92,4970300,82.05609756
New Zealand,NZL,2020,49.64110697,50.35889303,19.01901321,15.62071798,11.32,6.41,1.61,42124,-0.307246896,41997.78303,2.033387792,4.2,92,5072400,82.25609756
New Zealand,NZL,2021,49.64420357,50.35579643,18.86071344,16.04657794,11.48,6.83,1.64,-14944,4.535405657,49950.42517,0.240228529,4.2,90,5084600,82.20731707
New Zealand,NZL,2022,49.65815655,50.34184345,18.64024727,16.44638864,11.49,7.53,1.66,21404,3.496386865,49099.70904,-0.057051239,4.1,89,5081700,81.95853659
New Zealand,NZL,2023,49.67318695,50.32681305,18.3747368,16.79858012,10.86,7.23,1.56,21404,1.394251816,49075.95628,2.301277431,4,88,5200000,83.00487805
New Zealand,NZL,2024,49.68593832,50.31406168,18.11867369,17.19575431,,,,18766,1.288620047,49205.17921,1.668691879,,89,5287500,
Nicaragua,NIC,2000,49.09679843,50.90320157,40.30739054,3.527173544,27.885,6.145,3.12,-42087,4.101590251,1017.312443,1.37553337,30.8,83,5022633,66.36
Nicaragua,NIC,2001,49.09164525,50.90835475,39.61072757,3.655795944,27.034,5.982,2.996,-43837,2.960843491,1051.874236,1.28961326,29.2,87,5087825,67.028
Nicaragua,NIC,2002,49.0853044,50.9146956,38.89999426,3.790474376,26.28,5.735,2.887,-44906,0.753938876,1014.333904,1.212861382,27.6,85,5149909,67.95
Nicaragua,NIC,2003,49.07872115,50.92127885,38.18379269,3.929139016,25.925,5.556,2.827,-44931,2.520732896,1021.352167,1.178563092,26.2,86,5210963,68.749
Nicaragua,NIC,2004,49.07269456,50.92730544,37.48005253,4.069118171,25.675,5.401,2.784,-44222,5.31217057,1098.621187,1.181809608,24.9,79,5272912,69.51
Nicaragua,NIC,2005,49.06921523,50.93078477,36.79785059,4.194207696,25.611,5.21,2.765,-33280,4.282398338,1183.30214,1.303699844,23.6,86,5342105,70.374
Nicaragua,NIC,2006,49.07132595,50.92867405,36.19613957,4.2657993,25.428,5.115,2.733,-32274,4.152945598,1248.173716,1.426476847,22.5,88,5418855,70.958
Nicaragua,NIC,2007,49.07716468,50.92283532,35.6688675,4.299227422,25.176,5.104,2.697,-31357,5.076352018,1350.381458,1.436215531,21.4,93,5497243,71.197
Nicaragua,NIC,2008,49.08364301,50.91635699,35.15807949,4.3321433,24.893,5.097,2.66,-30675,3.435716936,1523.684371,1.433132261,20.4,97,5576593,71.404
Nicaragua,NIC,2009,49.08995703,50.91004297,34.67177551,4.363768984,24.611,5.127,2.626,-29913,-3.292665159,1467.082881,1.424516535,19.4,98,5656601,71.499
Nicaragua,NIC,2010,49.09648902,50.90351098,34.21464239,4.394051364,24.345,5.09,2.596,-29081,4.410099117,1526.56707,1.419167896,18.5,98,5737450,71.761
Nicaragua,NIC,2011,49.10317851,50.89682149,33.77433881,4.4233845,23.959,5.051,2.558,-28221,6.316685535,1679.711921,1.412232928,17.6,98,5819051,72.033
Nicaragua,NIC,2012,49.10974504,50.89025496,33.34980432,4.458188905,23.615,4.964,2.527,-27389,6.496136471,1784.69836,1.403327269,16.8,98,5901287,72.435
Nicaragua,NIC,2013,49.11632055,50.88367945,32.94801528,4.510678712,23.203,4.982,2.492,-26587,4.927094134,1835.439964,1.389287521,16,98,5983845,72.551
Nicaragua,NIC,2014,49.12398288,50.87601712,32.56076432,4.592835909,22.836,4.964,2.463,-25570,4.785460136,1958.370476,1.371717586,15.3,98,6066492,72.792
Nicaragua,NIC,2015,49.13306416,50.86693584,32.18229468,4.695469505,22.449,4.993,2.434,-24353,4.792267683,2074.456206,1.357676679,14.6,98,6149417,72.899
Nicaragua,NIC,2016,49.14254175,50.85745825,31.82008564,4.799816387,22.06,4.959,2.407,-23076,4.563147395,2131.687048,1.344689006,13.9,98,6232666,73.18
Nicaragua,NIC,2017,49.15288102,50.84711898,31.48049593,4.901767771,21.647,4.949,2.378,-21849,4.631207576,2182.61381,1.331849887,13.3,98,6316231,73.389
Nicaragua,NIC,2018,49.1617528,50.8382472,31.14210291,5.007726466,21.209,4.832,2.347,-20742,-3.36335666,2035.165494,1.318782078,12.7,98,6400080,73.879
Nicaragua,NIC,2019,49.16921872,50.83078128,30.78661471,5.115469557,20.808,4.95,2.321,-19730,-2.896869867,1958.620515,1.297421274,12.1,98,6483657,73.764
Nicaragua,NIC,2020,49.16780219,50.83219781,30.42244131,5.160696435,20.45,6.663,2.299,-10383,-2.236541763,1938.447048,1.250847412,11.6,92,6565267,70.766
Nicaragua,NIC,2021,49.1595835,50.8404165,30.05446713,5.163948452,20.044,6.618,2.265,-10383,10.45438948,2138.385885,1.203253758,11.1,87,6644741,70.478
Nicaragua,NIC,2022,49.16330568,50.83669432,29.64693547,5.239364944,19.695,4.691,2.24,-7996,3.550299456,2322.89054,1.284660102,10.7,92,6730654,74.463
Nicaragua,NIC,2023,49.17610363,50.82389637,29.2038763,5.379283673,19.376,4.586,2.218,-7996,4.427743848,2609.444921,1.371678122,10.3,89,6823613,74.947
Nicaragua,NIC,2024,49.18867304,50.81132696,28.75887625,5.533585608,,,,-8189,3.587830229,2847.539663,1.346871356,,,6916140,
Niger,NER,2000,50.4566437,49.5433563,47.32015712,2.251731811,53.39,17.7,7.829,-8522,-1.208477741,194.7719599,3.467163828,107.7,34,11509630,49.172
Niger,NER,2001,50.4892687,49.5107313,47.5318308,2.258505673,53.015,17.076,7.81,-8654,7.268134902,205.4179361,3.508786243,103.6,36,11920647,49.872
Niger,NER,2002,50.52163939,49.47836061,47.75873129,2.265715745,52.581,16.403,7.797,-9550,4.918470576,225.2943911,3.531481024,99,39,12349144,50.645
Niger,NER,2003,50.55200507,49.44799493,47.99643807,2.274293693,52.178,15.662,7.789,-8841,2.170610384,265.2253635,3.562276923,94.1,41,12796984,51.545
Niger,NER,2004,50.57944704,49.42055296,48.24096845,2.284944489,51.776,14.965,7.777,-9070,0.363801579,283.4682818,3.598249044,89.3,43,13265836,52.402
Niger,NER,2005,50.60417156,49.39582844,48.48059508,2.297550888,51.417,14.258,7.769,-9700,7.331868843,318.6431219,3.629704142,84.8,45,13756192,53.32
Niger,NER,2006,50.62641478,49.37358522,48.70724706,2.312202594,50.967,13.586,7.744,-10054,5.931049974,333.3450784,3.657093714,80.7,52,14268581,54.223
Niger,NER,2007,50.64642683,49.35357317,48.9176643,2.329475794,50.594,12.981,7.726,-10069,3.142724084,387.1680659,3.681108278,77.2,58,14803610,55.063
Niger,NER,2008,50.66467299,49.33532701,49.10446546,2.349703873,50.172,12.434,7.702,-9847,7.731414228,475.0449554,3.702032448,74.5,67,15361915,55.852
Niger,NER,2009,50.6825873,49.3174127,49.26170882,2.371623783,49.8,12,7.679,-9014,1.962600907,461.131534,3.717080443,72.3,71,15943675,56.487
Niger,NER,2010,50.70020039,49.29979961,49.38125099,2.393050701,49.353,11.605,7.64,-8033,8.578166743,474.4256923,3.725350774,70.9,70,16548835,57.08
Niger,NER,2011,50.71585628,49.28414372,49.45361287,2.41136863,48.823,11.261,7.592,-6941,2.357756936,510.7595618,3.721383032,69.9,75,17176283,57.6
Niger,NER,2012,50.72877545,49.27122455,49.4502634,2.421750194,48.217,10.99,7.527,18714,10.54894458,528.5101045,3.773246396,69.4,73,17836769,57.987
Niger,NER,2013,50.73984475,49.26015525,49.40020595,2.427275722,47.796,10.751,7.445,-2543,5.315130634,552.1033344,3.758372076,69.2,75,18519898,58.364
Niger,NER,2014,50.74902259,49.25097741,49.32469757,2.433736026,47.2,10.532,7.342,3891,6.642136655,565.3098973,3.689280805,69.1,82,19215909,58.693
Niger,NER,2015,50.75517448,49.24482552,49.19229912,2.443735043,46.577,10.386,7.215,17051,4.392648832,485.6625742,3.6964059,69.3,84,19939498,58.85
Niger,NER,2016,50.75942119,49.24057881,49.01360978,2.45772773,45.881,10.156,7.043,14833,5.740893151,502.7064754,3.674261375,69.3,80,20685753,59.228
Niger,NER,2017,50.76352268,49.23647732,48.8152696,2.473706344,45.057,9.957,6.874,-6830,5.005360786,521.80413,3.560070448,69.4,85,21435446,59.524
Niger,NER,2018,50.76742599,49.23257401,48.58761707,2.491420051,44.181,9.769,6.706,-3830,7.211418028,578.5680357,3.450880505,69.4,79,22188069,59.765
Niger,NER,2019,50.77077247,49.22922753,48.32227071,2.51074642,43.366,9.573,6.537,-15778,5.939852571,561.6913043,3.366548555,69.5,81,22947757,60.031
Niger,NER,2020,50.77136978,49.22863022,48.01924738,2.52637349,42.6,9.526,6.369,-4402,3.550641094,579.5124958,3.299773916,69.4,81,23717613,59.89
Niger,NER,2021,50.77101837,49.22898163,47.68103521,2.537053906,41.932,9.55,6.2,-4405,1.383596362,608.7224396,3.254252399,69,82,24502140,59.542
Niger,NER,2022,50.77211484,49.22788516,47.32665842,2.550725698,41.95,9.173,6.135,995,11.9,609.7451476,3.251706422,68.3,84,25311973,60.398
Niger,NER,2023,50.77304483,49.22695517,46.96572234,2.571035625,41.892,8.859,6.061,995,1.667634065,638.3360809,3.294891758,67.4,85,26159867,61.183
Niger,NER,2024,50.77359909,49.22640091,46.60101831,2.594381837,,,,-4041,10.3,735.2702558,3.281014801,,86,27032412,
Nigeria,NGA,2000,50.07542184,49.92457816,43.73737671,3.037260445,43.892,17.439,6.124,74535,5.015934759,547.3182989,2.674397845,97.1,29,126382494,47.143
Nigeria,NGA,2001,50.10833335,49.89166665,43.74122527,3.029373096,43.934,17.149,6.128,64163,5.917684649,566.4282318,2.716395465,94.6,27,129862595,47.549
Nigeria,NGA,2002,50.144488,49.855512,43.78196741,3.023361715,43.822,16.799,6.116,69594,15.32915574,712.1648521,2.741470566,91.9,25,133471989,48.02
Nigeria,NGA,2003,50.18018093,49.81981907,43.84591399,3.0195883,43.71,16.37,6.1,33857,7.347194968,763.3887454,2.756735064,89.1,29,137202644,48.618
Nigeria,NGA,2004,50.21475673,49.78524327,43.91369428,3.016849672,43.474,15.986,6.09,46370,9.250558229,962.4810419,2.770539678,86.4,33,141057045,49.148
Nigeria,NGA,2005,50.24300281,49.75699719,43.99211057,3.014101008,43.37,15.692,6.063,-17146,6.438516525,1211.377035,2.768833852,83.7,36,145017253,49.538
Nigeria,NGA,2006,50.26442719,49.73557281,44.08882186,3.011490677,43.172,15.43,6.053,-12093,6.059428032,1599.538916,2.761246989,81.2,40,149077334,49.876
Nigeria,NGA,2007,50.28484655,49.71515345,44.18368708,3.010125235,42.897,15.067,6.027,-9162,6.591130361,1815.526975,2.771800999,79,42,153267261,50.381
Nigeria,NGA,2008,50.30518097,49.69481903,44.27488264,3.010606034,42.803,14.801,6.024,-13646,6.764472778,2154.105435,2.784533844,77.1,53,157595014,50.748
Nigeria,NGA,2009,50.32546328,49.67453672,44.36017912,3.012432056,42.497,14.554,5.993,-18422,8.036925101,1820.486339,2.787308209,75.4,63,162049464,51.08
Nigeria,NGA,2010,50.34401799,49.65598201,44.41906402,3.014370511,42.139,14.36,5.948,47966,8.005655916,2202.25673,2.795149361,74,56,166642886,51.315
Nigeria,NGA,2011,50.36214433,49.63785567,44.45089679,3.014130372,41.793,14.203,5.893,67808,5.307924203,2418.41317,2.8027852,73,53,171379598,51.49
Nigeria,NGA,2012,50.38020864,49.61979136,44.46326267,3.009658459,41.116,14.019,5.797,71138,4.230061175,2633.197347,2.774229303,72,36,176200625,51.688
Nigeria,NGA,2013,50.39669191,49.60330809,44.45283132,2.997808449,40.441,13.864,5.694,40201,6.671335393,2872.790834,2.714689911,71.4,39,181049443,51.827
Nigeria,NGA,2014,50.41209829,49.58790171,44.41266467,2.981488961,39.892,13.736,5.622,-19376,6.309718655,3088.721313,2.642213994,70.8,43,185896915,51.94
Nigeria,NGA,2015,50.42859204,49.57140796,44.32063364,2.970284375,38.951,13.656,5.503,-116162,2.652693295,2585.733607,2.536173486,70.2,42,190671878,51.939
Nigeria,NGA,2016,50.4466496,49.5533504,44.14208619,2.965291795,37.771,13.408,5.343,75265,-1.616868949,2070.412734,2.471832391,69.5,53,195443700,52.189
Nigeria,NGA,2017,50.46499711,49.53500289,43.88057874,2.963437612,36.693,13.192,5.182,78685,0.805886619,1876.340271,2.431709369,68.6,55,200254579,52.397
Nigeria,NGA,2018,50.48267615,49.51732385,43.57366898,2.966485287,35.69,12.952,5.021,-76565,1.922757342,2057.879446,2.31217263,67.4,61,204938755,52.669
Nigeria,NGA,2019,50.49978533,49.50021467,43.22680116,2.974885042,34.685,12.679,4.861,-99722,2.208429277,3189.812865,2.194401923,66.1,66,209485641,53.009
Nigeria,NGA,2020,50.51433932,49.48566068,42.82573575,2.981311381,33.732,12.586,4.7,-14497,-6.368898405,2797.184581,2.130297143,64.7,62,213996181,53.072
Nigeria,NGA,2021,50.52779493,49.47220507,42.39469912,2.990339009,33.546,12.306,4.636,-86115,1.109252539,2787.487792,2.096186852,63.2,61,218529286,53.455
Nigeria,NGA,2022,50.54190058,49.45809942,41.95243393,3.00794222,33.192,11.953,4.552,-51680,4.318829495,2899.160475,2.092816871,61.6,59,223150896,54.079
Nigeria,NGA,2023,50.55531119,49.44468881,41.49222883,3.02816299,32.954,11.74,4.482,-57936,3.326845564,2138.763837,2.098389169,60.1,67,227882945,54.462
Nigeria,NGA,2024,50.57333441,49.42666559,41.01384554,3.048662081,,,,-35202,4.062364089,1084.160418,2.082977762,,67,232679478,
North Macedonia,MKD,2000,48.81645573,51.18354427,23.41892889,9.7601048,14.5,8.5,1.863,-2824,4.549135783,1861.898998,0.455448702,14.2,95,2026350,72.94634146
North Macedonia,MKD,2001,48.92476943,51.07523057,22.91389299,9.983443845,13.3,8.3,1.729,-922,-3.067256625,1823.022677,0.420168685,13.2,91,2034882,73.43658537
North Macedonia,MKD,2002,48.98005913,51.01994087,22.48366341,10.1740481,13.7,8.9,1.786,-2858,1.493665472,1989.135373,-0.726260079,12.7,96,2020157,73.03902439
North Macedonia,MKD,2003,48.99282266,51.00717734,22.12379006,10.32042686,13.3,8.9,1.745,-2880,2.222601657,2445.362864,0.127038105,12.7,96,2022725,73.24146341
North Macedonia,MKD,2004,49.00916859,50.99083141,21.71521779,10.47462583,11.5,8.8,1.524,-2640,4.67408958,2818.581456,-0.323800436,12.6,94,2016186,73.59756098
North Macedonia,MKD,2005,49.02488556,50.97511444,21.24658431,10.64158332,11,9,1.5,-2244,4.724088642,3120.984014,-0.539897211,12.2,97,2005330,73.69756098
North Macedonia,MKD,2006,49.03790051,50.96209949,20.78954334,10.8205978,11.1,9.1,1.46,-9632,5.137025162,3440.441106,-0.552204277,11.5,93,1994287,73.89512195
North Macedonia,MKD,2007,49.05037147,50.94962853,20.39520704,11.01895222,11.1,9.6,1.46,-15705,6.473486858,4204.113288,-0.57095312,10.9,95,1982933,73.8
North Macedonia,MKD,2008,49.06457978,50.93542022,20.0287179,11.22627405,11.2,9.3,1.47,-17645,5.47200139,5026.420299,-0.578593804,10.3,95,1971493,74.4
North Macedonia,MKD,2009,49.07781669,50.92218331,19.66261259,11.42932502,11.5,9.3,1.5,-15455,-0.358614857,4799.787228,-0.646827223,9.7,96,1958782,74.44634146
North Macedonia,MKD,2010,49.09015576,50.90984424,19.34123972,11.61408332,11.8,9.3,1.6,-16668,3.358750858,4833.365868,-0.639374483,9.2,95,1946298,74.99756098
North Macedonia,MKD,2011,49.10220609,50.89779391,19.04483604,11.80896525,11.1,9.5,1.46,-17871,2.339886045,5416.866729,-0.458327098,8.9,96,1937398,75.1
North Macedonia,MKD,2012,49.11628288,50.88371712,18.78499286,12.07235675,11.4,9.8,1.5,-19083,-0.456183224,5049.826539,-0.39185832,9,95,1929821,74.90243902
North Macedonia,MKD,2013,49.12883454,50.87116546,18.58223893,12.45857506,11.2,9.3,1.5,-20297,2.925257665,5626.261157,-0.368848271,9.4,98,1922716,75.4
North Macedonia,MKD,2014,49.10976043,50.89023957,18.33458594,12.92635247,11.4,9.5,1.5,-22132,3.629123513,5925.385922,-0.268678977,9.8,95,1917557,75.45121951
North Macedonia,MKD,2015,49.05971926,50.94028074,18.04565419,13.40426467,11.1,9.9,1.49,-23010,3.85586514,5262.686719,-0.267729528,9.9,91,1912430,75.40243902
North Macedonia,MKD,2016,49.00127928,50.99872072,17.78367422,13.90407542,11.09872665,9.853364793,1.5,-24144,2.848205194,5598.486226,-0.320367473,9.5,95,1906313,75.4
North Macedonia,MKD,2017,48.93558482,51.06441518,17.54581753,14.45806628,10.5,9.8,1.43,-24227,1.081772738,5955.297386,-0.402421587,8.5,91,1898657,75.95365854
North Macedonia,MKD,2018,48.86541218,51.13458782,17.35227143,15.08504979,10.3,9.5,1.42,-24878,2.88059671,6713.989254,-0.507220757,7.2,93,1889051,76.64878049
North Macedonia,MKD,2019,48.79257984,51.20742016,17.24206528,15.75880264,9.6,9.8,1.34,-24204,3.910419538,6718.858266,-0.679308689,6.1,92,1876262,76.60243902
North Macedonia,MKD,2020,48.704338,51.295662,17.21171646,16.34633901,9.2,12.4,1.31,-23458,-4.68845001,6659.596511,-1.07910572,5.2,84,1856124,74.39512195
North Macedonia,MKD,2021,48.64756675,51.35243325,17.22198738,16.72439337,10.2,15.5,1.6,-5483,4.51067949,7620.80297,-1.029458047,4.4,81,1837114,73.24634146
North Macedonia,MKD,2022,48.63582566,51.36417434,17.1987732,17.0476782,9.9,12.3,1.6,-5296,2.758884153,7606.237525,-0.294481336,3.6,84,1831712,74.42487805
North Macedonia,MKD,2023,48.63429563,51.36570437,17.06784278,17.50173258,9.2,11,1.5,-5597,2.554965253,8674.358463,-0.212923714,2.8,86,1827816,75.31609756
North Macedonia,MKD,2024,48.64753822,51.35246178,16.82273648,18.02476016,,,,-5728,2.993735366,9291.856617,-0.189311905,,89,1824359,
Norway,NOR,2000,49.52637218,50.47362782,20.00866425,15.1610925,13.2,9.8,1.85,9805,3.318945701,38178.23688,0.649044821,3.9,90,4490967,78.63414634
Norway,NOR,2001,49.55101817,50.44898183,20.03590437,15.0048176,12.6,9.7,1.78,7906,2.067130435,38601.89764,0.506046911,3.8,91,4513751,78.78536585
Norway,NOR,2002,49.55829807,50.44170193,20.01535253,14.86540147,12.2,9.8,1.75,17279,1.377557022,43170.55717,0.539290805,3.7,93,4538159,78.98780488
Norway,NOR,2003,49.56530254,50.43469746,19.9449511,14.76172752,12.4,9.3,1.8,11389,0.944909363,50250.32982,0.586532692,3.6,92,4564855,79.3902439
Norway,NOR,2004,49.57751338,50.42248662,19.81636601,14.72021787,12.4,9,1.83,13412,4.014588024,57768.6981,0.59093094,3.4,92,4591910,79.84146341
Norway,NOR,2005,49.59715552,50.40284448,19.64166438,14.70797668,12.3,8.9,1.84,18588,2.685122903,67047.17046,0.681072964,3.3,91,4623291,80.04146341
Norway,NOR,2006,49.64696875,50.35303125,19.44789544,14.67414184,12.6,8.9,1.9,24054,2.461473116,74434.49968,0.805392739,3.2,94,4660677,80.34390244
Norway,NOR,2007,49.74847149,50.25152851,19.25352675,14.63884129,12.4,8.9,1.9,40111,2.914040007,85502.26771,1.034734515,3,93,4709153,80.39512195
Norway,NOR,2008,49.8580777,50.1419223,19.08089824,14.65959928,12.7,8.7,1.96,44002,0.48191955,97503.54078,1.246333015,2.9,94,4768212,80.59268293
Norway,NOR,2009,49.92745342,50.07254658,18.94892384,14.78013657,12.8,8.6,1.98,39316,-1.940364726,80347.57007,1.261127289,2.8,94,4828726,80.79512195
Norway,NOR,2010,49.98200101,50.01799899,18.81135254,14.98027678,12.6,8.5,1.95,42865,0.787051861,88163.20859,1.24566618,2.7,93,4889252,80.99756098
Norway,NOR,2011,50.06611189,49.93388811,18.6280832,15.24444535,12.2,8.4,1.88,47454,1.105656034,101221.8135,1.297189391,2.6,94,4953088,81.29512195
Norway,NOR,2012,50.16065695,49.83934305,18.44153308,15.52748031,12,8.4,1.85,47883,2.717959249,102175.9193,1.313440989,2.4,95,5018573,81.45121951
Norway,NOR,2013,50.22706139,49.77293861,18.28916791,15.77891447,11.6,8.1,1.78,40690,1.01619084,103553.8401,1.209141589,2.4,94,5079623,81.75121951
Norway,NOR,2014,50.27981102,49.72018898,18.13400566,16.02837625,11.5,7.9,1.75,38522,2.048132004,97666.69518,1.127736677,2.3,93,5137232,82.1
Norway,NOR,2015,50.32772153,49.67227847,17.98092825,16.27477397,11.3,7.8,1.72,30242,1.857339716,74809.9658,0.995084737,2.2,95,5188607,82.30487805
Norway,NOR,2016,50.36421057,49.63578943,17.87289989,16.51727097,11.2,7.8,1.71,26417,1.164724239,70867.361,0.880969815,2.1,96,5234519,82.40731707
Norway,NOR,2017,50.38499637,49.61500363,17.78175325,16.78124205,10.7,7.7,1.62,21657,2.463746266,76131.8384,0.807673182,2.1,96,5276968,82.6097561
Norway,NOR,2018,50.39197041,49.60802959,17.63876423,17.08539696,10.4,7.7,1.56,18473,0.828931501,82792.84271,0.660090844,2,96,5311916,82.75853659
Norway,NOR,2019,50.40906134,49.59093866,17.43763079,17.39485563,10.2,7.6,1.53,25707,1.12374695,76430.58895,0.675061373,2,97,5347896,82.95853659
Norway,NOR,2020,50.43032767,49.56967233,17.21103231,17.72818393,9.8,7.5,1.48,11277,-1.278171772,68340.0181,0.588757324,1.9,97,5379475,83.2097561
Norway,NOR,2021,50.44654389,49.55345611,16.98849159,18.07402261,10.4,7.8,1.55,19804,3.908686768,93072.89251,0.534772282,1.9,97,5408320,83.16341463
Norway,NOR,2022,50.41896334,49.58103666,16.78615211,18.3301335,9.4,8.4,1.41,58040,3.246228603,109269.5206,0.898395221,1.9,97,5457127,82.5097561
Norway,NOR,2023,50.38662537,49.61337463,16.50676633,18.53384759,9.4,7.9,1.4,53806,0.072120481,87497.21796,1.138311427,1.9,96,5519601,83.11219512
Norway,NOR,2024,50.39588212,49.60411788,16.18874918,18.78524063,,,,44356,2.0972306,86785.43345,0.949855138,,97,5572279,
Oman,OMN,2000,58.31525083,41.68474917,36.58662965,2.533421058,23.841,3.155,3.852,-18588,6.192410637,9753.847552,1.288738553,13.3,99,2282131,73.643
Oman,OMN,2001,58.11367504,41.88632496,35.81183066,2.539696487,23.255,3.062,3.662,-19103,4.613166494,9611.963602,1.223180394,12.5,99,2310217,73.979
Oman,OMN,2002,57.91698401,42.08301599,35.02080855,2.530057564,22.832,2.98,3.51,-20098,-0.784165786,9869.130502,1.158650011,11.8,99,2337140,74.276
Oman,OMN,2003,57.73573523,42.26426477,34.21372534,2.511553982,22.485,2.909,3.371,-19265,-2.19466568,10463.54258,1.134084178,11.2,99,2363796,74.521
Oman,OMN,2004,57.69552079,42.30447921,33.21947871,2.522724145,21.785,2.802,3.2,9394,1.99251511,11800.85074,1.720667111,10.8,99,2404821,74.82
Oman,OMN,2005,57.77958641,42.22041359,32.05379945,2.55721802,20.933,2.766,3.029,10231,2.779443603,14434.85779,2.260538639,10.4,99,2459802,75.07
Oman,OMN,2006,57.85813243,42.14186757,30.92371346,2.58331196,20.211,2.727,2.879,11103,4.669814819,16930.85651,2.21104304,10.1,98,2514795,75.354
Oman,OMN,2007,57.931214,42.068786,29.908442,2.602022276,19.909,2.709,2.761,11478,4.980654671,18792.65377,2.17823116,9.9,99,2570174,75.596
Oman,OMN,2008,57.99878852,42.00121148,29.06057767,2.618798422,20.571,2.621,2.762,9877,8.95005895,26576.77924,2.168960177,9.8,99,2626529,76.124
Oman,OMN,2009,58.06026017,41.93973983,28.41528477,2.637560301,21.921,2.549,2.829,7226,5.981966949,20655.91802,2.189051537,9.6,98,2684659,76.631
Oman,OMN,2010,58.24629023,41.75370977,27.86351936,2.653542445,23.352,2.456,2.973,28717,2.471998566,23570.17981,2.675117096,9.5,99,2757446,77.184
Oman,OMN,2011,60.74247513,39.25752487,25.46154839,2.649034066,21.582,2.182,2.955,492609,2.894609735,25188.00742,10.95731813,9.4,99,3076763,77.74
Oman,OMN,2012,63.72670107,36.27329893,22.75081753,2.627353486,20.686,2.2,2.928,322812,8.863122256,24642.29788,14.22539895,9.3,98,3547106,78.187
Oman,OMN,2013,64.69749436,35.30250564,21.94782459,2.577405904,20.947,2.192,2.954,113335,5.227704081,23458.02338,7.775389291,9.2,98,3833913,78.633
Oman,OMN,2014,64.65874933,35.34125067,22.14213633,2.563836701,21.166,2.113,2.97,75557,1.292252294,23160.65023,4.301797264,9.1,99,4002439,79.03
Oman,OMN,2015,64.77524526,35.22475474,22.2487422,2.574915261,20.992,2.057,2.965,133842,5.017057997,18808.30779,4.457768872,9.1,99,4184895,79.346
Oman,OMN,2016,65.19135016,34.80864984,22.13160126,2.550139465,20.544,2.017,2.949,117538,5.046423946,17110.18975,4.804736532,9,99,4390877,79.581
Oman,OMN,2017,65.30281569,34.69718431,22.28006744,2.550184891,20.155,1.993,2.923,11751,0.304057566,17820.06618,3.282429987,8.9,99,4537396,79.748
Oman,OMN,2018,64.78592951,35.21407049,22.8822647,2.583561654,19.269,1.992,2.81,-52630,1.287103915,19901.76156,1.3241396,8.8,99,4597877,79.864
Oman,OMN,2019,63.65342181,36.34657819,23.98536692,2.610742934,18.858,2.001,2.696,-117480,-1.128638017,19180.18642,-0.144431732,8.7,99,4591241,79.946
Oman,OMN,2020,62.1059698,37.8940302,25.55617235,2.607022471,18.856,2.444,2.638,-171635,-3.379720527,16784.86306,-1.508608296,8.6,99,4522497,77.763
Oman,OMN,2021,61.12677383,38.87322617,26.71076103,2.615964629,18.337,2.785,2.588,-16726,2.582174989,19403.46002,-0.489266038,8.6,99,4500424,75.969
Oman,OMN,2022,61.55519842,38.44480158,26.22086133,2.657547441,16.353,2.13,2.449,339063,7.985707284,23223.58294,4.980136693,8.5,99,4730226,77.911
Oman,OMN,2023,62.07810716,37.92189284,25.22777059,2.660444512,16.847,1.901,2.525,156285,1.414013958,21027.73848,6.527049885,8.4,99,5049269,80.031
Oman,OMN,2024,62.21348781,37.78651219,24.71482739,2.644097231,,,,154219,1.631632211,20285.22729,4.497386285,,99,5281538,
Pakistan,PAK,2000,51.6298226,48.3701774,43.28105118,3.478344127,36.541,8.899,5.352,252869,4.260088011,642.3383465,2.824759835,89.1,59,154879127,61.903
Pakistan,PAK,2001,51.62485106,48.37514894,42.91508084,3.487848537,35.71,8.685,5.182,-54727,3.651350171,609.9395069,2.796158309,87,61,159270907,62.241
Pakistan,PAK,2002,51.58012451,48.41987549,42.60001312,3.504691918,34.883,8.492,5.012,-653758,2.594816684,599.9373457,2.45080309,85,63,163222549,62.556
Pakistan,PAK,2003,51.53570324,48.46429676,42.25712297,3.524728477,34.295,8.32,4.894,-219118,5.401310873,672.4417867,2.353916139,83.4,66,167110248,62.834
Pakistan,PAK,2004,51.51498546,48.48501454,41.81167842,3.544636748,33.21,8.137,4.685,-64669,7.83125557,771.9022473,2.468091176,81.8,68,171286000,63.097
Pakistan,PAK,2005,51.49345085,48.50654915,41.33679997,3.566454219,32.887,8.411,4.595,-189899,7.276574436,827.6198612,2.403773504,80.4,63,175453212,62.416
Pakistan,PAK,2006,51.46291025,48.53708975,40.8849528,3.590346405,33.162,7.904,4.589,-183933,6.051637676,900.873565,2.382005287,79,59,179682690,63.624
Pakistan,PAK,2007,51.4247371,48.5752629,40.40197047,3.612125758,33.262,7.84,4.554,576349,4.44481434,998.0901142,2.642031252,77.7,54,184493231,63.807
Pakistan,PAK,2008,51.38603208,48.61396792,39.96535488,3.634947357,33.583,7.8,4.515,-140746,2.120441043,1067.043246,2.677156931,76.3,53,189499113,64.002
Pakistan,PAK,2009,51.34695477,48.65304523,39.62434529,3.661996823,33.609,7.741,4.465,-18298,3.472550596,963.7880664,2.541283109,74.8,52,194376534,64.206
Pakistan,PAK,2010,51.31239009,48.68760991,39.34046974,3.691296265,33.525,7.691,4.398,-431902,1.501717522,987.3045711,2.470817015,73.2,52,199239047,64.378
Pakistan,PAK,2011,51.27932606,48.72067394,39.13567175,3.724748509,33.045,7.575,4.305,-890633,2.680116854,1131.735138,2.236909403,71.6,63,203746065,64.659
Pakistan,PAK,2012,51.24951097,48.75048903,39.0113778,3.760689382,32.48,7.482,4.204,-1647989,3.027583911,1204.364755,1.906199813,69.8,64,207667125,64.883
Pakistan,PAK,2013,51.22247494,48.77752506,38.94292659,3.789946329,31.902,7.377,4.125,-1906319,4.36686505,1225.434012,1.627224148,67.9,65,211073978,65.129
Pakistan,PAK,2014,51.19655787,48.80344213,38.86362723,3.805344294,31.303,7.272,4.055,-2037920,4.116428172,1266.613408,1.500324054,66,69,214264647,65.374
Pakistan,PAK,2015,51.17163061,48.82836939,38.76121171,3.820919407,30.697,7.164,3.988,-2172162,4.217942096,1380.470208,1.402501136,64.1,72,217290883,65.641
Pakistan,PAK,2016,51.14823861,48.85176139,38.64985751,3.850418628,29.956,7.039,3.902,-2290411,6.573838285,1424.691612,1.302163938,62.2,75,220138869,65.943
Pakistan,PAK,2017,51.12435477,48.87564523,38.49975681,3.888865369,29.738,6.94,3.9,-1574585,4.432625907,1519.234595,1.414099904,60.3,75,223273967,66.223
Pakistan,PAK,2018,51.0992093,48.9007907,38.29791616,3.93281543,29.343,6.852,3.855,-1309611,6.151702611,1569.338146,1.623714833,58.5,80,226928892,66.481
Pakistan,PAK,2019,51.07419556,48.92580444,38.08865545,3.984474956,28.986,6.772,3.81,-1177220,2.497636929,1390.41691,1.691871247,56.8,84,230800899,66.729
Pakistan,PAK,2020,51.04388458,48.95611542,37.85982722,4.022657772,28.625,7.301,3.765,-559291,-1.274087443,1278.397352,1.803751413,55.1,80,235001746,65.701
Pakistan,PAK,2021,50.99401615,49.00598385,37.58568386,4.05217393,28.384,7.23,3.72,-565673,6.513885759,1455.319224,1.886777972,53.4,83,239477801,65.773
Pakistan,PAK,2022,50.91016021,49.08983979,37.30978278,4.111677093,28.13,6.513,3.662,-1322625,4.778106869,1538.322813,1.747997398,51.8,85,243700667,67.417
Pakistan,PAK,2023,50.79958224,49.20041776,37.0380614,4.196271457,27.806,6.466,3.605,-1619557,-0.414935997,1360.324178,1.548804586,50.1,86,247504495,67.649
Pakistan,PAK,2024,50.71589505,49.28410495,36.68492983,4.28062892,,,,-1401173,3.048982873,1478.77278,1.509598763,,87,251269164,
Palau,PLW,2000,54.56251955,45.43748045,24.13379566,5.203743776,14.377,9.922,1.819,120,-2.603902465,7798.075042,1.454895801,22.3,96,19178,64.499
Palau,PLW,2001,54.45948739,45.54051261,24.02852418,5.213931377,14.479,9.961,1.87,65,7.345893752,8239.26354,0.903198458,21.5,98,19352,64.8
Palau,PLW,2002,54.29421115,45.70578885,24.11742084,5.283937957,14.458,9.943,1.923,67,4.714977691,8340.189813,0.777252658,20.8,99,19503,65.076
Palau,PLW,2003,54.12004069,45.87995931,24.19756854,5.394475813,14.291,9.884,1.962,71,-2.127763083,7862.39319,0.796694884,20.1,99,19659,65.446
Palau,PLW,2004,53.91756218,46.08243782,24.21987336,5.504402008,14.027,9.857,1.989,79,3.472510465,8393.730525,0.815628018,19.3,98,19820,65.816
Palau,PLW,2005,53.71884146,46.28115854,23.91200141,5.578121452,13.94,9.915,2.017,-250,2.884827263,9635.283575,-0.005045536,18.6,98,19819,66.219
Palau,PLW,2006,53.57015261,46.42984739,23.24044302,5.609146124,13.81,9.798,1.996,-365,0.228095913,9881.659707,-1.146871395,18,98,19593,66.633
Palau,PLW,2007,53.44523884,46.55476116,22.53911512,5.688529686,13.741,9.629,1.968,-372,1.322593682,10402.53675,-1.49636421,17.5,94,19302,67.113
Palau,PLW,2008,53.33789258,46.66210742,21.92966305,5.834232054,13.676,9.485,1.947,-378,-5.194904944,10577.50191,-1.529616626,17.1,92,19009,67.562
Palau,PLW,2009,53.23356494,46.76643506,21.40356503,5.986263663,13.649,9.349,1.935,-382,-6.536520762,10147.77411,-1.590785972,16.8,49,18709,67.99
Palau,PLW,2010,53.12024353,46.87975647,20.9632267,6.142472753,13.65,9.261,1.937,-392,-2.643261595,10221.91638,-1.687144183,16.6,69,18396,68.347
Palau,PLW,2011,52.98445539,47.01554461,20.591896,6.375328447,13.8,9.195,1.965,-405,5.092006241,10993.60386,-1.74375203,16.6,84,18078,68.638
Palau,PLW,2012,52.8342246,47.1657754,20.2752526,6.65615941,13.99,9.143,2.006,-387,1.655148767,12137.17322,-1.74654999,16.8,89,17765,68.863
Palau,PLW,2013,52.90684497,47.09315503,20.18075703,6.96112874,14.024,9.053,2.054,-28,-2.55228104,12698.92401,-0.660776696,17.1,99,17648,68.981
Palau,PLW,2014,53.21178596,46.78821404,20.32740615,7.256562235,13.362,9.241,2.032,-7,5.168162982,13863.45442,0.378927581,17.6,95,17715,69.062
Palau,PLW,2015,53.4665166,46.5334834,20.3438476,7.518500802,12.582,9.503,2.002,-11,7.920107245,16154.05322,0.309990385,18.2,90,17770,69.07
Palau,PLW,2016,53.6131715,46.3868285,20.13822554,7.844018655,12.741,9.774,2.055,-35,1.326855466,17150.47594,0.15182616,18.8,98,17797,69.046
Palau,PLW,2017,53.73905232,46.26094768,19.89108466,8.252863238,12.437,10.047,2.019,-33,-2.989502548,16401.78476,0.084248369,19.4,97,17812,69.019
Palau,PLW,2018,53.8789716,46.1210284,19.67217716,8.66990373,12.004,10.341,1.97,-35,-1.243907137,16166.96711,0.011227755,19.8,95,17814,68.989
Palau,PLW,2019,54.01730532,45.98269468,19.45162378,9.093718395,11.921,10.631,1.984,-46,-0.36202865,15846.79685,-0.089857358,19.9,97,17798,68.982
Palau,PLW,2020,54.04676259,45.95323741,19.24179406,9.521133094,11.624,11.13,1.972,0,-6.872331523,14708.21195,-0.033717337,19.9,96,17792,68.689
Palau,PLW,2021,53.98976551,46.01023449,19.05471518,9.936456166,11.377,11.538,1.95,-21,-13.26003193,13009.24816,-0.050597331,19.7,95,17783,68.563
Palau,PLW,2022,53.93884791,46.06115209,18.8158117,10.37783659,11.115,11.502,1.927,-20,1.51267904,13729.76028,-0.135051509,19.5,94,17759,68.922
Palau,PLW,2023,53.90082924,46.09917076,18.54181357,10.85037371,10.897,11.495,1.907,-19,2.215998002,15610.82319,-0.180352864,19.1,97,17727,69.269
Palau,PLW,2024,53.85962929,46.14037071,18.24475149,11.34186658,,,,-14,,,-0.180678723,,97,17695,
Panama,PAN,2000,50.26372191,49.73627809,32.37582044,4.94600578,23.51,4.829,2.744,2602,4.209005736,3975.093103,1.964005579,20.3,98,3010369,73.443
Panama,PAN,2001,50.25165033,49.74834967,32.00649349,5.042797178,23.22,4.763,2.72,2856,0.949907876,3991.776721,1.946407328,19.7,99,3069537,73.82
Panama,PAN,2002,50.24036987,49.75963013,31.64923703,5.149050408,22.917,4.699,2.698,3099,2.508844088,4090.586165,1.929666203,19,99,3129344,74.195
Panama,PAN,2003,50.22971609,49.77028391,31.30487205,5.265585034,22.65,4.637,2.679,3352,5.096860136,4264.664289,1.913701548,18.4,98,3189807,74.567
Panama,PAN,2004,50.21918371,49.78081629,30.97491983,5.389808451,22.548,4.622,2.68,3596,8.17565351,4644.565812,1.904990442,17.8,95,3251155,74.845
Panama,PAN,2005,50.2081179,49.7918821,30.64943207,5.521026023,22.1,4.589,2.643,3843,8.276183224,5017.741104,1.885165334,17.2,92,3313026,75.16
Panama,PAN,2006,50.19617638,49.80382362,30.33056501,5.660566316,21.784,4.579,2.62,4087,9.857238739,5528.767059,1.854046425,16.6,88,3375024,75.429
Panama,PAN,2007,50.18327326,49.81672674,30.02897463,5.8063878,21.591,4.586,2.612,4330,13.15306531,6317.817305,1.833911849,16.1,85,3437490,75.675
Panama,PAN,2008,50.16919725,49.83080275,29.7411751,5.958681656,21.426,4.583,2.608,4568,10.19743255,7347.59049,1.820654032,15.6,86,3500648,75.937
Panama,PAN,2009,50.15372936,49.84627064,29.46235265,6.118958664,21.177,4.577,2.593,4765,1.611864176,7796.926184,1.804231204,15.1,85,3564381,76.228
Panama,PAN,2010,50.13804473,49.86195527,29.18993478,6.285098532,20.984,4.609,2.587,4953,6.073393409,8331.464223,1.78385793,14.7,94,3628535,76.417
Panama,PAN,2011,50.12312153,49.87687847,28.93034244,6.455346135,20.98,4.624,2.604,5167,11.90887722,9662.295909,1.774688617,14.3,87,3693505,76.659
Panama,PAN,2012,50.10958288,49.89041712,28.68017351,6.629889881,20.732,4.646,2.591,5447,9.62729355,11064.80637,1.764519377,14.1,85,3759256,76.877
Panama,PAN,2013,50.09919408,49.90080592,28.42794327,6.808380821,20.42,4.658,2.569,5926,6.324353735,12273.3225,1.742341117,13.9,80,3825329,77.129
Panama,PAN,2014,50.09068367,49.90931633,28.17134347,6.998804373,20.147,4.673,2.552,7105,4.625813846,13213.19896,1.7304638,13.7,80,3892101,77.365
Panama,PAN,2015,50.08463309,49.91536691,27.91117098,7.197954967,19.839,4.714,2.53,8648,5.266917264,14082.65484,1.730374896,13.6,73,3960035,77.583
Panama,PAN,2016,50.08057657,49.91942343,27.64500092,7.398575335,19.495,4.739,2.502,10109,4.571966963,14832.36117,1.728668762,13.5,86,4029086,77.772
Panama,PAN,2017,50.07715848,49.92284152,27.36937527,7.606423196,19.081,4.782,2.462,11059,5.74405947,15694.62975,1.713200689,13.4,81,4098707,77.901
Panama,PAN,2018,50.07280713,49.92719287,27.07704588,7.829088809,18.52,4.722,2.402,11130,3.918198085,16151.32734,1.673115652,13.1,88,4167860,78.266
Panama,PAN,2019,50.06595509,49.93404491,26.74230444,8.069543525,17.57,4.719,2.288,10623,3.103067933,16477.90663,1.590977271,12.7,88,4234700,78.514
Panama,PAN,2020,50.05011342,49.94988658,26.38988172,8.293416124,16.718,5.864,2.184,5473,-17.82122995,13290.56084,1.37340967,12.2,74,4293261,76.33
Panama,PAN,2021,50.02995118,49.97004882,26.04306158,8.50886166,16.401,5.643,2.152,5473,16.46712486,15509.80691,1.207238092,11.6,87,4345405,77.004
Panama,PAN,2022,50.01843994,49.98156006,25.6700357,8.766300829,16.239,4.751,2.139,7967,11.03854753,17378.607,1.266124235,11.1,82,4400773,79.324
Panama,PAN,2023,50.01104567,49.98895433,25.27616989,9.056735293,16.029,4.771,2.119,7262,7.166329461,18797.1934,1.309026888,10.6,71,4458759,79.594
Panama,PAN,2024,50.0047613,49.9952387,24.89492483,9.35311257,,,,6706,2.747885455,19161.21885,1.266249875,,72,4515577,
Papua New Guinea,PNG,2000,52.08712633,47.91287367,39.97850124,2.514925104,34.423,7.785,4.525,41855,-2.494841993,635.957919,3.449251614,56,59,5537064,61.609
Papua New Guinea,PNG,2001,52.05849416,47.94150584,39.76618922,2.53968121,34.214,7.779,4.469,41962,-0.121288606,537.8474596,3.397797313,55.2,55,5728435,61.647
Papua New Guinea,PNG,2002,52.05068262,47.94931738,39.53108738,2.567511987,33.983,7.803,4.419,42657,-0.158900533,506.3317895,3.357003331,54.3,61,5924003,61.643
Papua New Guinea,PNG,2003,52.04293013,47.95706987,39.28166523,2.591363124,33.675,7.775,4.362,43639,2.164102502,577.4679224,3.32025851,53.4,68,6123997,61.741
Papua New Guinea,PNG,2004,52.03528233,47.96471767,39.01398553,2.611858868,33.206,7.76,4.283,44811,2.721175741,620.5961477,3.277572167,52.4,62,6328041,61.795
Papua New Guinea,PNG,2005,52.02799,47.97201,38.75195554,2.629475184,32.813,7.738,4.22,46014,6.344795923,744.48649,3.232011298,51.4,72,6535905,61.868
Papua New Guinea,PNG,2006,52.02088231,47.97911769,38.50786636,2.645056404,32.362,7.681,4.148,47191,5.409944091,1238.182829,3.189384748,50.4,70,6747720,62.018
Papua New Guinea,PNG,2007,52.01379509,47.98620491,38.26327277,2.660079506,31.921,7.607,4.076,48203,7.815189229,1370.753416,3.145529229,49.3,66,6963345,62.211
Papua New Guinea,PNG,2008,52.00591619,47.99408381,38.00919435,2.675636362,31.549,7.489,4.015,48985,-0.296457846,1624.793199,3.105743919,48.2,56,7183002,62.511
Papua New Guinea,PNG,2009,51.99612823,48.00387177,37.74899621,2.692664139,31.074,7.389,3.941,49647,6.800421483,1568.831934,3.063222045,47.1,64,7406438,62.772
Papua New Guinea,PNG,2010,51.98409699,48.01590301,37.49121474,2.711755765,30.734,7.285,3.883,50106,10.12845407,1866.868899,3.019984677,45.9,55,7633523,63.056
Papua New Guinea,PNG,2011,51.96546888,48.03453112,37.24067499,2.733166347,30.304,7.167,3.816,40690,1.107543626,2288.375911,2.915392813,44.8,58,7859346,63.382
Papua New Guinea,PNG,2012,51.93930747,48.06069253,36.98934218,2.755293334,29.802,7.076,3.746,37893,4.657119597,2635.087363,2.786049057,43.7,57,8081390,63.639
Papua New Guinea,PNG,2013,51.90890961,48.09109039,36.73193561,2.779638786,29.354,6.977,3.684,35280,3.824946328,2560.77459,2.701663478,42.6,60,8302698,63.927
Papua New Guinea,PNG,2014,51.87501151,48.12498849,36.46659841,2.808501871,28.899,6.89,3.625,32840,13.54377062,2723.175298,2.623961032,41.5,52,8523441,64.198
Papua New Guinea,PNG,2015,51.83825321,48.16174679,36.19457236,2.844538516,28.375,6.804,3.558,30580,6.578356323,2484.59634,2.546138405,40.4,49,8743246,64.473
Papua New Guinea,PNG,2016,51.79949333,48.20050667,35.91396962,2.887995521,27.865,6.744,3.495,28473,5.489573153,2316.394798,2.468043308,39.3,46,8961718,64.7
Papua New Guinea,PNG,2017,51.75971274,48.24028726,35.6185409,2.936533375,27.361,6.692,3.432,26513,3.534610818,2477.76531,2.3925158,38.2,36,9178714,64.923
Papua New Guinea,PNG,2018,51.71953033,48.28046967,35.31235545,2.991075589,26.956,6.661,3.382,24684,-0.279252285,2566.368337,2.323868777,37.1,35,9394513,65.114
Papua New Guinea,PNG,2019,51.67879938,48.32120062,35.0021074,3.050673274,26.466,6.624,3.322,22978,4.480514569,2575.772741,2.257540455,36.1,35,9609010,65.331
Papua New Guinea,PNG,2020,51.63074717,48.36925283,34.69908119,3.110558439,26.092,6.824,3.274,10703,-3.167432044,2429.611346,2.128663097,35.1,40,9815746,65.075
Papua New Guinea,PNG,2021,51.57731589,48.42268411,34.40725341,3.170955735,25.582,7.229,3.215,10703,-0.511353419,2607.578619,1.988603122,34.1,32,10012896,64.358
Papua New Guinea,PNG,2022,51.52471242,48.47528758,34.11512472,3.247020448,25.16,6.846,3.165,-787,5.707584042,3102.289686,1.882449614,33,37,10203169,65.274
Papua New Guinea,PNG,2023,51.47419052,48.52580948,33.80422893,3.348308194,24.576,6.516,3.099,-787,3.810886229,2966.068304,1.811031625,32,35,10389635,66.134
Papua New Guinea,PNG,2024,51.42742387,48.57257613,33.47950643,3.464614457,,,,-707,3.799795601,3006.705645,1.782607338,,42,10576502,
Paraguay,PRY,2000,50.5028948,49.4971052,38.98521781,3.992810635,26.885,5.324,3.508,-15884,-2.314140568,1736.117292,1.934600538,28.7,86,5100868,70.026
Paraguay,PRY,2001,50.50436707,49.49563293,38.44490292,4.034850586,25.933,5.264,3.361,-27676,-0.834054717,1637.686151,1.68775973,28.1,89,5187689,70.281
Paraguay,PRY,2002,50.50587988,49.49412012,37.90253145,4.098014798,25.109,5.217,3.233,-36918,-0.021404395,1367.765069,1.409514774,27.6,87,5261328,70.539
Paraguay,PRY,2003,50.50133889,49.49866111,37.27033074,4.180337079,24.412,5.182,3.123,-39941,4.320745486,1443.998852,1.229888024,27,86,5326436,70.795
Paraguay,PRY,2004,50.49035165,49.50964835,36.553818,4.272875721,24.089,5.178,3.053,-40907,4.057418364,1786.215339,1.1524391,26.4,92,5388175,71.054
Paraguay,PRY,2005,50.47827701,49.52172299,35.84727842,4.370085555,23.72,5.175,2.973,-42173,2.133490665,1970.871699,1.105963578,25.8,96,5448097,71.317
Paraguay,PRY,2006,50.46530093,49.53469907,35.14603378,4.480715548,23.301,5.171,2.889,-44568,4.807117193,2439.431247,1.041728108,25.2,98,5505148,71.584
Paraguay,PRY,2007,50.45110189,49.54889811,34.44997933,4.606317622,23.019,5.186,2.823,-45914,5.421622872,3211.936217,0.980401605,24.6,95,5559386,71.817
Paraguay,PRY,2008,50.43572071,49.56427929,33.78379209,4.737454671,22.989,5.207,2.792,-44679,6.49629212,4384.954694,0.969992283,23.9,89,5613574,72.047
Paraguay,PRY,2009,50.41967035,49.58032965,33.15531807,4.866328533,22.907,5.222,2.757,-40112,-0.261137328,3941.848155,1.021949007,23.3,86,5671236,72.282
Paraguay,PRY,2010,50.4040714,49.5959286,32.54736452,4.9860042,22.544,5.211,2.695,-26169,11.09523127,4750.962737,1.169858012,22.7,91,5737971,72.551
Paraguay,PRY,2011,50.38947482,49.61052518,31.96476437,5.096123121,22.483,5.209,2.667,-20427,4.286371207,5805.401545,1.327080396,22,92,5814626,72.787
Paraguay,PRY,2012,50.37491894,49.62508106,31.42630975,5.205385511,22.559,5.176,2.658,-17763,-0.708043112,5642.169917,1.406863616,21.4,91,5897008,73.105
Paraguay,PRY,2013,50.35938489,49.64061511,30.93670732,5.322681613,22.474,5.193,2.636,-17232,8.293076489,6435.683427,1.438424364,20.8,91,5982445,73.292
Paraguay,PRY,2014,50.34261358,49.65738642,30.50633702,5.446611105,22.635,5.24,2.646,-16989,5.301238645,6652.254789,1.449812057,20.2,93,6069811,73.415
Paraguay,PRY,2015,50.32528276,49.67471724,30.15293785,5.563090924,22.662,5.319,2.645,-16834,2.957151684,5879.337923,1.460368221,19.5,92,6159103,73.454
Paraguay,PRY,2016,50.30734703,49.69265297,29.8734175,5.673233345,22.487,5.396,2.624,-16737,4.268025833,5775.159634,1.451046391,18.9,92,6249126,73.487
Paraguay,PRY,2017,50.28797091,49.71202909,29.65226644,5.785780766,22.166,5.501,2.591,-16630,4.810078856,6152.267115,1.422577567,18.3,91,6338660,73.45
Paraguay,PRY,2018,50.26841411,49.73158589,29.4697304,5.904418463,21.836,5.514,2.561,-16472,3.204250341,6258.449916,1.389991173,17.7,88,6427382,73.627
Paraguay,PRY,2019,50.24943753,49.75056247,29.29824263,6.031780531,21.421,5.584,2.525,-16263,-0.401855101,5821.181995,1.35488117,17.2,86,6515058,73.668
Paraguay,PRY,2020,50.22721973,49.77278027,29.13427309,6.150038172,21.036,6.095,2.497,-8226,-0.819785391,5365.472207,1.35198907,16.7,79,6603739,72.72
Paraguay,PRY,2021,50.19522209,49.80477791,29.02193567,6.187540974,20.689,8.92,2.469,-8226,4.016737318,5976.931798,1.210783579,16.2,70,6684182,68.108
Paraguay,PRY,2022,50.16714829,49.83285171,28.92643168,6.230911074,20.356,6.359,2.444,-12500,0.176038366,6205.625954,1.134768719,15.6,69,6760464,72.319
Paraguay,PRY,2023,50.15085885,49.84914115,28.78100496,6.36927529,19.985,5.703,2.422,-12500,4.999227911,6299.990265,1.23021616,15.1,71,6844146,73.844
Paraguay,PRY,2024,50.13767195,49.86232805,28.58792409,6.537646087,,,,-12451,4.249960105,6416.09709,1.234389515,,80,6929153,
Peru,PER,2000,50.05059904,49.94940096,34.718325,4.307146189,23.836,5.631,2.845,-92353,2.694371398,1945.413385,1.560430591,29.9,98,26598331,69.821
Peru,PER,2001,50.0619312,49.9380688,34.12055372,4.52374401,23.028,5.592,2.744,-129481,0.617892326,1929.57273,1.367646226,27.7,90,26964601,70.315
Peru,PER,2002,50.07360136,49.92639864,33.504114,4.789913449,22.599,5.606,2.693,-157158,5.453528938,2007.370196,1.193006558,25.8,95,27288217,70.815
Peru,PER,2003,50.08439299,49.91560701,32.88980484,5.089345674,22.33,5.679,2.661,-181276,4.165023137,2129.441142,1.065364141,24.1,94,27580490,71.278
Peru,PER,2004,50.09294063,49.90705937,32.30003637,5.402262802,22.392,5.89,2.673,-194171,4.958203206,2397.251473,0.980296012,22.7,86,27852190,71.447
Peru,PER,2005,50.10097974,49.89902026,31.73557958,5.733878333,22.089,5.926,2.643,-221652,6.285060325,2706.669473,0.889996951,21.4,77,28101180,71.988
Peru,PER,2006,50.11030207,49.88969793,31.18684992,6.086287658,21.821,6.079,2.619,-231851,7.528899044,3129.559965,0.791526842,20.3,94,28324491,72.337
Peru,PER,2007,50.12074713,49.87925287,30.66049836,6.4428092,21.446,6.195,2.583,-236745,8.518387769,3581.089308,0.725382869,19.3,93,28530699,72.746
Peru,PER,2008,50.10378132,49.89621868,30.16340448,6.739612231,20.908,6.505,2.528,-235307,9.126568301,4197.584446,0.657968681,18.3,93,28719041,72.743
Peru,PER,2009,50.05947542,49.94052458,29.70302502,6.971790071,20.444,6.722,2.48,-219314,1.095823659,4181.187555,0.617089075,17.5,93,28896811,72.631
Peru,PER,2010,50.018239,49.981761,29.27613385,7.194093712,19.884,6.733,2.421,-181302,8.332459107,5072.11494,0.652636898,16.8,93,29086019,72.886
Peru,PER,2011,49.982656,50.017344,28.88965943,7.405219999,19.75,6.671,2.413,-148339,6.327192402,5861.357936,0.746934823,16.2,91,29304086,73.327
Peru,PER,2012,49.95188215,50.04811785,28.53287333,7.613360863,19.21,6.469,2.356,-118863,6.139724706,6519.37853,0.836916934,15.7,95,29550366,73.979
Peru,PER,2013,49.92388973,50.07611027,28.18557693,7.822236019,18.82,6.321,2.317,-95214,5.852518211,6746.800257,0.901339196,15.3,88,29817919,74.591
Peru,PER,2014,49.90078638,50.09921362,27.8450274,8.022008096,18.366,6.123,2.271,-50383,2.382157372,6667.134104,0.994129279,15,88,30115826,75.26
Peru,PER,2015,49.88459038,50.11540962,27.50721987,8.19443423,17.948,6.037,2.229,2421,3.252244772,6231.711503,1.128473819,14.7,90,30457600,75.732
Peru,PER,2016,49.87789025,50.12210975,27.19221573,8.304772293,17.565,6.036,2.189,96740,3.953318715,6217.036,1.333570651,14.5,90,30866494,75.951
Peru,PER,2017,49.87099611,50.12900389,26.84376082,8.403775092,17.254,6.102,2.152,114382,2.518835442,6736.166937,1.473365351,14.4,89,31324637,75.958
Peru,PER,2018,49.85882943,50.14117057,26.37928826,8.503951404,16.93,6.173,2.118,339067,3.969351341,6978.491215,1.812535772,14.3,89,31897584,76.018
Peru,PER,2019,49.84653292,50.15346708,25.90766587,8.606973777,16.853,6.16,2.086,74270,2.240631769,7037.008037,1.714869348,14.2,88,32449303,76.275
Peru,PER,2020,49.80901884,50.19098116,25.50368843,8.718075031,16.61,7.415,2.056,55375,-10.9333065,6133.325524,1.192504953,14.1,72,32838579,73.832
Peru,PER,2021,49.75913776,50.24086224,25.1403582,8.75409226,16.398,9.297,2.029,41868,13.36262409,6826.202556,0.961612354,14,82,33155882,71.596
Peru,PER,2022,49.74332973,50.25667027,24.76513078,8.81067934,16.183,6.389,2.004,33982,2.809033553,7350.630343,0.959183909,13.8,82,33475438,76.834
Peru,PER,2023,49.74187056,50.25812944,24.35816135,8.992566157,15.944,5.491,1.98,24783,-0.403242151,7887.541859,1.099753208,13.5,84,33845617,77.74
Peru,PER,2024,49.73300483,50.26699517,23.97040463,9.228122839,,,,18406,3.303940982,8452.371671,1.093787132,,80,34217848,
Philippines,PHL,2000,50.24469454,49.75530546,39.18694559,2.988487455,29.285,5.394,3.754,-33868,4.382505001,1050.792731,2.379265889,27.3,78,79625397,67.789
Philippines,PHL,2001,50.258397,49.741603,38.78645253,3.02090178,29.145,5.421,3.719,-247496,3.049231345,969.5306117,2.206045319,26.8,79,81401488,67.829
Philippines,PHL,2002,50.24928226,49.75071774,38.42373129,3.05926749,28.534,5.426,3.651,-268520,3.716255002,1014.908793,2.027669856,26.4,79,83068889,67.886
Philippines,PHL,2003,50.2397806,49.7602194,38.03687717,3.099522747,28.101,5.407,3.591,-248066,5.086911135,1027.230119,1.982113551,25.9,84,84731835,68.049
Philippines,PHL,2004,50.22957073,49.77042927,37.63996065,3.13944332,27.629,5.356,3.524,-273743,6.569228512,1099.63013,1.943267567,25.5,88,86394504,68.301
Philippines,PHL,2005,50.21739977,49.78260023,37.24705944,3.177988347,27.154,5.357,3.448,-326063,4.942505119,1220.460186,1.859412172,25,89,88015962,68.423
Philippines,PHL,2006,50.1825543,49.8174457,36.90798877,3.216610565,27.419,5.519,3.466,-566647,5.316416821,1426.146492,1.682083808,24.5,88,89508986,68.172
Philippines,PHL,2007,50.15229396,49.84770604,36.58297852,3.251486706,27,5.428,3.403,-225977,6.51929155,1712.655433,1.734634073,24.1,87,91075184,68.549
Philippines,PHL,2008,50.1296237,49.8703763,36.27811704,3.283546098,27.12,5.463,3.401,-498480,4.344487305,1959.292335,1.767334664,23.8,87,92699095,68.643
Philippines,PHL,2009,50.107982,49.892018,35.98210824,3.3133081,26.987,5.526,3.376,-164411,1.448323063,1864.450434,1.801550616,23.4,88,94384250,68.631
Philippines,PHL,2010,50.1286394,49.8713606,35.60647985,3.341359834,26.564,5.482,3.315,13556,7.33449996,2162.913759,2.047954252,23.1,88,96337125,68.883
Philippines,PHL,2011,50.14989779,49.85010221,35.2356689,3.37924918,26.007,5.463,3.236,-240005,3.858232828,2383.918925,1.964738525,22.8,89,98248614,69.096
Philippines,PHL,2012,50.17659206,49.82340794,34.84951924,3.431819727,25.22,5.459,3.143,95702,6.896951711,2614.616444,1.942262379,22.6,89,100175512,69.237
Philippines,PHL,2013,50.20195376,49.79804624,34.44909749,3.509822786,24.56,5.508,3.042,-218439,6.750531301,2781.279577,1.879715797,22.4,85,102076336,69.283
Philippines,PHL,2014,50.20386466,49.79613534,34.05499458,3.623377172,23.404,5.558,2.894,-196524,6.347987483,2866.838038,1.642832838,22.3,80,103767130,69.311
Philippines,PHL,2015,50.17096561,49.82903439,33.54216464,3.770242345,22.933,5.583,2.829,-390702,6.348309717,2909.85818,1.478753843,22.2,76,105312992,69.45
Philippines,PHL,2016,50.11783028,49.88216972,32.93212041,3.937811109,21.76,5.662,2.679,-309251,7.14945675,2985.19564,1.341907095,22.3,84,106735719,69.49
Philippines,PHL,2017,50.05590147,49.94409853,32.33590928,4.118155403,20.571,5.565,2.525,-263593,6.930988326,3038.12125,1.288301867,22.4,84,108119693,69.966
Philippines,PHL,2018,49.97960952,50.02039048,31.78615213,4.314089106,19.418,5.753,2.378,-163602,6.341485572,3168.510366,1.236860333,22.6,84,109465287,69.761
Philippines,PHL,2019,49.9056317,50.0943683,31.27339559,4.519426744,18.104,5.896,2.215,-6208,6.118525662,3400.789498,1.216155346,22.7,84,110804683,69.68
Philippines,PHL,2020,49.87942409,50.12057591,30.68229718,4.725674311,17.017,5.831,2.075,-47014,-9.51829474,3227.579102,1.145514086,22.8,83,112081264,70.097
Philippines,PHL,2021,49.88436525,50.11563475,30.01364887,4.880730445,16.108,7.992,1.95,-85185,5.714733132,3484.385939,0.905660311,22.7,69,113100950,66.675
Philippines,PHL,2022,49.88336483,50.11663517,29.33100998,5.041315183,16.057,6.266,1.929,-221754,7.580982128,3548.069306,0.760479216,22.4,84,113964338,69.472
Philippines,PHL,2023,49.88268684,50.11731316,28.60754809,5.262171561,16.019,6.236,1.916,-164284,5.518949679,3804.082741,0.810000999,22.1,89,114891199,69.833
Philippines,PHL,2024,49.88110874,50.11889126,27.86806749,5.49193411,,,,-160373,5.692016128,3984.831539,0.825602489,,71,115843670,
Poland,POL,2000,48.46671438,51.53328562,19.44213132,12.24416918,9.9,9.6,1.37,-15921,4.65633253,4520.641004,-1.044335398,8.1,98,38258629,73.74878049
Poland,POL,2001,48.45060797,51.54939203,18.73811462,12.46521835,9.6,9.5,1.31,-16648,1.233744644,5015.2379,-0.027587125,7.6,98,38248076,74.2
Poland,POL,2002,48.43319311,51.56680689,18.1057996,12.68219874,9.3,9.4,1.25,-16462,1.90119438,5223.45179,-0.046318937,7.3,99,38230364,74.49756098
Poland,POL,2003,48.41528232,51.58471768,17.51726359,12.87438562,9.2,9.6,1.22,-19039,3.523371172,5720.813662,-0.067492702,7,99,38204570,74.59756098
Poland,POL,2004,48.39380928,51.60619072,16.97530825,13.05970419,9.3,9.5,1.23,-38216,5.090795464,6711.727153,-0.058512735,6.7,99,38182222,74.84634146
Poland,POL,2005,48.36915245,51.63084755,16.48273668,13.23479262,9.5,9.6,1.24,-41942,3.260822747,8043.923323,-0.043948953,6.5,99,38165445,74.99512195
Poland,POL,2006,48.33693435,51.66306565,16.03634451,13.3771602,9.8,9.7,1.27,-68882,6.202107109,9068.855283,-0.063370574,6.3,99,38141267,75.14390244
Poland,POL,2007,48.29853147,51.70146853,15.6730708,13.46436958,10.2,9.9,1.31,-51235,6.760447853,11272.52937,-0.054305021,6,99,38120560,75.24390244
Poland,POL,2008,48.27098595,51.72901405,15.42080117,13.51051095,10.9,10,1.39,-42288,4.383770693,14048.56047,0.01363738,5.7,99,38125759,75.54390244
Poland,POL,2009,48.14894713,51.85105287,15.15126445,13.54552788,10.9,10.1,1.4,-8283,2.615128593,11556.30269,0.067763227,5.4,99,38151603,75.69512195
Poland,POL,2010,48.19173605,51.80826395,15.073385,13.57078829,10.9,9.9,1.41,119623,3.168927483,12567.73177,-0.285609122,5.1,99,38042794,76.24634146
Poland,POL,2011,48.40436622,51.59563378,15.16868075,13.7095292,10.2,9.9,1.33,45951,5.255462566,13867.66694,0.053769709,4.9,99,38063255,76.69512195
Poland,POL,2012,48.46482162,51.53517838,15.14446917,14.0246185,10.1,10.1,1.33,4635,1.511781676,13087.42094,-0.000239076,4.7,99,38063164,76.74634146
Poland,POL,2013,48.47071802,51.52928198,15.10634974,14.43082182,9.7,10.2,1.29,12402,0.684240607,13621.90238,-0.060360017,4.5,99,38040196,77
Poland,POL,2014,48.47790989,51.52209011,15.09214804,14.88280069,9.9,9.9,1.32,5525,3.920508624,14262.28419,-0.074846229,4.3,98,38011735,77.60243902
Poland,POL,2015,48.48589419,51.51410581,15.09896537,15.37753283,9.7,10.4,1.32,3887,4.431767003,12637.52203,-0.066641101,4.2,98,37986412,77.45121951
Poland,POL,2016,48.49393798,51.50606202,15.13490681,15.91291151,10.1,10.2,1.39,-5675,3.031177676,12464.01105,-0.042985131,4.1,98,37970087,77.85121951
Poland,POL,2017,48.50279799,51.49720201,15.20715543,16.46593604,10.6,10.6,1.48,-21535,5.152457733,13913.34029,0.012480099,4,96,37974826,77.75365854
Poland,POL,2018,48.51297706,51.48702294,15.30869801,17.01456161,10.2,10.9,1.46,-223,6.245858472,15658.21203,-0.000200133,3.9,95,37974750,77.60243902
Poland,POL,2019,48.52368882,51.47631118,15.42232332,17.5584217,9.9,10.8,1.44,7696,4.580458173,15874.52205,-0.024427107,3.8,95,37965475,77.90487805
Poland,POL,2020,48.51530139,51.48469861,15.48879422,18.07604682,9.5,12.7,1.39,3920,-2.035568824,16150.93048,-1.191640262,3.8,94,37515748,76.4
Poland,POL,2021,48.48522361,51.51477639,15.46209748,18.5352369,9,14,1.33,2251,6.927182661,18635.51049,-1.43414085,3.8,94,36981559,75.35121951
Poland,POL,2022,48.46595116,51.53404884,15.32375474,19.0192157,8.3,12.2,1.29,967744,5.255456974,18891.21212,-0.433070696,3.7,94,36821749,77.15609756
Poland,POL,2023,48.46055413,51.53944587,15.09676657,19.56091147,7.4,11.1,1.158,-7824,0.249610834,22145.26606,-0.365658527,3.7,95,36687353,78.50731707
Poland,POL,2024,48.44912846,51.55087154,14.80578048,20.14340282,,,,-238062,3.028416307,25103.56566,-0.349832361,,94,36559233,
Portugal,PRT,2000,48.25958444,51.74041556,16.38685198,16.13090064,11.7,10.2,1.55,60586,3.816177141,11526.37207,0.702859953,5.5,96,10289898,76.31463415
Portugal,PRT,2001,48.28357699,51.71642301,16.21746064,16.38771317,10.9,10.1,1.45,55565,1.943672134,11734.76497,0.705230637,5.1,97,10362722,76.81463415
Portugal,PRT,2002,48.26126268,51.73873732,16.14460191,16.60606639,11,10.2,1.46,42169,0.770924781,12936.69282,0.54766794,4.7,98,10419631,77.06585366
Portugal,PRT,2003,48.21127685,51.78872315,16.08741712,16.80629256,10.8,10.4,1.44,24740,-0.930521045,15797.78213,0.375411415,4.3,99,10458821,77.2195122
Portugal,PRT,2004,48.17155297,51.82844703,16.0123167,17.0413986,10.4,9.7,1.4,13928,1.788735529,18064.15809,0.23912899,3.9,95,10483861,77.67073171
Portugal,PRT,2005,48.13398922,51.86601078,15.92289855,17.26806267,10.4,10.2,1.41,15537,0.781847569,18780.12751,0.185532267,3.7,93,10503330,78.07073171
Portugal,PRT,2006,48.09474806,51.90525194,15.801782,17.46418703,10,9.7,1.37,16754,1.62503533,19839.45405,0.180332441,3.4,97,10522288,78.4195122
Portugal,PRT,2007,48.04978257,51.95021743,15.648549,17.66261968,9.7,9.8,1.35,21064,2.506579378,22811.05648,0.196304384,3.3,97,10542964,78.32195122
Portugal,PRT,2008,47.98694747,52.01305253,15.49991975,17.89268834,9.9,9.9,1.39,9478,0.319247344,24949.04136,0.14419128,3.2,97,10558177,78.52439024
Portugal,PRT,2009,47.91082714,52.08917286,15.35989494,18.17585543,9.4,9.9,1.34,14532,-3.122078275,23151.21541,0.095330859,3.1,96,10568247,78.72682927
Portugal,PRT,2010,47.83605863,52.16394137,15.18714563,18.51770451,9.6,10,1.39,-5627,1.737624536,22551.9351,0.045910037,3,98,10573100,79.02682927
Portugal,PRT,2011,47.76889914,52.23110086,15.04849957,18.86558298,9.2,9.7,1.35,-31513,-1.713527459,23246.54254,-0.147084879,3,97,10557560,80.47073171
Portugal,PRT,2012,47.69716974,52.30283026,14.94410809,19.20037287,8.5,10.2,1.28,-37083,-4.050902676,20593.42742,-0.405421788,3,98,10514844,80.37317073
Portugal,PRT,2013,47.60731121,52.39268879,14.77793589,19.62765928,7.9,10.2,1.21,-36342,-0.984106574,21676.48596,-0.548815211,2.9,98,10457295,80.72195122
Portugal,PRT,2014,47.52405754,52.47594246,14.55565161,20.11410315,7.9,10.1,1.24,-26447,0.741391421,22120.68501,-0.539190467,2.9,98,10401062,81.12195122
Portugal,PRT,2015,47.47356071,52.52643929,14.29875431,20.5742533,8.2,10.5,1.31,-3209,1.589798037,19215.7813,-0.414141102,2.9,98,10358076,81.12439024
Portugal,PRT,2016,47.45760156,52.54239844,14.0827722,21.02699864,8.4,10.7,1.37,-775,2.004141297,19980.28089,-0.315459017,2.9,98,10325452,81.12439024
Portugal,PRT,2017,47.4483111,52.5516889,13.90334614,21.48828305,8.3,10.6,1.38,13979,3.314720082,21442.38428,-0.24388941,2.9,98,10300300,81.42439024
Portugal,PRT,2018,47.42405417,52.57594583,13.71758428,21.93239301,8.4,10.9,1.42,22495,2.946283434,23541.14011,-0.160104021,2.9,99,10283822,81.32439024
Portugal,PRT,2019,47.44222637,52.55777363,13.53190735,22.3900784,8.4,10.8,1.44,63031,2.745684326,23343.3629,0.023733495,2.8,99,10286263,81.67560976
Portugal,PRT,2020,47.50711585,52.49288415,13.33769795,22.8627034,8.1,11.9,1.42,54076,-8.204631593,22299.40441,0.105114125,2.7,99,10297081,81.32926829
Portugal,PRT,2021,47.58929785,52.41070215,13.14548022,23.2908706,7.6,12,1.35,69606,5.558756721,24711.45101,0.626850165,2.7,99,10361831,81.37804878
Portugal,PRT,2022,47.63789214,52.36210786,13.00221823,23.68800352,8,11.9,1.43,68696,6.985841376,24620.51976,0.697256448,2.6,99,10434332,81.63170732
Portugal,PRT,2023,47.63600163,52.36399837,12.89364664,24.11151061,8.1,11.2,1.44,29102,3.09997909,27634.61831,1.36912986,2.6,99,10578174,82.2804878
Portugal,PRT,2024,47.63358187,52.36641813,12.8014202,24.53064986,,,,20648,2.139671772,29292.2421,1.095369332,,99,10694681,
Qatar,QAT,2000,68.30023458,31.69976542,23.4757492,1.243819662,17.318,1.854,3.073,22769,8.028125452,27535.18294,5.168431997,10.4,80,644989,75.25
Qatar,QAT,2001,68.43854409,31.56145591,22.95076889,1.229634547,17.59,1.831,3.08,22456,3.898186662,25870.79919,4.980339997,10,93,677925,75.486
Qatar,QAT,2002,68.5644786,31.4355214,22.53105645,1.206403217,17.352,1.798,3.011,22356,7.18215168,27226.65935,4.792405219,9.6,96,711205,75.766
Qatar,QAT,2003,68.68381403,31.31618597,22.17463293,1.176408185,16.921,1.758,2.925,22234,3.719958677,31602.47087,4.599656707,9.3,92,744682,76.097
Qatar,QAT,2004,68.08981383,31.91018617,22.20377393,1.155906418,16.259,1.722,2.794,12531,19.21891534,41035.50084,3.775117024,9,96,773332,76.484
Qatar,QAT,2005,68.32729995,31.67270005,22.52529811,1.158579247,15.436,1.634,2.635,68993,7.492758483,53949.67641,6.516935769,8.7,97,825408,76.909
Qatar,QAT,2006,71.4990579,28.5009421,20.17241432,1.139612122,11.972,1.461,2.509,204236,26.17024567,62582.44531,16.43325679,8.4,96,972831,77.323
Qatar,QAT,2007,74.81910814,25.18089186,16.36288418,1.076084213,10.783,1.391,2.438,245703,17.98565682,65954.34195,21.70034294,8.1,94,1208595,77.741
Qatar,QAT,2008,76.18200651,23.81799349,14.57312281,0.992754768,11.226,1.371,2.369,165572,17.66355636,80781.40392,16.60723618,7.9,97,1426938,78.262
Qatar,QAT,2009,76.05989723,23.94010277,14.03606886,0.895526905,10.98,1.287,2.254,123217,11.95656113,60785.73516,12.00216905,7.7,99,1608903,78.837
Qatar,QAT,2010,75.45940304,24.54059696,13.88804137,0.862464637,11.223,1.188,2.137,90620,19.59217448,76462.61195,0.491609879,7.5,97,1616832,79.444
Qatar,QAT,2011,74.86153676,25.13846324,14.16436125,0.928877109,11.33,1.148,2.07,77228,13.37523455,103261.5103,0.489204895,7.3,93,1624761,79.994
Qatar,QAT,2012,74.28138913,25.71861087,14.49504671,1.03001022,11.397,1.132,2.04,77091,4.730085137,108470.387,5.838000102,7.1,92,1722438,80.499
Qatar,QAT,2013,74.09021072,25.90978928,14.64776613,1.084721798,11.367,1.104,2.032,133520,5.556103642,103697.0628,10.6721264,6.9,97,1916426,80.974
Qatar,QAT,2014,74.62861295,25.37138705,14.40198037,1.061792161,11.131,1.047,2.03,194712,5.334341598,95840.68989,11.58171478,6.7,89,2151745,81.395
Qatar,QAT,2015,75.27608525,24.72391475,13.94873916,1.050845775,10.596,0.97,1.976,177467,4.753323729,68985.24334,8.581733062,6.4,99,2344557,81.785
Qatar,QAT,2016,75.38047652,24.61952348,13.70227116,1.086223903,9.969,0.92,1.856,119725,3.064105032,61253.6218,5.49972977,6.2,98,2477113,82.147
Qatar,QAT,2017,74.95966504,25.04033496,13.73710404,1.122525339,10.031,0.901,1.834,46719,-1.497562091,63279.87675,2.735902933,5.9,97,2545820,82.458
Qatar,QAT,2018,74.30675423,25.69324577,13.95487809,1.144272913,9.921,0.877,1.756,12465,1.23483197,71039.93082,1.36210561,5.6,98,2580734,82.714
Qatar,QAT,2019,73.2891934,26.7108066,14.55564685,1.172120299,9.979,0.841,1.731,10557,0.688255894,66841.36232,2.2196221,5.4,98,2638657,82.945
Qatar,QAT,2020,72.10955648,27.89044352,15.39711954,1.247692513,10.046,1.053,1.675,-50433,-3.557502843,51683.56811,5.725715448,5.2,89,2794148,80.409
Qatar,QAT,2021,71.8223065,28.1776935,15.54295907,1.303862689,9.555,1.053,1.605,24501,1.626935873,71751.93634,-10.92744243,5.1,98,2504910,81.083
Qatar,QAT,2022,71.84706417,28.15293583,15.24801596,1.391102022,10.099,0.932,1.739,80004,4.184970185,88701.46898,5.90701825,5,98,2657333,81.857
Qatar,QAT,2023,71.51625904,28.48374096,15.1605931,1.572095028,9.908,0.93,1.729,39995,1.539791177,81816.9798,-0.048970851,4.9,95,2656032,82.368
Qatar,QAT,2024,71.28059328,28.71940672,15.07074314,1.6758173,,,,46105,2.359705869,76688.69417,7.322651652,,96,2857822,
Romania,ROU,2000,48.03481643,51.96518357,18.62509206,13.48756795,10.4,11.4,1.31,-92451,2.461263459,1659.929049,-0.12944004,18.1,99,22442971,71.16341463
Romania,ROU,2001,47.97838879,52.02161121,18.08618349,13.80030513,10,11.7,1.27,-91154,5.218136257,1825.192994,-1.395429986,17.4,99,22131970,71.16097561
Romania,ROU,2002,47.9563337,52.0436663,17.47039328,14.13125709,9.7,12.4,1.27,-106585,5.70299165,2119.855097,-1.830654994,17,98,21730496,71.0097561
Romania,ROU,2003,47.98259898,52.01740102,16.88396442,14.43428182,9.8,12.4,1.3,-107139,2.341147329,2679.40626,-0.721262297,16.9,97,21574326,71.3097561
Romania,ROU,2004,48.02197258,51.97802742,16.36472647,14.70367014,10.1,12.1,1.33,-117432,10.42811302,3494.990564,-0.569786273,16.5,97,21451748,71.56097561
Romania,ROU,2005,48.06238871,51.93761129,15.98597348,14.91675009,10.4,12.3,1.4,-131176,4.668148051,4618.003508,-0.617530957,15.5,97,21319685,71.91219512
Romania,ROU,2006,48.10013514,51.89986486,15.79728208,15.09063447,10.4,12.2,1.42,-132777,8.028811076,5757.531273,-0.59240256,14.2,97,21193760,72.16341463
Romania,ROU,2007,48.13334378,51.86665622,15.71792985,15.25274935,10.3,12.1,1.45,-133089,7.233807744,8360.337759,-1.477222982,12.9,96,20882982,72.56585366
Romania,ROU,2008,48.16025027,51.83974973,15.70037409,15.41525301,10.8,12.3,1.6,-144368,9.307467171,10435.15612,-1.666382643,11.9,96,20537875,72.56585366
Romania,ROU,2009,48.17969409,51.82030591,15.71612505,15.62888899,10.9,12.6,1.66,-137953,-5.516706158,8548.454341,-0.833088755,11.1,95,20367487,73.3097561
Romania,ROU,2010,48.19613036,51.80386964,15.74708111,15.83999647,10.5,12.8,1.59,-122364,-3.905811573,8399.537423,-0.593959184,10.5,94,20246871,73.45853659
Romania,ROU,2011,48.21754115,51.78245885,15.76929921,16.05739687,9.7,12.5,1.47,-102769,4.495589099,9560.675528,-0.491866213,10,89,20147528,74.4097561
Romania,ROU,2012,48.24430724,51.75569276,15.74617397,16.26635279,10,12.7,1.52,-37589,1.903616968,8929.953662,-0.445177936,9.5,91,20058035,74.41219512
Romania,ROU,2013,48.27352906,51.72647094,15.69738026,16.45828142,9.4,12.4,1.46,-34910,0.278771877,9497.674116,-0.371323063,8.9,92,19983693,75.06341463
Romania,ROU,2014,48.30431666,51.69568334,15.65951148,16.79392668,10,12.8,1.56,-35448,4.116001093,10031.77108,-0.374575498,8.3,94,19908979,74.9097561
Romania,ROU,2015,48.33488668,51.66511332,15.65702505,17.2096253,10.2,13.2,1.62,-35751,3.157036054,8977.017482,-0.470052228,7.7,89,19815616,74.91219512
Romania,ROU,2016,48.3596872,51.6403128,15.71051507,17.57419288,10.4,13.1,1.69,-33073,2.859932523,9404.540059,-0.573660845,7.1,89,19702267,75.2097561
Romania,ROU,2017,48.38005238,51.61994762,15.82446526,17.9121341,10.8,13.4,1.78,-33081,8.195478266,10727.9822,-0.578007015,6.5,82,19588715,75.2097561
Romania,ROU,2018,48.40305111,51.59694889,15.94985415,18.24967782,10.4,13.6,1.76,-33018,5.394522282,12416.13432,-0.587493307,6,86,19473970,75.35853659
Romania,ROU,2019,48.42718591,51.57281409,16.04411846,18.60423653,10.3,13.4,1.77,-27909,3.960289585,12909.6104,-0.526814822,5.6,88,19371648,75.60731707
Romania,ROU,2020,48.4487534,51.5512466,16.09858446,19.0166657,10.3,15.5,1.8,-13202,-3.59802546,13009.17706,-0.550759893,5.4,87,19265250,74.25365854
Romania,ROU,2021,48.44494495,51.55505505,16.09800801,19.32696583,10.1,17.5,1.81,-17731,5.587350725,14907.98037,-0.746036479,5.3,86,19122059,72.8097561
Romania,ROU,2022,48.43450173,51.56549827,16.01587852,19.51524702,9.4,14.3,1.71,89076,4.187713051,15503.5518,-0.38541268,5.4,85,19048502,75.15365854
Romania,ROU,2023,48.43616213,51.56383787,15.87646998,19.75314092,8,12.7,1.71,-27780,2.257734166,18244.41869,0.065915215,5.4,79,19061062,76.60731707
Romania,ROU,2024,48.433728,51.566272,15.71576477,19.98099877,,,,-28466,0.916003764,20080.20962,-0.04858202,,79,19051804,
Russian Federation,RUS,2000,46.75452973,53.24547027,18.01557831,12.32969834,8.7,15.3,1.195,550401,10.00006681,1771.594116,-0.42061499,15.6,96,146596869,65.48365854
Russian Federation,RUS,2001,46.68761774,53.31238226,17.2694385,12.48948584,9,15.6,1.223,259614,5.100051226,2100.352539,-0.424090525,14.8,96,145976482,65.38341463
Russian Federation,RUS,2002,46.6151227,53.3848773,16.57505987,12.76513624,9.7,16.2,1.286,1358944,4.699991909,2377.529541,-0.460024258,13.8,97,145306497,65.12878049
Russian Federation,RUS,2003,46.54410054,53.45589946,16.02247948,13.11177065,10.2,16.4,1.319,256804,7.299952345,2975.123047,-0.453780668,12.9,96,144648618,65.02756098
Russian Federation,RUS,2004,46.46519006,53.53480994,15.58108174,13.46328937,10.4,15.9,1.344,261519,7.19994787,4102.364746,-0.402681471,11.9,97,144067316,65.47097561
Russian Federation,RUS,2005,46.38296367,53.61703633,15.21575891,13.74047315,10.2,16.1,1.294,263541,6.399965448,5323.455078,-0.381452795,11,98,143518814,65.5297561
Russian Federation,RUS,2006,46.31536615,53.68463385,14.94454125,13.90282141,10.3,15.1,1.305,308370,8.200068255,6920.199707,-0.32744527,10.2,98,143049637,66.72756098
Russian Federation,RUS,2007,46.27781678,53.72218322,14.82759424,13.84747306,11.3,14.6,1.416,365717,8.499977769,9101.239258,-0.171082033,9.5,98,142805114,67.58682927
Russian Federation,RUS,2008,46.25829176,53.74170824,14.88094786,13.5032807,12,14.5,1.502,360840,5.199969264,11635.28418,-0.043949259,9,98,142742366,67.94926829
Russian Federation,RUS,2009,46.25060294,53.74939706,15.0325304,13.05613563,12.3,14.1,1.542,350206,-7.799993913,8562.824219,0.03010706,8.6,98,142785348,68.68463415
Russian Federation,RUS,2010,46.25598393,53.74401607,15.17144447,12.70061131,12.5,14.2,1.567,307555,4.499999999,10674.99023,0.044896488,8.3,97,142849468,68.84121951
Russian Federation,RUS,2011,46.27280109,53.72719891,15.37437079,12.5963495,12.6,13.5,1.582,309377,4.300029186,14305.33203,0.118045544,8.1,97,143018195,69.68390244
Russian Federation,RUS,2012,46.29739903,53.70260097,15.71129727,12.71299618,13.3,13.3,1.691,285977,4.024086157,15401.85156,0.251575708,7.9,97,143378447,70.07219512
Russian Federation,RUS,2013,46.32434999,53.67565001,16.08543804,12.88378395,13.2,13,1.707,289872,1.755422149,15941.44824,0.297503474,7.6,97,143805638,70.57878049
Russian Federation,RUS,2014,46.34598708,53.65401292,16.47036255,13.1683588,13.3,13.1,1.75,264698,0.736267222,14055.47266,0.299667432,7.2,97,144237223,70.74365854
Russian Federation,RUS,2015,46.36312181,53.63687819,16.85481791,13.53446475,13.3,13,1.777,384756,-1.972719226,9277.713867,0.279352078,6.6,97,144640716,71.18341463
Russian Federation,RUS,2016,46.3851243,53.6148757,17.204085,13.87152526,12.9,12.9,1.762,447645,0.193690071,8663.158203,0.258751057,6.1,97,145015460,71.65121951
Russian Federation,RUS,2017,46.40984033,53.59015967,17.45814887,14.24092917,11.5,12.4,1.621,396619,1.825790064,10658.91309,0.191382529,5.6,97,145293260,72.45146341
Russian Federation,RUS,2018,46.4292513,53.5707487,17.58650032,14.63025009,10.9,12.5,1.579,339972,2.807245411,11211.8877,0.072135617,5.1,97,145398106,72.66219512
Russian Federation,RUS,2019,46.43606038,53.56393962,17.63940217,15.06329933,10.1,12.3,1.504,336494,2.198075713,11447.70117,0.037947214,4.7,97,145453291,73.08390244
Russian Federation,RUS,2020,46.44031031,53.55968969,17.66854723,15.47214224,9.8,14.6,1.505,334094,-2.653654501,10108.32715,-0.143202032,4.4,97,145245148,71.33878049
Russian Federation,RUS,2021,46.45426381,53.54573619,17.72048225,15.73339879,9.6,16.7,1.505,314112,5.866491773,12425.0293,-0.34372441,4.1,97,144746762,69.9002439
Russian Federation,RUS,2022,46.45591903,53.54408097,17.68931987,16.07553629,8.9,12.9,1.416,765629,-1.435882139,15619.61426,-0.35284311,3.9,97,144236933,72.54560976
Russian Federation,RUS,2023,46.43485242,53.56514758,17.51498167,16.60464273,8.6,12.1,1.41,27807,4.082524813,14159.3877,-0.285217601,3.7,97,143826130,73.25463415
Russian Federation,RUS,2024,46.40571793,53.59428207,17.27834133,17.17747538,,,,-178042,4.344374755,14889.01855,-0.203423664,,97,143533851,
Rwanda,RWA,2000,47.74758882,52.25241118,46.42950777,2.144357077,42.112,15.173,5.967,-153588,8.370895935,251.8692639,0.80699171,107.9,90,8213931,47.798
Rwanda,RWA,2001,47.64170074,52.35829926,45.21879773,2.294338504,42.113,14.257,5.893,-152197,8.484560342,237.3088462,0.886774966,98,77,8287094,49.49
Rwanda,RWA,2002,47.56867115,52.43132885,44.30587797,2.433900226,41.784,13.328,5.816,-91518,13.19207363,234.0430168,1.355376932,88.3,88,8400180,51.262
Rwanda,RWA,2003,47.61210568,52.38789432,43.71797074,2.515146663,41.402,12.143,5.737,-25355,2.202387511,249.012275,2.19817405,79.5,96,8586875,53.529
Rwanda,RWA,2004,47.72493964,52.27506036,43.3304901,2.556958168,41.145,11.058,5.64,-31214,7.44766737,269.5404463,2.642910816,71.1,89,8816844,55.52
Rwanda,RWA,2005,47.82714816,52.17285184,43.07681748,2.596927195,40.638,10.253,5.5,-33830,9.377899167,324.0168638,2.660098122,63.9,95,9054528,56.968
Rwanda,RWA,2006,47.91971306,52.08028694,42.93294854,2.631003632,39.861,9.52,5.335,-34008,9.227075768,356.9950229,2.666835752,57.9,99,9299246,58.342
Rwanda,RWA,2007,48.0045726,51.9954274,42.85031932,2.660929524,38.833,8.907,5.141,-32537,7.633298191,426.2341835,2.660081716,53,97,9549933,59.504
Rwanda,RWA,2008,48.08334002,51.91665998,42.76622983,2.688318868,37.643,8.336,4.922,-31913,11.16124732,528.3263918,2.628376431,48.8,97,9804269,60.641
Rwanda,RWA,2009,48.15761391,51.84238609,42.62542317,2.712711676,36.315,7.784,4.707,-30128,6.248257506,564.0390958,2.579220303,45.4,97,10060432,61.813
Rwanda,RWA,2010,48.23020536,51.76979464,42.41531677,2.73524145,35.149,7.347,4.522,-29501,7.33465645,593.6249277,2.523651344,42.2,97,10317553,62.804
Rwanda,RWA,2011,48.30128095,51.69871905,42.16559563,2.760151027,33.8,7.043,4.332,-27915,7.958388698,651.133678,2.452628735,39,97,10573733,63.476
Rwanda,RWA,2012,48.36496659,51.63503341,41.90729444,2.793991376,32.852,6.759,4.201,-25260,8.641508158,706.8172692,2.393801282,37.2,98,10829901,64.189
Rwanda,RWA,2013,48.415653,51.584347,41.65740886,2.835778043,32.409,6.598,4.136,-16779,4.71984857,704.9242185,2.403400855,35.7,98,11093340,64.651
Rwanda,RWA,2014,48.45680378,51.54319622,41.41146177,2.889327066,32.24,6.478,4.117,-19505,6.167166152,724.9575265,2.41721474,34.6,98,11364757,65.088
Rwanda,RWA,2015,48.49406642,51.50593358,41.14874955,2.96109406,32.098,6.401,4.108,-21862,8.856855597,733.9986299,2.393225669,33.7,98,11640022,65.419
Rwanda,RWA,2016,48.52855267,51.47144733,40.85069841,3.04670211,31.971,6.336,4.106,-24474,5.970745254,729.5191338,2.369978668,33.1,98,11919183,65.733
Rwanda,RWA,2017,48.56038664,51.43961336,40.51346082,3.142784778,31.666,6.234,4.084,-25634,3.918170936,758.3009665,2.345567092,32.6,98,12202060,66.14
Rwanda,RWA,2018,48.59021415,51.40978585,40.12295087,3.246753923,31.231,6.206,4.047,-25323,8.516467226,771.7735112,2.316307296,32.2,97,12487996,66.354
Rwanda,RWA,2019,48.61936382,51.38063618,39.66286903,3.357025221,30.672,6.132,3.985,-24492,9.447385186,810.0514121,2.280860997,31.8,98,12776103,66.691
Rwanda,RWA,2020,48.64838367,51.35161633,39.15657298,3.475701557,30.021,6.089,3.913,-22251,-3.373687464,778.7014989,2.242448834,31.5,91,13065837,66.953
Rwanda,RWA,2021,48.67673112,51.32326888,38.64027357,3.605657995,29.389,6.185,3.841,-21492,10.85843202,829.5448453,2.190935352,31.1,88,13355260,66.85
Rwanda,RWA,2022,48.70976769,51.29023231,38.1567618,3.721448125,28.859,5.993,3.778,-9001,8.161207209,975.4693237,2.190466192,30.8,98,13651030,67.528
Rwanda,RWA,2023,48.74715432,51.25284568,37.73136446,3.821850222,28.348,5.935,3.698,-9001,8.24990302,1027.034468,2.198498205,30.5,94,13954471,67.785
Rwanda,RWA,2024,48.78283811,51.21716189,37.36079792,3.926068033,,,,-15582,8.890655296,999.6545617,2.141768396,,98,14256567,
Samoa,WSM,2000,51.66194237,48.33805763,40.48875802,4.462668905,32.057,5.337,4.523,-3453,5.093044692,1424.7524,0.779095553,16.4,98,181685,70.791
Samoa,WSM,2001,51.64277213,48.35722787,40.65738183,4.477905288,31.254,5.272,4.477,-3198,7.390129062,1453.870213,0.811842716,15.9,90,183166,71.028
Samoa,WSM,2002,51.60323303,48.39676697,40.54593947,4.52781196,30.558,5.233,4.444,-3624,5.651959199,1527.557905,0.709942406,15.5,92,184471,71.233
Samoa,WSM,2003,51.54747588,48.45252412,40.19333441,4.599309713,30.172,5.247,4.392,-3748,5.212628926,1798.124297,0.518518278,15.3,90,185430,71.441
Samoa,WSM,2004,51.49343084,48.50656916,39.91199929,4.674668521,29.774,5.325,4.343,-3796,3.087260238,2189.260426,0.440703578,15.1,63,186249,71.508
Samoa,WSM,2005,51.43920675,48.56079325,39.64332798,4.748406902,29.522,5.438,4.322,-3805,6.639203613,2550.042214,0.390647476,15,59,186978,71.487
Samoa,WSM,2006,51.38325813,48.61674187,39.3617248,4.810904112,29.326,5.497,4.322,-3714,2.132127147,2663.291359,0.390192842,15.1,50,187709,71.62
Samoa,WSM,2007,51.3289855,48.6710145,39.04414764,4.847869968,29.329,5.593,4.358,-3152,0.48598255,3038.619041,0.554639075,15.1,65,188753,71.605
Samoa,WSM,2008,51.27533442,48.72466558,38.74581157,4.864102847,29.769,5.675,4.417,-3194,3.556104674,3373.606399,0.71477895,15.2,39,190107,71.531
Samoa,WSM,2009,51.21741083,48.78258917,38.54689095,4.869891679,30.135,6.511,4.466,-3093,-0.541677602,3279.182695,0.736861989,17.4,64,191513,69.486
Samoa,WSM,2010,51.1578991,48.8421009,38.44007823,4.881555259,30.537,5.781,4.52,-3197,6.124719923,3524.247925,0.785366135,15.3,78,193023,71.451
Samoa,WSM,2011,51.09366093,48.90633907,38.40524259,4.901829873,30.785,5.829,4.56,-3056,3.849077947,3821.506783,0.871732675,15.2,82,194713,71.393
Samoa,WSM,2012,51.03232078,48.96767922,38.27876111,4.898268685,30.69,5.94,4.545,-3089,-3.732130209,3934.603208,0.91255736,15.1,82,196498,71.159
Samoa,WSM,2013,50.97418154,49.02581846,38.11699791,4.881511687,30.533,5.946,4.491,-3107,0.107293276,4023.525401,0.89673977,15,84,198268,71.229
Samoa,WSM,2014,50.9140809,49.0859191,38.07845549,4.873848338,30.248,6.007,4.423,-3081,0.659923769,3982.680802,0.888269859,14.9,78,200037,71.142
Samoa,WSM,2015,50.85091832,49.14908168,38.06533784,4.873328642,29.816,6.056,4.344,-3074,3.850361817,4084.360838,0.868555728,14.8,80,201782,71.06
Samoa,WSM,2016,50.77567949,49.22432051,38.10510125,4.878893754,29.279,6.087,4.262,-3008,7.983862878,4147.070977,0.847318415,14.7,74,203499,71.003
Samoa,WSM,2017,50.67643551,49.32356449,38.2149264,4.946096795,28.795,6.1,4.196,-2539,1.4062824,4307.59382,0.93712322,14.5,67,205415,70.991
Samoa,WSM,2018,50.55977879,49.44022121,38.32943126,5.056315095,28.488,6.147,4.136,-2425,-0.609647103,4231.814095,1.049411926,14.3,44,207582,71.052
Samoa,WSM,2019,50.44904185,49.55095815,38.45728491,5.170905641,27.957,6.529,4.061,-2313,4.451858917,4351.942349,1.05329202,14.9,68,209780,70.269
Samoa,WSM,2020,50.33994989,49.66005011,38.59816744,5.298333522,27.453,6.496,4.002,-2299,-3.108644859,4099.596605,1.02627263,13.8,89,211944,70.727
Samoa,WSM,2021,50.29539852,49.70460148,38.7091342,5.420785016,26.891,6.405,3.94,-2860,-5.043505215,4021.559349,0.862068229,13.4,85,213779,71.096
Samoa,WSM,2022,50.31984428,49.68015572,38.78579674,5.556291098,26.101,6.181,3.883,-2837,2.267050552,4132.447177,0.690847424,13.1,76,215261,71.55
Samoa,WSM,2023,50.34200421,49.65799579,38.72788616,5.705635018,25.401,6.157,3.829,-2810,15.23361065,4822.740847,0.649190563,12.8,83,216663,71.698
Samoa,WSM,2024,50.35983102,49.64016898,38.46421994,5.880895975,,,,-2754,4.748384456,5392.877619,0.623906395,,85,218019,
San Marino,SMR,2000,48.33208955,51.66791045,14.92219859,15.52669876,12.004,8.003,1.404,233,2.179379715,37600.70774,1.276820831,5,98,26799,80.504
San Marino,SMR,2001,48.2960616,51.7039384,15.01492097,15.64123347,12.82,7.925,1.519,215,5.578342904,39035.10343,1.275461286,4.6,97,27143,80.803
San Marino,SMR,2002,48.2557928,51.7442072,15.09066769,15.77999673,11.935,7.871,1.432,241,0.310800311,41790.84327,1.273949213,4.3,96,27491,81.061
San Marino,SMR,2003,48.22397012,51.77602988,15.16871083,15.94267962,10.661,7.812,1.296,277,3.872966692,52529.90937,1.27229099,4,96,27843,81.33
San Marino,SMR,2004,48.1934546,51.8065454,15.22560057,16.08722631,10.4,6.3,1.298,285,4.548844146,58232.01762,5.634998457,3.7,95,29457,81.592
San Marino,SMR,2005,48.16253675,51.83746325,15.26171185,16.23470941,9.5,7.3,1.198,314,2.42510699,59877.80058,1.278414524,3.5,96,29836,81.926
San Marino,SMR,2006,48.13074425,51.86925575,15.30448303,16.39112032,10,7.5,1.242,310,3.830083565,63270.77808,1.159626457,3.2,92,30184,82.258
San Marino,SMR,2007,48.11188811,51.88811189,15.34512459,16.56632157,9.4,7.2,1.257,314,7.109322602,70124.46344,3.345861412,3,91,31211,82.605
San Marino,SMR,2008,48.09777119,51.90222881,15.35444338,16.78366412,11,6,1.521,268,-0.500939261,75902.13205,1.434662687,2.8,91,31662,82.894
San Marino,SMR,2009,48.07577268,51.92422732,15.35559987,16.98238617,10.7,6.3,1.358,311,-10.32095658,62428.99433,4.338834048,2.7,90,33066,83.224
San Marino,SMR,2010,48.09783496,51.90216504,15.36565056,17.16818783,10.3,6.5,1.459,592,-5.473684211,56543.18982,0.61505259,2.5,90,33270,83.464
San Marino,SMR,2011,48.25763934,51.74236066,15.29733594,17.38630358,10,6.8,1.456,2325,-8.314773571,55601.39297,-1.973049284,2.4,92,32620,83.713
San Marino,SMR,2012,48.4103269,51.5896731,15.18085249,17.66990871,8.7,7.1,1.289,143,-7.044534413,47945.89917,2.569404008,2.3,89,33469,83.943
San Marino,SMR,2013,48.46078344,51.53921656,15.1338489,17.95954789,9.7,7.5,1.483,57,-0.783972125,50807.82891,-1.287042274,2.1,86,33041,84.175
San Marino,SMR,2014,48.4729882,51.5270118,15.07316422,18.22508191,9.1,7.7,1.259,74,-0.7023705,51260.49383,-1.175123118,2,84,32655,84.394
San Marino,SMR,2015,48.47644612,51.52355388,14.92138875,18.48765523,8.2,7.1,1.196,273,2.291505561,43146.82404,0.738348485,1.9,85,32897,84.596
San Marino,SMR,2016,48.4646234,51.5353766,14.67002327,18.74185852,7.9,7.6,1.127,291,2.344405861,44359.47977,0.61820252,1.8,86,33101,84.775
San Marino,SMR,2017,48.47867822,51.52132178,14.35074757,18.99761475,6.7,8.2,1.054,234,0.258265466,45192.02798,2.163668065,1.7,88,33825,84.933
San Marino,SMR,2018,48.51863651,51.48136349,14.01450975,19.31592742,6.8,7.1,1.077,172,1.493905318,47950.68806,2.039662791,1.7,90,34522,85.095
San Marino,SMR,2019,48.54562244,51.45437756,13.67702652,19.65342106,6.7,7.2,1.096,187,2.065685147,46630.14431,0.407603368,1.6,88,34663,85.257
San Marino,SMR,2020,48.55762317,51.44237683,13.39862232,19.94909185,6.4,9.9,1.113,247,-6.647910818,44326.95567,0.308211037,1.5,89,34770,82.65
San Marino,SMR,2021,48.71283119,51.28716881,13.20847494,20.39771495,6.2,9.1,1.125,-368,13.89778951,54176.4798,-1.500998886,1.5,90,34252,83.539
San Marino,SMR,2022,49.01437372,50.98562628,13.04048108,21.02376063,6.1,7.8,1.136,-403,7.898441458,54190.84177,-1.461640267,1.4,92,33755,85.708
San Marino,SMR,2023,49.16399858,50.83600142,12.69547173,21.68235381,5.6,8.3,1.149,-190,0.401934897,59879.7173,0.310582221,1.4,91,33860,85.706
San Marino,SMR,2024,49.17066198,50.82933802,12.256931,22.40999375,,,,37,,,0.344944841,,88,33977,
Sao Tome and Principe,STP,2000,49.70524722,50.29475278,42.79311338,4.237650024,39.748,9.653,5.157,-2798,0.448368262,529.0893834,1.100339245,50.7,82,144018,61.207
Sao Tome and Principe,STP,2001,49.69222886,50.30777114,42.45738685,4.201195559,39.965,9.421,5.097,-1289,3.064482958,518.8805013,1.623353015,47.5,92,146375,61.5
Sao Tome and Principe,STP,2002,49.69283823,50.30716177,42.33248734,4.143501766,39.841,9.219,5.062,-690,3.360188168,568.1025725,2.394333693,44.2,92,149922,61.826
Sao Tome and Principe,STP,2003,49.71231674,50.28768326,42.20259534,4.098456577,39.551,8.983,5.013,-816,8.291519461,663.6962118,2.562892139,41,94,153814,62.158
Sao Tome and Principe,STP,2004,49.72892426,50.27107574,42.10392822,4.06074633,39.206,8.704,4.962,-894,3.537905944,726.5608821,2.4982119,37.8,96,157705,62.56
Sao Tome and Principe,STP,2005,49.74387528,50.25612472,42.03366133,4.017891666,38.979,8.68,4.939,-941,6.61462475,844.1691819,2.463925437,34.9,97,161639,62.434
Sao Tome and Principe,STP,2006,49.75790579,50.24209421,41.99640179,3.966782985,38.851,8.322,4.933,-1031,8.866109359,861.9707077,2.443923062,32.2,97,165638,63.041
Sao Tome and Principe,STP,2007,49.77018268,50.22981732,42.00984682,3.907200669,38.915,8.119,4.957,-1127,3.641471852,878.8857919,2.422748801,29.6,97,169700,63.336
Sao Tome and Principe,STP,2008,49.78192322,50.21807678,42.0552036,3.837323713,38.468,7.99,4.906,-1203,6.22878507,1081.868458,2.38327636,27.3,99,173793,63.448
Sao Tome and Principe,STP,2009,49.79224416,50.20775584,42.08407481,3.763771868,37.892,7.816,4.838,-1328,3.302399666,1128.280462,2.309243056,25.2,98,177853,63.669
Sao Tome and Principe,STP,2010,49.79868208,50.20131792,42.05454285,3.693578729,37.323,7.67,4.769,-1529,1.448455229,1045.209582,2.196081638,23.2,98,181802,63.867
Sao Tome and Principe,STP,2011,49.81308915,50.18691085,41.97264199,3.626726708,36.847,7.516,4.718,-1616,1.999432103,1219.801891,2.093961135,21.4,96,185649,64.122
Sao Tome and Principe,STP,2012,49.83134413,50.16865587,41.97578112,3.579252424,36.364,7.324,4.664,-1739,2.942942774,1192.020291,2.020927884,19.7,96,189439,64.505
Sao Tome and Principe,STP,2013,49.84183032,50.15816968,42.04222162,3.558679248,35.361,7.148,4.584,-1787,5.119677354,1382.575784,1.938966145,18,97,193148,64.93
Sao Tome and Principe,STP,2014,49.84778952,50.15221048,42.03194641,3.555474241,34.27,6.925,4.485,-1801,4.906210487,1489.676334,1.856355322,16.5,95,196767,65.478
Sao Tome and Principe,STP,2015,49.85096684,50.14903316,41.92025603,3.57155339,33.025,6.719,4.354,-1809,1.539704283,1298.109466,1.775102143,15.1,96,200291,66.023
Sao Tome and Principe,STP,2016,49.85075213,50.14924787,41.6908662,3.610660396,31.691,6.53,4.203,-1793,5.176824687,1434.870181,1.682301173,13.9,96,203689,66.563
Sao Tome and Principe,STP,2017,49.84780403,50.15219597,41.35782636,3.67057141,30.564,6.371,4.069,-1779,4.112979663,1555.794778,1.597953443,12.9,95,206970,67.074
Sao Tome and Principe,STP,2018,49.84133177,50.15866823,40.94924995,3.743809084,29.804,6.219,3.977,-1757,4.378128083,1825.599718,1.542375544,12,95,210187,67.602
Sao Tome and Principe,STP,2019,49.83035915,50.16964085,40.47316675,3.822542551,29.229,6.117,3.9,-1716,2.014316721,1935.293182,1.513323921,11.3,95,213392,68.043
Sao Tome and Principe,STP,2020,49.80890841,50.19109159,39.934555,3.840006991,28.643,6.227,3.827,0,2.624859495,2167.220018,1.876910541,10.7,96,217435,67.979
Sao Tome and Principe,STP,2021,49.78216894,50.21783106,39.35263402,3.831754227,28.518,6.196,3.759,-782,1.899298913,2362.588272,2.060173547,10.2,97,221961,68.026
Sao Tome and Principe,STP,2022,49.75784999,50.24215001,38.78659331,3.848567199,28.277,5.732,3.695,-592,0.168698492,2389.737298,1.93819562,9.8,92,226305,69.237
Sao Tome and Principe,STP,2023,49.73188607,50.26811393,38.28038541,3.867302807,28.185,5.572,3.644,-592,0.372252775,2990.660614,1.997546602,9.4,87,230871,69.718
Sao Tome and Principe,STP,2024,49.70684011,50.29315989,37.8283196,3.90024476,,,,-604,1.099999401,3490.568835,2.000465504,,87,235536,
Saudi Arabia,SAU,2000,54.65939519,45.34060481,38.28782878,2.228379249,27.49,3.234,4.206,468515,4.718134221,11714.56237,4.459832445,19.9,95,16177722,72.607
Saudi Arabia,SAU,2001,55.61088423,44.38911577,37.6814618,2.236756177,25.528,3.103,3.964,484252,0.344593196,10805.31133,5.201039099,18.7,97,17041397,72.951
Saudi Arabia,SAU,2002,56.47097774,43.52902226,36.79587293,2.248392244,23.767,2.992,3.709,500508,-0.68839013,10586.05435,4.976452278,17.6,95,17910910,73.296
Saudi Arabia,SAU,2003,57.25151113,42.74848887,35.69807769,2.263311252,22.302,2.899,3.465,514606,8.768733817,11487.22041,4.774271463,16.5,95,18786767,73.657
Saudi Arabia,SAU,2004,57.96192884,42.03807116,34.46143721,2.28102624,21.274,2.827,3.264,523472,8.631005459,13154.4979,4.591545684,15.5,96,19669480,74.027
Saudi Arabia,SAU,2005,58.60980774,41.39019226,33.15983938,2.301396068,21.062,2.777,3.161,518565,5.944896239,15975.74738,4.427389452,14.6,96,20559890,74.4
Saudi Arabia,SAU,2006,59.20137821,40.79862179,31.86224483,2.324417041,21.35,2.741,3.176,504661,3.313484736,17563.61454,4.280875786,13.7,96,21459144,74.762
Saudi Arabia,SAU,2007,59.7419242,40.2580758,30.62883935,2.348925517,21.73,2.721,3.185,489136,2.213653964,18596.15026,4.149451092,12.8,96,22368313,75.066
Saudi Arabia,SAU,2008,60.23631694,39.76368306,29.49889916,2.372049578,21.314,2.701,3.074,491337,6.237987537,22320.4889,4.028756558,12,98,23287877,75.301
Saudi Arabia,SAU,2009,60.68928727,39.31071273,28.49363379,2.389537863,20.802,2.693,2.95,496229,-1.066717112,17718.39116,3.91489466,11.2,98,24217654,75.447
Saudi Arabia,SAU,2010,61.10536942,38.89463058,27.62458362,2.39668649,20.127,2.668,2.81,504955,5.039515082,22028.39014,-0.992481797,10.4,98,23978487,75.616
Saudi Arabia,SAU,2011,61.48883891,38.51116109,26.89343818,2.389678554,20.324,2.642,2.8,491253,11.75882069,27126.74987,4.538671636,9.7,98,25091867,75.808
Saudi Arabia,SAU,2012,61.84367391,38.15632609,26.29159397,2.36663228,20.387,2.593,2.78,479206,5.761573823,28733.43755,4.202642275,9.1,98,26168861,76.09
Saudi Arabia,SAU,2013,62.17357256,37.82642744,25.8020945,2.328221225,19.712,2.506,2.67,485794,2.945637892,27865.4656,5.411491241,8.5,98,27624004,76.517
Saudi Arabia,SAU,2014,62.48192082,37.51807918,25.40378942,2.28000576,19.822,2.392,2.68,469144,4.024671584,27805.48503,2.450431393,7.9,98,28309273,77.116
Saudi Arabia,SAU,2015,62.77180623,37.22819377,25.068629,2.228113032,19.405,2.266,2.63,465292,4.655123167,23256.15496,5.186855519,7.4,98,29816382,77.776
Saudi Arabia,SAU,2016,62.81707787,37.18292213,24.91551277,2.213650756,19.553,2.178,2.65,-26997,1.704047392,22267.72171,3.745065405,6.9,98,30954198,78.354
Saudi Arabia,SAU,2017,62.35307433,37.64692567,25.16584638,2.28023791,19.824,2.174,2.67,-920812,1.182107059,23929.29071,0.074782562,6.5,98,30977355,78.721
Saudi Arabia,SAU,2018,61.62871413,38.37128587,25.66245868,2.380746357,19.739,2.228,2.67,-988751,3.22695089,29360.0659,-2.553768258,6.1,96,30196281,78.75
Saudi Arabia,SAU,2019,61.16836543,38.83163457,25.75101579,2.45024815,18.075,2.295,2.49,191582,1.651589256,29566.79338,-0.439701419,5.8,96,30063799,78.313
Saudi Arabia,SAU,2020,60.88897732,39.11102268,25.49094006,2.522581647,16.628,2.46,2.27,-74725,-3.80478902,24338.83073,4.833138517,5.5,95,31552510,77.596
Saudi Arabia,SAU,2021,60.73392571,39.26607429,25.20648494,2.618554308,15.902,2.615,2.17,-106287,6.519596983,31920.76537,-2.464562615,5.3,97,30784383,77.089
Saudi Arabia,SAU,2022,60.73435653,39.26564347,24.64452331,2.702494175,15.217,2.57,2.14,977072,12.00058748,38510.22762,4.418919945,5.1,98,32175224,77.31
Saudi Arabia,SAU,2023,60.65419339,39.34580661,24.09744209,2.819503869,16.415,2.34,2.28,325691,0.542592439,36156.84834,4.638215727,4.9,97,33702731,78.732
Saudi Arabia,SAU,2024,60.53539942,39.46460058,23.81858198,2.950842638,,,,122170,1.996501734,35121.66287,4.631202327,,97,35300280,
Senegal,SEN,2000,49.39462855,50.60537145,43.9460297,3.228998842,39.3,10.815,5.498,-42854,3.887210958,603.2331625,2.410099177,73.8,52,9968260,57.615
Senegal,SEN,2001,49.35734483,50.64265517,43.74814329,3.234391226,38.858,10.493,5.397,-41422,4.310851466,637.2135306,2.424969437,70.4,52,10212942,58.158
Senegal,SEN,2002,49.35628108,50.64371892,43.47748384,3.277336007,38.624,10.071,5.301,-40554,0.068696575,669.4304473,2.449661536,66.2,60,10466214,58.912
Senegal,SEN,2003,49.38475505,50.61524495,43.2249783,3.340314533,38.675,9.867,5.246,-57213,5.593950945,817.8880342,2.406849622,61.8,73,10721176,59.474
Senegal,SEN,2004,49.41053439,50.58946561,43.07632827,3.384124454,38.381,9.473,5.192,-59879,4.643293937,918.1020795,2.346325157,57.5,87,10975704,60.308
Senegal,SEN,2005,49.43778953,50.56221047,42.94417716,3.421676455,37.984,9.155,5.133,-61781,4.310238526,979.8461015,2.339181364,53.5,84,11235472,60.98
Senegal,SEN,2006,49.46491312,50.53508688,42.83173934,3.454780306,37.583,8.769,5.064,-64254,2.330770983,1017.201967,2.327929292,50.1,89,11500094,61.801
Senegal,SEN,2007,49.49081773,50.50918227,42.74684082,3.485977278,37.272,8.389,5.018,-66580,2.827119201,1188.938778,2.322793844,47.2,94,11770344,62.653
Senegal,SEN,2008,49.51545607,50.48454393,42.69174623,3.515311987,37.344,8.158,5.024,-67812,3.703169064,1398.79218,2.339511847,44.9,88,12048959,63.201
Senegal,SEN,2009,49.53670505,50.46329495,42.66949838,3.542783647,37.29,7.929,5.025,-69239,2.752104485,1308.694043,2.36561416,43,86,12337389,63.751
Senegal,SEN,2010,49.55574464,50.44425536,42.67303501,3.568150229,37.254,7.739,5.055,-69888,3.390889253,1275.883575,2.386901953,41.5,89,12635413,64.221
Senegal,SEN,2011,49.57479403,50.42520597,42.68486904,3.58403202,37.391,7.505,5.099,-43350,1.33409108,1374.675919,2.527915199,40.3,92,12958897,64.799
Senegal,SEN,2012,49.59345611,50.40654389,42.70050598,3.591692255,37.536,7.316,5.129,-42978,4.002995551,1326.837988,2.677024252,39.3,91,13310495,65.229
Senegal,SEN,2013,49.66808039,50.33191961,42.68067572,3.5791839,36.748,7.094,5.049,34878,2.412385276,1379.831966,2.963459546,38.5,92,13710849,65.638
Senegal,SEN,2014,49.79842216,50.20157784,42.56697141,3.548607251,35.48,6.861,4.884,36030,6.224074438,1398.891376,3.167574703,37.9,89,14152102,66.001
Senegal,SEN,2015,49.93238007,50.06761993,42.36434925,3.523623343,34.505,6.615,4.751,34387,6.367043651,1218.006136,3.070147924,37.3,89,14593331,66.451
Senegal,SEN,2016,50.0704246,49.9295754,42.09626439,3.506896013,33.828,6.459,4.648,29498,6.356068572,1266.439572,2.97843134,36.9,93,15034521,66.724
Senegal,SEN,2017,50.21099836,49.78900164,41.75613489,3.498380921,32.801,6.283,4.489,29605,7.407486186,1356.805184,2.887699087,36.4,93,15475002,67.059
Senegal,SEN,2018,50.35171075,49.64828925,41.33889296,3.499375114,31.596,6.119,4.294,33567,6.209241034,1452.556126,2.800456986,35.7,92,15914498,67.379
Senegal,SEN,2019,50.49005921,49.50994079,40.85950942,3.510519512,30.405,5.979,4.1,38386,4.613628097,1431.181289,2.717607931,34.9,91,16352922,67.668
Senegal,SEN,2020,50.62190207,49.37809793,40.3310678,3.527465943,29.931,6.052,4.003,33848,1.342073773,1461.087204,2.633035725,33.9,83,16789219,67.496
Senegal,SEN,2021,50.74474768,49.25525232,39.76227619,3.543105685,29.71,6.307,3.936,25519,6.5440011,1598.10677,2.538489194,32.7,85,17220867,66.868
Senegal,SEN,2022,50.85334894,49.14665106,39.16030347,3.563392044,29.46,5.92,3.864,16425,3.850431937,1574.028106,2.467642818,31.4,93,17651103,67.788
Senegal,SEN,2023,50.87966731,49.12033269,38.62959816,3.590387836,29.423,5.581,3.818,-9999,4.257430833,1698.033873,2.387383488,30.2,92,18077573,68.683
Senegal,SEN,2024,50.83320254,49.16679746,38.18236633,3.617722737,,,,-10307,6.060551412,1773.218299,2.320586035,,91,18501984,
Serbia,SRB,2000,47.45428161,52.54571839,16.40072386,16.0681727,9.8,13.8,1.48,-14368,6.055089729,974.7254693,-0.319524801,10.9,95,7516346,71.58292683
Serbia,SRB,2001,47.38636425,52.61363575,16.09231897,16.40935675,10.5,13.2,1.58,-12007,6.778522794,1812.420883,-0.171946647,10.4,93,7503433,72.23414634
Serbia,SRB,2002,47.35562169,52.64437831,15.81708875,16.71526793,10.4,13.7,1.57,1562,6.541046003,2390.734594,-0.045349528,9.9,95,7500031,72.28536585
Serbia,SRB,2003,47.37198417,52.62801583,15.57881766,16.9829002,10.6,13.9,1.59,6854,4.559689979,3153.901131,-0.259535431,9.1,89,7480591,72.43658537
Serbia,SRB,2004,47.39954223,52.60045777,15.37292417,17.18647669,10.5,14,1.57,7300,6.686868369,3597.087981,-0.233328452,8.4,88,7463157,72.68292683
Serbia,SRB,2005,47.42665404,52.57334596,15.19317274,17.3287764,9.7,14.3,1.45,7945,5.903496229,3807.974173,-0.300431133,7.8,98,7440769,72.83414634
Serbia,SRB,2006,47.45450012,52.54549988,15.02465554,17.41648204,9.58,13.88,1.43,8018,3.900666446,4492.71367,-0.393204593,7.4,92,7411569,73.38536585
Serbia,SRB,2007,47.48406018,52.51593982,14.86590452,17.45263824,9.22,13.92,1.38,7045,7.83207023,6081.087657,-0.405458542,7.1,94,7381579,73.63170732
Serbia,SRB,2008,47.51588987,52.48411013,14.71809681,17.44023802,9.4,13.97,1.4,7070,5.160893272,7376.735179,-0.425705552,6.9,95,7350222,73.88536585
Serbia,SRB,2009,47.5496502,52.4503498,14.58425346,17.40828965,9.6,14.2,1.44,6043,-3.142610754,6414.044846,-0.400994905,6.7,95,7320807,73.98536585
Serbia,SRB,2010,47.58399457,52.41600543,14.46104103,17.37595382,9.4,14.2,1.4,3632,1.610972814,5970.926609,-0.402005901,6.6,91,7291436,74.33658537
Serbia,SRB,2011,47.61848122,52.38151878,14.36001791,17.39576531,9.1,14.2,1.4,611,0.054272484,7082.286167,-0.756021912,6.4,94,7236519,74.53658537
Serbia,SRB,2012,47.63198051,52.36801949,14.31193797,17.58918514,9.3,14.2,1.45,-18513,-0.443956071,6263.040861,-0.485136859,6.1,91,7201497,74.83658537
Serbia,SRB,2013,47.6253886,52.3746114,14.30633343,17.95000384,9.2,14,1.43,-17866,0.451578805,7040.418121,-0.48641352,5.9,95,7166553,75.18536585
Serbia,SRB,2014,47.62051759,52.37948241,14.31944795,18.3902831,9.3,14.2,1.46,-18846,-1.804270417,6886.678091,-0.486295172,5.7,93,7131787,75.33658537
Serbia,SRB,2015,47.61735444,52.38264556,14.34120408,18.88397971,9.3,14.6,1.46,-18789,1.295738635,5820.321558,-0.511754333,5.4,95,7095383,75.28780488
Serbia,SRB,2016,47.61700081,52.38299919,14.33333712,19.38536921,9.2,14.3,1.46,-18322,2.975198072,5982.370301,-0.523694463,5.2,93,7058322,75.68780488
Serbia,SRB,2017,47.62139912,52.37860088,14.29635358,19.90738257,9.2,14.8,1.49,-18651,2.363403125,6548.036538,-0.532191341,5.1,95,7020858,75.53902439
Serbia,SRB,2018,47.63083975,52.36916025,14.26777477,20.48640467,9.2,14.6,1.49,-18883,4.649350355,7559.861657,-0.546351969,5,97,6982604,75.8902439
Serbia,SRB,2019,47.64046957,52.35953043,14.25334142,21.06436085,9.3,14.6,1.52,-18891,4.750207939,7755.632986,-0.536610018,4.8,97,6945235,75.93658537
Serbia,SRB,2020,47.64191614,52.35808386,14.26099176,21.57087512,8.9,16.9,1.48,-10220,-0.950023992,8098.709557,-0.666107601,4.7,92,6899126,74.47804878
Serbia,SRB,2021,47.63751512,52.36248488,14.30772461,21.88860101,9.1,20,1.52,-8974,7.949056505,9680.527981,-0.94368817,4.6,91,6834326,72.7804878
Serbia,SRB,2022,47.5761182,52.4238818,14.35461424,22.07767434,9.3,16.3,1.59,40118,2.703477055,10024.81911,-2.517057567,4.5,92,6664449,75.23658537
Serbia,SRB,2023,47.49110502,52.50889498,14.35029021,22.33835966,9.2,14.7,1.61,4348,3.747933036,12281.70795,-0.621120944,4.5,93,6623183,76.22097561
Serbia,SRB,2024,47.44233261,52.55766739,14.31103159,22.68603768,,,,-8132,3.949926226,13679.2066,-0.555761424,,95,6586476,
Seychelles,SYC,2000,50.95476422,49.04523578,27.61288077,7.420965458,18.6,6.8,2.08,461,4.253198349,8063.655006,0.892658567,11.8,98,81131,72.77804878
Seychelles,SYC,2001,51.03065976,48.96934024,27.03724935,7.429777024,17.7,6.8,1.98,509,-2.271162886,8153.298637,0.087474518,11.8,96,81202,73.25365854
Seychelles,SYC,2002,51.12394885,48.87605115,26.50570134,7.418731146,17.7,7.7,2.04,425,1.212832903,8864.169195,3.057385326,11.9,99,83723,71.08780488
Seychelles,SYC,2003,51.27076775,48.72923225,26.00765218,7.383895949,18.1,8.1,2.06,316,-5.887128488,9070.284608,-1.131516421,12,99,82781,71.02926829
Seychelles,SYC,2004,51.4497028,48.5502972,25.5196783,7.343274101,17.4,7.2,2.01,317,-2.850453977,10827.67164,-0.370334935,12,99,82475,72.66097561
Seychelles,SYC,2005,51.62714105,48.37285895,25.02016445,7.314655076,18.5,8.1,2.2,214,9.005761737,11802.11183,0.463308214,12.1,99,82858,72.13170732
Seychelles,SYC,2006,51.8041893,48.1958107,24.49902073,7.295873768,17.3,7.8,2.11,264,9.406128557,12782.99389,2.080596735,12.2,99,84600,72.21707317
Seychelles,SYC,2007,51.97170626,48.02829374,23.98434425,7.275768575,17.6,7.4,2.24,173,8.876066456,12669.30267,0.510514983,12.3,99,85033,73.14390244
Seychelles,SYC,2008,52.12378575,47.87621425,23.46146573,7.256814068,17.8,7.6,2.33,105,-2.725946262,11265.43763,2.236282715,12.4,99,86956,73.16341463
Seychelles,SYC,2009,52.2770966,47.7229034,22.93117443,7.246763789,18.1,7.8,2.38,105,-2.479375947,9747.091805,0.392530948,12.5,99,87298,73.08292683
Seychelles,SYC,2010,52.46709487,47.53290513,22.48791736,7.218519337,16.8,7.4,2.16,740,4.505132043,10934.79495,2.792329069,12.6,99,89770,73.19756098
Seychelles,SYC,2011,52.7230376,47.2769624,22.18059449,7.145139347,18.6,7.9,2.33,1551,9.509783352,12110.09375,-2.628656355,12.7,99,87441,72.72439024
Seychelles,SYC,2012,53.00824769,46.99175231,21.95232211,7.069306732,18.6,7.4,2.37,1538,3.110678494,12337.15547,0.98098019,12.8,98,88303,74.27560976
Seychelles,SYC,2013,53.27887318,46.72112682,21.76800451,7.031368612,17.4,8,2.26,1717,1.253734962,14821.29215,1.846876093,12.9,98,89949,73.1195122
Seychelles,SYC,2014,53.53017056,46.46982944,21.58817824,7.030753575,17,7.9,2.25,1742,4.063691812,15188.19022,1.555395709,13.1,99,91359,73.22926829
Seychelles,SYC,2015,53.76996894,46.23003106,21.37331611,7.057759292,17,7.5,2.31,1719,8.914008875,15333.10517,2.229795053,13.2,97,93419,74.29512195
Seychelles,SYC,2016,53.99786926,46.00213074,21.17354604,7.091539869,17.4,7.9,2.39,1682,12.11752725,16566.9946,1.33763478,13.3,96,94677,74.3097561
Seychelles,SYC,2017,54.21076975,45.78923025,21.01595264,7.14110997,17.2,7.8,2.41,1693,6.954162188,17480.36519,1.224033758,13.4,97,95843,74.3
Seychelles,SYC,2018,54.41324757,45.58675243,20.87534771,7.227920723,17.1,8.4,2.41,1733,4.939472723,18440.23405,0.954291918,13.5,99,96762,72.84146341
Seychelles,SYC,2019,54.60472074,45.39527926,20.73641846,7.36545956,16.4,8.1,2.36,1770,5.514292074,19141.51187,0.887925293,13.6,99,97625,74.04634146
Seychelles,SYC,2020,54.77799669,45.22200331,20.58923777,7.577873656,15.8,6.8,2.29,1726,-11.73986083,14041.47541,0.853707878,13.6,97,98462,77.23658537
Seychelles,SYC,2021,54.94275864,45.05724136,20.44841955,7.891858929,16.8,9.3,2.46,2086,0.552281631,14982.91115,0.805183391,13.5,94,99258,73.39756098
Seychelles,SYC,2022,55.08516435,44.91483565,20.31030293,8.147543269,13.1,7.8,2.01,1788,12.71046889,16836.67219,,13.3,97,119878,73.70243902
Seychelles,SYC,2023,55.18206188,44.81793812,20.1398197,8.330956112,13,7.3,2.02,1809,2.259253223,18262.71158,-0.08762743,13.1,97,119773,74.95853659
Seychelles,SYC,2024,55.16416446,44.83583554,19.95115724,8.539049291,,,,1747,3.465680664,17858.82264,1.311360948,,94,121354,
Sierra Leone,SLE,2000,49.33644723,50.66355277,43.84133869,3.539246157,45.045,20.008,6.355,83013,6.652730284,143.7437432,2.415404052,123.4,44,4423611,44.834
Sierra Leone,SLE,2001,49.36381178,50.63618822,43.88531544,3.502385772,44.013,19.156,6.305,227791,-6.345455633,358.3157161,5.905518844,120.8,38,4692716,45.448
Sierra Leone,SLE,2002,49.39376659,50.60623341,43.91148068,3.46946138,44.281,18.85,6.23,86578,26.52413507,388.9951112,5.769701151,118.2,53,4971435,46.174
Sierra Leone,SLE,2003,49.42730219,50.57269781,43.91353707,3.437992679,43.473,18.305,6.087,69185,9.483631269,413.8176073,4.064990063,115.4,73,5177687,46.784
Sierra Leone,SLE,2004,49.46073514,50.53926486,43.88039397,3.407788668,42.465,17.695,5.919,23897,6.478845884,417.7499833,3.380615704,112.4,65,5355717,47.485
Sierra Leone,SLE,2005,49.49429387,50.50570613,43.81510302,3.378820685,41.97,17.026,5.807,-1805,4.353499807,462.6333244,2.689472804,109.3,65,5501712,48.306
Sierra Leone,SLE,2006,49.52737744,50.47262256,43.73079151,3.352744954,41.807,16.182,5.737,-34052,4.283110623,580.2679697,2.206669372,106,64,5624466,49.547
Sierra Leone,SLE,2007,49.55781981,50.44218019,43.62685189,3.329861928,41.058,15.709,5.643,-6042,3.749758048,631.8899263,2.196114256,102.4,64,5749352,50.024
Sierra Leone,SLE,2008,49.58587537,50.41412463,43.50223441,3.310605376,40.589,15.167,5.563,1182,3.686059699,705.3590141,2.497022146,98.5,77,5894722,50.693
Sierra Leone,SLE,2009,49.61252689,50.38747311,43.36039926,3.296336733,39.853,14.642,5.448,18145,1.53080324,652.8458068,2.693368573,94.7,84,6055646,51.312
Sierra Leone,SLE,2010,49.63793933,50.36206067,43.20278097,3.284250248,39.115,14.152,5.327,7983,6.355665958,685.0396735,2.721508599,90.8,86,6222714,51.927
Sierra Leone,SLE,2011,49.66336848,50.33663152,43.01851454,3.269786955,38.518,13.647,5.209,6895,8.100655187,761.1463656,2.609782639,87,89,6387251,52.594
Sierra Leone,SLE,2012,49.68837199,50.31162801,42.79663811,3.255226619,37.775,13.212,5.064,988,10.57833166,937.5044282,2.532594917,83.4,91,6551080,53.159
Sierra Leone,SLE,2013,49.71237935,50.28762065,42.52595471,3.228579644,36.6,12.581,4.873,2773,14.66332381,1117.471831,2.457257305,80,92,6714051,54.051
Sierra Leone,SLE,2014,49.73628589,50.26371411,42.20258901,3.185249226,35.62,12.332,4.703,485,-7.815015125,1117.758647,2.389058321,77.7,83,6876385,54.281
Sierra Leone,SLE,2015,49.75964295,50.24035705,41.83328111,3.154260901,34.658,11.6,4.548,-356,-4.363332621,964.5759809,2.318194028,76.9,86,7037655,55.454
Sierra Leone,SLE,2016,49.78209181,50.21790819,41.43597339,3.140682621,34.194,10.769,4.466,4657,6.437436528,844.4164112,2.354573427,71.3,84,7205328,56.937
Sierra Leone,SLE,2017,49.80291488,50.19708512,41.0242626,3.132194535,33.808,10.329,4.389,1234,3.207860877,779.1860078,2.385789529,68.8,90,7379299,57.761
Sierra Leone,SLE,2018,49.8207706,50.1792294,40.60492314,3.129916317,33.34,9.676,4.294,-2741,2.893856412,845.9145405,2.347310391,66.3,93,7554563,59.059
Sierra Leone,SLE,2019,49.83606422,50.16393578,40.20139185,3.135162728,32.808,9.39,4.192,-2238,5.502709374,843.7125178,2.321464579,64.1,95,7731991,59.593
Sierra Leone,SLE,2020,49.84728074,50.15271926,39.81114578,3.14095012,32.196,9.319,4.08,1292,-1.253349032,845.2775579,2.308472027,61.9,91,7912558,59.694
Sierra Leone,SLE,2021,49.85630546,50.14369454,39.40526662,3.151594112,31.644,8.996,3.978,-1544,5.896852705,885.3964019,2.274630215,60,92,8094602,60.26
Sierra Leone,SLE,2022,49.86320208,50.13679792,38.97623437,3.175379296,31.071,8.523,3.876,-4000,5.313554614,860.3710679,2.225984624,58,91,8276807,61.275
Sierra Leone,SLE,2023,49.86757303,50.13242697,38.53171061,3.206679454,30.601,8.287,3.791,-4000,5.710021898,758.3291374,2.195242588,56.2,91,8460512,61.786
Sierra Leone,SLE,2024,49.87224635,50.12775365,38.08873444,3.242695793,,,,-11000,4.293223367,806.6546504,2.122689133,,91,8642022,
Singapore,SGP,2000,51.32583028,48.67416972,18.79074257,6.24975683,13.7,4.5,1.6,55218,9.038316326,23852.83895,1.732042233,3,98,4027887,77.95121951
Singapore,SGP,2001,51.19475259,48.80524741,18.56408366,6.352756424,11.8,4.3,1.41,45027,-1.070862751,21699.74149,2.697355843,2.8,96,4138012,78.25121951
Singapore,SGP,2002,50.95756051,49.04243949,18.44712637,6.444729397,11.4,4.4,1.37,-40023,3.923360767,22159.83737,0.912639806,2.7,94,4175950,78.55121951
Singapore,SGP,2003,50.66852027,49.33147973,18.24925784,6.585533239,10.5,4.5,1.27,-30012,4.548255426,23730.38401,-1.474532842,2.5,96,4114826,79.03902439
Singapore,SGP,2004,50.53120614,49.46879386,17.8099307,6.812121691,10.3,4.4,1.26,50487,9.939982684,27608.08001,1.251916673,2.4,95,4166664,79.4902439
Singapore,SGP,2005,50.60616916,49.39383084,17.2361726,7.044280554,10.2,4.4,1.26,92023,7.366322393,29961.31728,2.350511289,2.3,96,4265762,79.9902439
Singapore,SGP,2006,50.90248415,49.09751585,16.58015393,7.182626142,10.3,4.4,1.28,135625,9.006766079,33768.45282,3.129389156,2.3,95,4401365,80.14146341
Singapore,SGP,2007,51.44756408,48.55243592,15.81676553,7.184878109,10.3,4.5,1.29,192292,9.021519513,39432.88602,4.166002864,2.3,97,4588599,80.44146341
Singapore,SGP,2008,51.96851671,48.03148329,15.08922574,7.168620069,10.2,4.4,1.28,176182,1.863483455,40008.57205,5.321517083,2.3,97,4839396,80.7902439
Singapore,SGP,2009,52.1323649,47.8676351,14.5511659,7.246485028,9.9,4.3,1.22,95841,0.127953383,38926.80544,3.015949915,2.2,97,4987573,81.24146341
Singapore,SGP,2010,52.04171192,47.95828808,14.13347491,7.337236021,9.3,4.4,1.15,72571,14.51974971,47236.68308,1.771832879,2.2,96,5076732,81.54146341
Singapore,SGP,2011,51.98920775,48.01079225,13.74634593,7.4822678,9.5,4.5,1.2,89856,6.214934169,53891.45703,2.084902456,2.2,96,5183688,81.74390244
Singapore,SGP,2012,52.10594823,47.89405177,13.40100139,7.780315243,10.1,4.5,1.29,78501,4.435497594,55547.55531,2.45339033,2.2,97,5312437,81.99512195
Singapore,SGP,2013,52.2886169,47.7113831,13.10661778,8.165142955,9.3,4.6,1.19,52176,4.817630991,56967.42579,1.619308099,2.2,97,5399162,82.24634146
Singapore,SGP,2014,52.34661683,47.65338317,12.87701314,8.576064054,9.8,4.7,1.25,40154,3.935540277,57564.80231,1.298440178,2.2,96,5469724,82.49512195
Singapore,SGP,2015,52.25828637,47.74171363,12.6825691,8.998207259,9.7,4.8,1.24,41852,2.976799316,55645.60686,1.186376937,2.2,96,5535002,82.74390244
Singapore,SGP,2016,52.03925112,47.96074888,12.5211873,9.447941212,9.4,4.8,1.2,13737,3.747578488,57005.58872,1.297436099,2.2,97,5607283,82.84634146
Singapore,SGP,2017,51.69472093,48.30527907,12.42483488,9.964019954,8.9,5,1.16,-8880,4.476899158,61236.25127,0.08859547,2.1,96,5612253,83.09512195
Singapore,SGP,2018,51.55166444,48.44833556,12.32938308,10.48364861,8.8,5,1.14,21820,3.451975966,66881.6067,0.469704299,2.1,97,5638676,83.29756098
Singapore,SGP,2019,51.7109167,48.2890833,12.21306759,10.97505319,8.8,5,1.14,870,1.308041182,65952.0379,1.144283307,2,97,5703569,83.59512195
Singapore,SGP,2020,51.77092217,48.22907783,12.17452273,11.58494777,8.5,5.2,1.1,-145556,-3.814708855,61410.07926,-0.311904961,1.9,98,5685807,83.54390244
Singapore,SGP,2021,51.68507236,48.31492764,12.16885522,12.25819422,8.6,5.8,1.12,-44030,9.756804463,80056.12882,-4.1703363,1.9,98,5453566,83.09268293
Singapore,SGP,2022,51.67710493,48.32289507,12.00528967,12.6908966,7.9,6.3,1.04,214842,4.108000219,90299.06946,3.308620524,1.8,97,5637022,82.89512195
Singapore,SGP,2023,51.68996365,48.31003635,11.78747539,13.09536672,7.4,6.2,0.97,26996,1.821406941,85412.23035,4.858316078,1.7,98,5917648,82.89512195
Singapore,SGP,2024,51.66718189,48.33281811,11.68615869,13.65621829,,,,20011,4.388023625,90674.06663,1.994493656,,97,6036860,
Slovak Republic,SVK,2000,48.58292725,51.41707275,19.69166723,11.32878463,10.2,9.8,1.3,-831,0.789224478,5421.644844,-0.135376488,8.1,99,5388720,73.05121951
Slovak Republic,SVK,2001,48.57420953,51.42579047,19.04693744,11.38657261,9.5,9.7,1.2,-860,2.925160772,5712.478028,-0.183012271,7.8,99,5378867,73.40243902
Slovak Republic,SVK,2002,48.57844114,51.42155886,18.42861825,11.45047941,9.5,9.6,1.19,-580,4.417253483,6554.628084,-0.036352551,7.5,99,5376912,73.60487805
Slovak Republic,SVK,2003,48.58172954,51.41827046,17.855134,11.52375211,9.6,9.7,1.2,-646,4.856698516,8675.396337,-0.065821507,7.3,99,5373374,73.60487805
Slovak Republic,SVK,2004,48.58954706,51.41045294,17.33865931,11.61364451,10,9.7,1.25,-522,5.38949857,10650.12901,-0.02036172,7.1,99,5372280,73.95853659
Slovak Republic,SVK,2005,48.60019027,51.39980973,16.87665006,11.72585575,10.1,10,1.27,-561,6.484932223,11641.54103,0.009809134,6.9,99,5372807,73.90487805
Slovak Republic,SVK,2006,48.61004016,51.38995984,16.43642016,11.85348251,10,9.9,1.25,-549,8.925687048,13167.89547,0.004597119,6.6,99,5373054,74.20487805
Slovak Republic,SVK,2007,48.62048514,51.37951486,16.04540005,11.9862771,10.1,10,1.27,-571,10.81862951,16110.48173,0.029178401,6.4,99,5374622,74.20731707
Slovak Republic,SVK,2008,48.63126311,51.36873689,15.72815668,12.12213037,10.7,9.9,1.34,-495,5.363377212,18744.31923,0.0857553,6.1,99,5379233,74.70487805
Slovak Republic,SVK,2009,48.64861603,51.35138397,15.53499048,12.28560061,11.4,9.8,1.44,-542,-5.50533791,16586.75278,0.133257321,5.9,99,5386406,74.9097561
Slovak Republic,SVK,2010,48.66816609,51.33183391,15.46154558,12.44782172,11.2,9.9,1.43,-1814,6.790581591,16899.44868,0.093191273,5.7,99,5391428,75.11219512
Slovak Republic,SVK,2011,48.68645668,51.31354332,15.42696854,12.62548724,11.3,9.6,1.45,-2392,2.562424732,18469.43543,0.128936463,5.5,99,5398384,75.95853659
Slovak Republic,SVK,2012,48.70702742,51.29297258,15.38568636,12.90978083,10.3,9.7,1.34,871,1.569171047,17516.96911,0.170183855,5.4,99,5407579,76.1097561
Slovak Republic,SVK,2013,48.72354665,51.27645335,15.34544028,13.28428848,10.1,9.6,1.34,-1181,0.703323545,18312.78051,0.107458009,5.3,98,5413393,76.41219512
Slovak Republic,SVK,2014,48.73715429,51.26284571,15.32811946,13.69500338,10.2,9.5,1.37,-1158,2.707951514,18770.92899,0.097045422,5.2,97,5418649,76.81219512
Slovak Republic,SVK,2015,48.75681653,51.24318347,15.33337404,14.14878536,10.3,9.9,1.4,2549,5.176879097,16442.07609,0.095033879,5.1,96,5423801,76.56341463
Slovak Republic,SVK,2016,48.78073812,51.21926188,15.40626677,14.66242905,10.6,9.6,1.48,3487,1.947818415,16636.07691,0.12892233,5.1,96,5430798,77.16585366
Slovak Republic,SVK,2017,48.80176448,51.19823552,15.54481341,15.20005563,10.7,9.9,1.52,3279,2.874733275,17645.52987,0.155178996,5,96,5439232,77.16585366
Slovak Republic,SVK,2018,48.82150899,51.17849101,15.68692093,15.72691555,10.6,10,1.54,3446,4.062119819,19573.3717,0.13850816,5,97,5446771,77.26585366
Slovak Republic,SVK,2019,48.83692258,51.16307742,15.79420564,16.25918897,10.5,9.8,1.57,3128,2.2758991,19406.05897,0.135328073,4.9,97,5454147,77.66585366
Slovak Republic,SVK,2020,48.84314878,51.15685122,15.8547163,16.7640891,10.4,10.8,1.59,4350,-2.585512417,19735.48583,0.085769476,4.9,97,5458827,76.86585366
Slovak Republic,SVK,2021,48.83986228,51.16013772,15.92615069,17.16488825,10.4,13.5,1.63,-8172,5.655858807,22123.33421,-0.212358808,5,97,5447247,74.61463415
Slovak Republic,SVK,2022,48.8319439,51.1680561,15.9683377,17.5706372,9.7,11,1.57,92314,0.544591632,21317.7944,-0.28486096,5,97,5431752,76.96585366
Slovak Republic,SVK,2023,48.82544665,51.17455335,15.90717344,18.05083658,9,10,1.49,4933,2.112636332,24614.87346,-0.092314851,5.1,96,5426740,78.01707317
Slovak Republic,SVK,2024,48.8201229,51.1798771,15.76120221,18.53739935,,,,-21027,1.938674455,25992.67485,-0.08611084,,96,5422069,
Slovenia,SVN,2000,48.85782075,51.14217925,15.94923737,13.90712577,9.1,9.3,1.26,3124,3.497919421,10135.72191,0.29607496,4.5,91,1988925,75.41219512
Slovenia,SVN,2001,48.88871577,51.11128423,15.58309154,14.20422591,8.8,9.3,1.21,4527,2.828684794,10375.62559,0.157498742,4.3,92,1992060,75.75853659
Slovenia,SVN,2002,48.90074218,51.09925782,15.20967236,14.49438295,8.8,9.4,1.21,1975,3.282583714,11639.12978,0.123915442,4.1,93,1994530,76.00731707
Slovenia,SVN,2003,48.91628063,51.08371937,14.82107815,14.76446557,8.7,9.7,1.2,3218,3.195031172,14711.67487,0.060296779,3.9,95,1995733,76.85853659
Slovenia,SVN,2004,48.92372687,51.07627313,14.50125279,15.04214853,9,9.3,1.25,1759,4.546022144,17103.82978,0.064066202,3.7,94,1997012,77.20731707
Slovenia,SVN,2005,48.95656446,51.04343554,14.26927105,15.33058392,9.1,9.4,1.26,6317,3.854127711,17969.70959,0.173208905,3.5,95,2000474,77.61219512
Slovenia,SVN,2006,49.04678416,50.95321584,14.0852942,15.60158333,9.4,9.1,1.31,6081,5.9087813,19563.00506,0.319114537,3.3,97,2006868,78.08658537
Slovenia,SVN,2007,49.25065462,50.74934538,13.95481734,15.85263317,9.8,9.2,1.38,14191,7.139231291,23725.1596,0.559207816,3.1,97,2018122,78.56097561
Slovenia,SVN,2008,49.40363027,50.59636973,13.9530405,16.11944286,10.8,9.1,1.53,2971,3.372238661,27461.97642,0.158140844,2.9,97,2021316,78.76585366
Slovenia,SVN,2009,49.47816599,50.52183401,14.03310461,16.31512551,10.7,9.2,1.53,11594,-7.59058614,24501.78973,0.903875535,2.8,96,2039669,78.97073171
Slovenia,SVN,2010,49.52328364,50.47671636,14.13749895,16.36806886,10.9,9.1,1.57,-410,1.112137193,23329.84177,0.436079485,2.6,96,2048583,79.42195122
Slovenia,SVN,2011,49.48765231,50.51234769,14.27642664,16.49559938,10.7,9.1,1.56,2190,0.655438128,24940.62848,0.207732702,2.5,96,2052843,79.97073171
Slovenia,SVN,2012,49.49377131,50.50622869,14.42149084,16.79045799,10.7,9.4,1.58,1117,-2.91553782,22442.14179,0.210024306,2.4,96,2057159,80.12439024
Slovenia,SVN,2013,49.5270472,50.4729528,14.56764027,17.1479957,10.2,9.4,1.55,639,-0.823776418,23236.96553,0.135726229,2.3,95,2059953,80.32195122
Slovenia,SVN,2014,49.55776331,50.44223669,14.70491287,17.54694968,10.3,9.2,1.58,-70,2.762833276,24013.06821,0.098351922,2.2,95,2061980,81.07804878
Slovenia,SVN,2015,49.5821009,50.4178991,14.82358527,18.01842475,10,9.6,1.57,712,2.393306213,20697.27485,0.075190689,2.1,95,2063531,80.77560976
Slovenia,SVN,2016,49.61712412,50.38287588,14.91726631,18.51205483,9.9,9.5,1.58,1195,3.034414867,21447.83778,0.073197207,2.1,94,2065042,81.17560976
Slovenia,SVN,2017,49.67520991,50.32479009,15.01357635,19.00099883,9.8,9.9,1.62,1359,5.174402156,23303.07771,0.065159039,2,94,2066388,81.02926829
Slovenia,SVN,2018,49.81971316,50.18028684,15.08571837,19.4617683,9.4,9.9,1.6,14640,4.379083473,25888.04811,0.362584395,2,93,2073894,81.37804878
Slovenia,SVN,2019,50.04902951,49.95097049,15.10747012,19.85166836,9.3,9.9,1.61,16352,3.505253324,25814.16872,0.696304046,2,95,2088385,81.52926829
Slovenia,SVN,2020,50.17437049,49.82562951,15.13824905,20.12138871,8.9,11.4,1.59,28514,-4.085000949,25392.06511,0.669754656,1.9,95,2102419,80.53170732
Slovenia,SVN,2021,50.18403166,49.81596834,15.16230943,20.4309073,9,11,1.64,2477,8.416864577,29192.84019,0.26885197,1.9,86,2108079,80.67560976
Slovenia,SVN,2022,50.19780374,49.80219626,15.09619767,20.88127143,8.3,10.6,1.55,9014,2.668505555,28360.30415,0.189424379,1.9,89,2112076,81.28292683
Slovenia,SVN,2023,50.2144075,49.7855925,14.9298337,21.33234296,8,10.2,1.51,5339,2.375832665,32660.47536,0.396216783,1.8,89,2120461,81.97804878
Slovenia,SVN,2024,50.24597665,49.75402335,14.71492024,21.77234918,,,,3319,1.731397225,34301.03187,0.326705896,,90,2127400,
Solomon Islands,SLB,2000,51.75415296,48.24584704,42.88508385,3.393655399,35.445,6.071,4.757,-4219,-14.27699959,953.1719014,2.289274446,23.2,86,440469,67.116
Solomon Islands,SLB,2001,51.67514612,48.32485388,42.54194267,3.398608405,35.116,6.034,4.673,-4474,-7.9566061,911.7919354,1.946117711,23,84,449125,67.237
Solomon Islands,SLB,2002,51.60115367,48.39884633,42.22148661,3.402553363,34.841,6.009,4.602,-4691,-2.799982885,756.8902965,1.884933994,22.8,78,457671,67.35
Solomon Islands,SLB,2003,51.52932293,48.47067707,41.93575721,3.405423321,34.612,5.987,4.539,-4881,6.523466851,895.9842425,1.836546626,22.6,84,466154,67.479
Solomon Islands,SLB,2004,51.4600378,48.5399622,41.69298647,3.410371862,34.288,5.962,4.466,-4985,7.683641022,986.0709535,1.797946951,22.5,90,474611,67.628
Solomon Islands,SLB,2005,51.39365862,48.60634138,41.49743159,3.41878838,34.027,5.94,4.411,-5082,7.359079177,1144.492334,1.768675026,22.3,89,483080,67.79
Solomon Islands,SLB,2006,51.33006369,48.66993631,41.34889904,3.431697124,33.993,5.922,4.39,-5262,4.137262397,1255.624474,1.747090117,22.2,99,491594,67.968
Solomon Islands,SLB,2007,51.27070608,48.72929392,41.24237362,3.448127632,33.944,6.028,4.372,-5383,3.639734996,1390.14871,1.726687719,21.9,88,500156,67.845
Solomon Islands,SLB,2008,51.21553335,48.78446665,41.17071876,3.464985554,33.847,5.89,4.358,-5538,6.225906362,1525.846663,1.711530798,21.7,85,508790,68.336
Solomon Islands,SLB,2009,51.16560936,48.83439064,41.11506327,3.477142322,33.678,5.922,4.349,-4360,2.864863096,1554.70671,1.821204825,21.4,86,518141,68.397
Solomon Islands,SLB,2010,51.13946804,48.86053196,41.01146786,3.470283394,33.203,5.802,4.341,5040,9.708172355,1685.145358,2.821397885,21.1,83,532968,68.669
Solomon Islands,SLB,2011,51.13546555,48.86453445,40.84655798,3.453869734,32.962,5.663,4.335,5219,7.430237521,1924.057956,3.679715423,20.8,91,552945,68.824
Solomon Islands,SLB,2012,51.13501056,48.86498944,40.6552227,3.448095515,32.734,5.564,4.332,5420,2.465918377,2066.257386,3.668421041,20.5,92,573606,68.961
Solomon Islands,SLB,2013,51.13733202,48.86266798,40.44273,3.455277379,32.486,5.529,4.325,5631,5.237447047,2161.386275,3.652621482,20.2,83,594945,69.007
Solomon Islands,SLB,2014,51.14149922,48.85850078,40.21020963,3.478314433,32.554,5.56,4.36,5598,1.189455095,2164.952899,3.62509399,19.9,77,616908,68.984
Solomon Islands,SLB,2015,51.14722051,48.85277949,39.95581899,3.517824887,31.895,5.451,4.291,5853,1.67578612,2045.477215,3.583379165,19.6,87,639415,69.323
Solomon Islands,SLB,2016,51.15432578,48.84567422,39.67655955,3.572806183,31.137,5.431,4.2,6146,5.554943483,2082.623831,3.528420383,19.4,94,662379,69.501
Solomon Islands,SLB,2017,51.16338424,48.83661576,39.36600836,3.640591741,30.083,5.44,4.06,6513,3.075461761,2143.576705,3.45614796,19.1,83,685672,69.652
Solomon Islands,SLB,2018,51.17381022,48.82618978,39.01566914,3.716677878,29.147,5.47,3.93,6653,2.745852448,2278.199086,3.359859127,18.7,85,709101,69.806
Solomon Islands,SLB,2019,51.17647947,48.82352053,38.71477875,3.741895524,28.413,5.547,3.8,-1990,1.749252445,2223.658909,2.650498034,18.3,94,728147,69.981
Solomon Islands,SLB,2020,51.16494604,48.83505396,38.42535507,3.702763473,27.966,5.82,3.749,1556,-3.381259258,2063.32781,2.220721486,17.9,94,744498,69.258
Solomon Islands,SLB,2021,51.1509431,48.8490569,38.09057667,3.654905674,27.699,5.898,3.694,1499,-0.227975293,2043.444132,2.401167987,17.5,87,762591,68.89
Solomon Islands,SLB,2022,51.14209152,48.85790848,37.74290521,3.62869463,27.283,5.194,3.62,1567,-2.584483618,1877.781045,2.393780769,17,89,781066,70.409
Solomon Islands,SLB,2023,51.1338665,48.8661335,37.36305563,3.626537568,26.935,5.141,3.557,1636,2.841118512,1882.643941,2.395832434,16.5,84,800005,70.528
Solomon Islands,SLB,2024,51.12884935,48.87115065,36.97036614,3.638802829,,,,1610,2.997559876,1933.555384,2.370783523,,87,819198,
"Somalia, Fed. Rep.",SOM,2000,49.92688415,50.07311585,47.35624972,2.601956869,50.443,15.749,7.645,53580,7.110314311,386.1192744,4.000978628,104.3,33,8838713,50.747
"Somalia, Fed. Rep.",SOM,2001,49.94978525,50.05021475,47.46027963,2.586537817,50.374,15.688,7.636,40274,7.110314311,244.9148425,3.989838847,104.3,33,9198493,50.829
"Somalia, Fed. Rep.",SOM,2002,49.9714138,50.0285862,47.56864955,2.576642688,50.373,15.691,7.626,12603,7.630267293,229.5989183,3.750808504,104.3,40,9550063,50.82
"Somalia, Fed. Rep.",SOM,2003,49.99102345,50.00897655,47.69382501,2.567897552,50.123,15.691,7.603,33174,7.630267293,286.2730252,3.69115278,104.3,40,9909157,50.721
"Somalia, Fed. Rep.",SOM,2004,50.00817041,49.99182959,47.87643184,2.554037069,49.904,15.67,7.568,17353,7.110314311,375.4103262,3.683805789,104.3,30,10280998,50.685
"Somalia, Fed. Rep.",SOM,2005,50.02443578,49.97556422,48.17787631,2.53413869,49.615,15.501,7.527,-5955,7.110314311,439.9799078,3.472043638,104.2,35,10644228,50.894
"Somalia, Fed. Rep.",SOM,2006,50.03917816,49.96082184,48.57650468,2.511712107,49.391,15.443,7.49,-67200,6.486370733,457.9966622,3.064792483,103.8,26,10975502,50.915
"Somalia, Fed. Rep.",SOM,2007,50.05104402,49.94895598,48.87290058,2.488191408,48.908,15.32,7.457,8476,6.694351926,479.6356281,3.11334404,102.8,40,11322582,50.885
"Somalia, Fed. Rep.",SOM,2008,50.06123595,49.93876405,48.91579706,2.465407091,48.763,14.959,7.415,-102035,6.694351926,507.0374433,2.962950131,101,31,11663084,51.456
"Somalia, Fed. Rep.",SOM,2009,50.07224609,49.92775391,48.82401441,2.445452593,48.426,14.501,7.376,-101795,6.694351926,246.5132517,2.523952159,98.9,42,11961201,52.101
"Somalia, Fed. Rep.",SOM,2010,50.07900989,49.92099011,48.69172292,2.426145063,48.062,16.617,7.322,-88448,6.694351926,219.2024539,2.481698873,112.9,45,12261756,48.9
"Somalia, Fed. Rep.",SOM,2011,50.07611652,49.92388348,48.3036733,2.383764292,48.58,32.124,7.268,-326192,6.694351926,235.3259456,0.707617148,215.7,41,12348830,32.453
"Somalia, Fed. Rep.",SOM,2012,50.07386953,49.92613047,47.91025282,2.349046864,48.159,16.102,7.211,-51833,6.694351926,350.2619467,0.90552852,112.4,42,12461160,49.138
"Somalia, Fed. Rep.",SOM,2013,50.07884864,49.92115136,47.7868514,2.350349889,47.744,12.893,7.14,20723,10.95929862,393.398704,3.225086794,89,44,12869594,54.016
"Somalia, Fed. Rep.",SOM,2014,50.08384503,49.91615497,47.70363427,2.362608888,47.457,12.637,7.061,6065,8.978005906,429.4316567,3.586140896,86.3,46,13339491,54.442
"Somalia, Fed. Rep.",SOM,2015,50.08757899,49.91242101,47.6216331,2.392332681,47.171,12.292,6.975,-17178,10.46218812,445.5830801,3.444414629,84.1,48,13806963,55.056
"Somalia, Fed. Rep.",SOM,2016,50.08981973,49.91018027,47.53982928,2.431133326,46.561,12.054,6.878,124017,7.0348726,460.9284906,3.848910334,82,49,14348740,55.283
"Somalia, Fed. Rep.",SOM,2017,50.08988625,49.91011375,47.41391479,2.461893285,46.155,14.073,6.766,38067,14.7357956,510.9399523,3.881449744,96.7,51,14916629,52.19
"Somalia, Fed. Rep.",SOM,2018,50.09071355,49.90928645,47.26155884,2.488858347,45.67,12.391,6.662,40844,2.054315073,509.4972738,3.529333035,85.8,53,15452487,54.767
"Somalia, Fed. Rep.",SOM,2019,50.09429249,49.90570751,47.13806169,2.517773253,45.139,10.908,6.56,53124,2.800333125,539.9548162,3.675257745,75.7,57,16030971,57.249
"Somalia, Fed. Rep.",SOM,2020,50.0993983,49.9006017,47.03258905,2.537229996,44.544,10.834,6.453,77259,-2.764556962,518.1611333,3.795920669,73.7,55,16651191,57.095
"Somalia, Fed. Rep.",SOM,2021,50.10392017,49.89607983,46.95044241,2.537097171,44.094,11.3,6.353,35506,3.4471985,549.0569948,3.657200378,71.8,62,17271431,55.703
"Somalia, Fed. Rep.",SOM,2022,50.10452256,49.89547744,46.8214483,2.541813381,43.789,12.812,6.255,-92434,2.718212021,573.1411658,3.025127548,89.9,71,17801897,53.931
"Somalia, Fed. Rep.",SOM,2023,50.10088724,49.89911276,46.67871187,2.564567098,42.964,9.835,6.132,46217,4.175242576,596.8859851,3.079392196,67.8,69,18358615,58.816
"Somalia, Fed. Rep.",SOM,2024,50.09581964,49.90418036,46.59323291,2.591583391,,,,26859,4.111393358,629.5388994,3.482154818,,70,19009151,
South Africa,ZAF,2000,47.53223826,52.46776174,34.90443439,4.746521123,21.567,10.393,2.413,-136794,4.200000001,3217.846934,0.914659168,46.9,73,47159719,58.368
South Africa,ZAF,2001,47.53361068,52.46638932,34.03740704,4.816917421,21.266,11.074,2.373,-60793,2.7,2847.151919,0.859492168,47.6,71,47566800,57.161
South Africa,ZAF,2002,47.57578367,52.42421633,33.16069032,4.884043256,20.928,11.954,2.324,50313,3.700374404,2688.23676,0.94703694,48,70,48019415,55.58
South Africa,ZAF,2003,47.64367052,52.35632948,32.33466902,4.951812923,21.388,12.831,2.358,65604,2.949075468,4062.21756,0.996556488,48.6,69,48500348,54.245
South Africa,ZAF,2004,47.71734014,52.28265986,31.6292074,5.023029491,22.136,13.103,2.436,58924,4.554559907,5221.463337,1.007422797,49,74,48991421,53.963
South Africa,ZAF,2005,47.79237266,52.20762734,31.0682348,5.095608899,22.718,13.333,2.512,31286,5.277051973,5836.876633,1.012609462,47.9,81,49490033,53.914
South Africa,ZAF,2006,47.86494743,52.13505257,30.61297892,5.154886637,23.144,13.392,2.548,33159,5.603806459,6077.382934,1.021724907,46,84,49998277,54.22
South Africa,ZAF,2007,47.93244948,52.06755052,30.21929954,5.201154115,23.088,13.122,2.545,36339,5.360474054,6591.85536,1.055065112,43.8,85,50528584,54.948
South Africa,ZAF,2008,47.99493679,52.00506321,29.91302866,5.235732215,24.33,12.683,2.679,36869,3.191043886,6184.754743,1.153095517,40.6,82,51114599,55.982
South Africa,ZAF,2009,48.05361708,51.94638292,29.6757711,5.248445558,22.779,12.067,2.501,41528,-1.538089135,6374.7056,1.193904507,37.7,81,51728516,57.413
South Africa,ZAF,2010,48.11355927,51.88644073,29.40319904,5.247369945,22.178,11.349,2.445,68563,3.039732881,7973.471958,1.18290957,35.4,77,52344051,58.886
South Africa,ZAF,2011,48.17429803,51.82570197,29.12488592,5.241522323,22.075,10.721,2.436,65166,3.168556279,8646.055711,1.236314587,33.9,75,52995205,60.602
South Africa,ZAF,2012,48.23265219,51.76734781,28.90203929,5.250222672,22.118,10.149,2.447,264091,2.396232385,8076.976785,1.474794344,33,71,53782567,61.737
South Africa,ZAF,2013,48.28768163,51.71231837,28.68813862,5.287842728,21.894,9.962,2.428,232230,2.485468008,7331.654674,1.652651995,32,81,54678791,62.388
South Africa,ZAF,2014,48.36900685,51.63099315,28.5045913,5.331154978,21.784,9.647,2.424,272697,1.413826452,6856.731371,1.661445407,30.9,85,55594838,63.184
South Africa,ZAF,2015,48.53235968,51.46764032,28.30851264,5.369611431,21.007,9.217,2.359,641150,1.321862237,6112.273825,2.009888402,29.7,85,56723537,64.053
South Africa,ZAF,2016,48.51688411,51.48311589,28.32714581,5.473534887,20.27,9.069,2.261,-879235,0.664552308,5651.205852,0.940521898,28.4,85,57259551,64.749
South Africa,ZAF,2017,48.41633828,51.58366172,28.26358066,5.628055665,20.038,8.83,2.283,343146,1.157946952,6618.335083,0.653837463,27.3,84,57635162,65.422
South Africa,ZAF,2018,48.45538362,51.54461638,27.8564497,5.776609235,19.85,8.789,2.27,318260,1.556783847,6914.178032,1.68236992,26.3,82,58613001,65.726
South Africa,ZAF,2019,48.48675451,51.51324549,27.43001512,5.945220191,19.694,8.75,2.264,331124,0.259935577,6533.71121,1.649574955,25.6,85,59587885,66.071
South Africa,ZAF,2020,48.51391078,51.48608922,26.99915233,6.109488991,19.522,9.683,2.257,369901,-6.168917715,5580.603831,1.622164314,25,84,60562381,65.15
South Africa,ZAF,2021,48.54001545,51.45998455,26.61355162,6.234625549,19.354,11.933,2.248,458246,4.858648651,6828.756246,1.540557438,24.7,86,61502603,62.01
South Africa,ZAF,2022,48.5838658,51.4161342,26.32118308,6.361626563,19.079,9.402,2.227,233284,2.058136617,6534.248678,1.41397228,24.5,85,62378410,65.454
South Africa,ZAF,2023,48.64628583,51.35371417,26.08489838,6.515093676,18.775,9.239,2.216,228222,0.806104551,6034.27209,1.328100941,24.4,79,63212384,66.139
South Africa,ZAF,2024,48.67102266,51.32897734,25.88375916,6.690547943,,,,166972,0.534843532,6267.186814,1.249514261,,74,64007187,
South Sudan,SSD,2000,48.61298414,51.38701586,45.48190212,2.433396729,49.816,17.315,6.803,74227,,,4.416870388,118.5,,6032267,47.591
South Sudan,SSD,2001,48.71012276,51.28987724,45.51719721,2.446479423,48.921,16.566,6.654,77856,,,4.475775831,114,,6308391,48.55
South Sudan,SSD,2002,48.80286005,51.19713995,45.72095604,2.457014618,48.029,15.89,6.515,82847,,,4.470494054,109.6,,6596806,49.394
South Sudan,SSD,2003,48.89742705,51.10257295,45.9188601,2.466194122,46.77,14.057,6.353,91951,,,4.538890485,105.1,,6903127,52.324
South Sudan,SSD,2004,48.99294778,51.00705222,45.77605049,2.474982514,45.513,13.455,6.19,110182,,,4.668505896,100.8,,7233041,53.052
South Sudan,SSD,2005,49.08326497,50.91673503,45.34726157,2.483662034,44.3,12.776,6.022,132869,,,4.819087549,96.6,,7590143,53.965
South Sudan,SSD,2006,49.16614075,50.83385925,44.84975384,2.492851995,43.183,12.254,5.853,153926,,,4.965254652,92.6,,7976526,54.653
South Sudan,SSD,2007,49.24164254,50.75835746,44.31508129,2.502656075,42.307,11.725,5.704,167350,,,5.039307403,89,,8388788,55.425
South Sudan,SSD,2008,49.30966277,50.69033723,43.80812137,2.513391611,41.624,11.2,5.569,165557,,1654.211535,4.985900202,85.5,,8817647,56.28
South Sudan,SSD,2009,49.36902523,50.63097477,43.39278087,2.525618928,41.025,10.857,5.446,139129,5.04164188,1323.220687,4.717160572,82.1,,9243556,56.848
South Sudan,SSD,2010,49.4264132,50.5735868,42.78026773,2.538725431,39.878,10.388,5.318,299402,5.493416395,1498.27035,5.292546182,79,,9745953,57.485
South Sudan,SSD,2011,49.47677945,50.52322055,42.16747218,2.550444401,39.791,10.322,5.193,194325,-4.640316736,1448.98435,5.413664039,76.1,61,10288109,57.674
South Sudan,SSD,2012,49.51650391,50.48349609,41.9126758,2.561020394,39.141,10.044,5.061,125771,-46.08212237,1109.260501,4.449728898,74,63,10756240,58.241
South Sudan,SSD,2013,49.54909314,50.45090686,41.85930662,2.568148171,38.295,9.997,4.939,65337,13.12973114,1650.189434,3.741202364,72.9,53,11166275,58.285
South Sudan,SSD,2014,49.53017217,50.46982783,42.46406065,2.558652826,38.191,17.932,4.818,-471523,3.373648477,1242.734502,0.614232825,117.7,50,11235073,45.625
South Sudan,SSD,2015,49.46273539,50.53726461,43.08220576,2.534876804,35.407,22.034,4.695,-159822,-10.79336463,1080.147186,-1.141435557,148.5,46,11107561,39.757
South Sudan,SSD,2016,49.3702183,50.6297817,43.74488347,2.519228351,35.052,24.844,4.579,-654225,,,-2.529656835,164.1,45,10830102,36.72
South Sudan,SSD,2017,49.24295407,50.75704593,45.0467234,2.523517169,32.802,25.765,4.483,-670477,,,-5.415909905,172.9,52,10259154,35.351
South Sudan,SSD,2018,49.17751962,50.82248038,44.90963972,2.561445116,29.068,12.423,4.37,157408,,,-1.336258964,91.8,59,10122977,51.905
South Sudan,SSD,2019,49.19030135,50.80969865,43.56089155,2.626435906,29.421,9.302,4.26,65198,,,2.924395312,72.6,61,10423384,58.129
South Sudan,SSD,2020,49.20140428,50.79859572,42.42569052,2.693937365,29.441,9.594,4.16,62935,,,2.60487165,72.6,67,10698467,57.648
South Sudan,SSD,2021,49.19898986,50.80101014,41.63446619,2.761693132,29.693,10.038,4.047,-154359,,,1.551794111,72.6,69,10865780,57.047
South Sudan,SSD,2022,49.19385652,50.80614348,40.85410565,2.835790459,29.066,9.906,3.964,40259,,,1.420020255,72.6,73,11021177,57.203
South Sudan,SSD,2023,49.19102173,50.80897827,39.85153667,2.912388815,28.59,9.609,3.864,455000,,,4.108164632,72.6,73,11483374,57.617
South Sudan,SSD,2024,49.18498974,50.81501026,38.91747067,2.991675283,,,,15374,,,3.927924422,,73,11943408,
Spain,ESP,2000,49.090123,50.909877,14.81582986,16.54787741,9.8,8.9,1.22,176269,5.200641256,14743.2671,0.447137015,4.4,95,40567864,78.96585366
Spain,ESP,2001,49.09404274,50.90595726,14.66023181,16.81031088,9.9,8.8,1.23,181307,3.919088808,15368.2338,0.694068084,4.2,96,40850412,79.36829268
Spain,ESP,2002,49.14078805,50.85921195,14.57423518,16.91841551,10.1,8.8,1.25,737880,2.755456116,17111.06851,1.412595405,4.1,98,41431558,79.56829268
Spain,ESP,2003,49.22082115,50.77917885,14.54482666,16.81435138,10.4,9.1,1.3,658428,2.939289595,21522.0171,1.808454468,4.1,98,42187645,79.6195122
Spain,ESP,2004,49.30406493,50.69593507,14.51928186,16.62000377,10.6,8.6,1.31,661158,3.11453148,24925.02678,1.725466303,3.9,97,42921895,79.87073171
Spain,ESP,2005,49.38987305,50.61012695,14.50574213,16.54587463,10.6,8.8,1.33,629803,3.551225585,26450.95301,1.689349047,3.8,96,43653155,80.17073171
Spain,ESP,2006,49.44604426,50.55395574,14.54313999,16.53591901,10.8,8.3,1.36,659720,4.043435156,28421.68653,1.690352556,3.7,98,44397319,80.82195122
Spain,ESP,2007,49.50495872,50.49504128,14.59484358,16.4323341,10.9,8.5,1.38,772317,3.533500132,32652.01559,1.851081308,3.6,96,45226803,80.87317073
Spain,ESP,2008,49.55177515,50.44822485,14.68503314,16.4438826,11.3,8.4,1.45,434135,0.767165748,35603.24833,1.595330499,3.4,97,45954106,81.17560976
Spain,ESP,2009,49.53809334,50.46190666,14.81186306,16.62446355,10.6,8.3,1.38,129557,-3.768133069,32279.82085,0.885735981,3.3,96,46362946,81.47560976
Spain,ESP,2010,49.4939355,50.5060645,14.9215556,16.89246019,10.4,8.2,1.37,69406,0.094122312,30658.74223,0.460408305,3.2,97,46576897,81.62682927
Spain,ESP,2011,49.44483327,50.55516673,15.00895383,17.16870548,10.1,8.3,1.34,60761,-0.639920637,31824.62191,0.355338396,3,97,46742697,82.47560976
Spain,ESP,2012,49.38200049,50.61799951,15.06000985,17.45651708,9.7,8.6,1.32,-153486,-2.865113686,28456.44382,0.064925963,2.9,96,46773055,82.42682927
Spain,ESP,2013,49.31111539,50.68888461,15.07214227,17.85081852,9.1,8.3,1.27,-250741,-1.427322248,29228.84656,-0.36166878,2.9,96,46604197,83.07804878
Spain,ESP,2014,49.25733604,50.74266396,15.05126237,18.25564484,9.2,8.5,1.32,-97870,1.520485936,29707.76551,-0.308309722,2.8,97,46460733,83.22926829
Spain,ESP,2015,49.22344392,50.77655608,14.99679031,18.54175461,9,9.1,1.33,-1979,4.060866725,25982.44162,-0.082749238,2.7,97,46422303,82.83170732
Spain,ESP,2016,49.18895993,50.81104007,14.91829256,18.76733888,8.8,8.8,1.33,106474,2.915155986,26755.60611,0.077165873,2.7,97,46458139,83.32926829
Spain,ESP,2017,49.1527365,50.8472635,14.82058173,18.99282004,8.4,9.1,1.31,201135,2.896042079,28381.34256,0.243134087,2.7,95,46571232,83.28292683
Spain,ESP,2018,49.12866443,50.87133557,14.66568546,19.20234084,7.9,9.1,1.26,337467,2.395411245,30602.42129,0.451573725,2.7,96,46782011,83.43170732
Spain,ESP,2019,49.11887012,50.88112988,14.44879584,19.38182763,7.6,8.8,1.23,464783,1.961178508,29786.52457,0.716697775,2.6,95,47118501,83.83170732
Spain,ESP,2020,49.11387056,50.88612944,14.19950726,19.55961609,7.2,10.4,1.18,236854,-10.94007064,27233.94265,0.51001019,2.6,94,47359424,82.23170732
Spain,ESP,2021,49.10992019,50.89007981,13.90831616,19.81338229,7.1,9.5,1.18,144385,6.683144205,30799.47759,0.178046695,2.6,93,47443821,83.17804878
Spain,ESP,2022,49.10398079,50.89601921,13.59591034,20.18799925,6.9,9.7,1.16,299779,6.370317121,30319.49872,0.718854879,2.6,95,47786102,83.13414634
Spain,ESP,2023,49.09966234,50.90033766,13.25865076,20.65370752,6.7,9,1.12,119099,2.460857968,33493.22254,1.178366187,2.6,93,48352528,83.88292683
Spain,ESP,2024,49.09551506,50.90448494,12.92174487,21.14544389,,,,111674,3.455254056,35326.76831,1.021212609,,94,48848840,
Sri Lanka,LKA,2000,49.74151837,50.25848163,27.00131682,6.205419997,18.402,6.633,2.213,123894,6.000033158,860.1998843,1.821928939,13,99,19293054,71.179
Sri Lanka,LKA,2001,49.67769473,50.32230527,26.62594888,6.268899363,18.95,6.482,2.283,19273,-1.545408134,803.5440266,1.580290069,12.7,98,19600362,71.804
Sri Lanka,LKA,2002,49.58524675,50.41475325,26.32924264,6.351008535,19.172,6.406,2.31,-105718,3.964675685,834.9360149,1.042436511,12.4,98,19805752,72.271
Sri Lanka,LKA,2003,49.47788946,50.52211054,26.1135974,6.44049628,19.093,6.462,2.301,-107573,5.940269078,946.3822551,0.733298047,12.1,99,19951521,72.442
Sri Lanka,LKA,2004,49.37587884,50.62412116,25.95475668,6.526756176,18.826,8.246,2.271,-84795,5.445061279,1028.620681,0.679757715,16.7,97,20087605,68.022
Sri Lanka,LKA,2005,49.27657692,50.72342308,25.83750733,6.621293883,18.716,6.415,2.263,-118594,6.241748044,1207.219948,0.639733163,11.2,99,20216524,73.073
Sri Lanka,LKA,2006,49.17425754,50.82574246,25.74524709,6.735936592,18.852,6.632,2.292,-107045,7.668291901,1388.897391,0.669909172,10.7,98,20352411,72.825
Sri Lanka,LKA,2007,49.06593593,50.93406407,25.6652773,6.871059695,18.81,6.694,2.295,-109695,6.796826119,1578.634511,0.686177994,10.2,98,20492545,72.983
Sri Lanka,LKA,2008,48.94973566,51.05026434,25.58721354,7.031758301,18.204,6.947,2.232,-97144,5.950088145,1973.584769,0.665501489,9.7,98,20629378,72.556
Sri Lanka,LKA,2009,48.82334328,51.17665672,25.50834235,7.214870954,17.628,7.984,2.179,-81130,3.538912053,2026.6594,0.614014272,13,97,20756435,70.298
Sri Lanka,LKA,2010,48.70036715,51.29963285,25.41954057,7.427227788,17.147,6.403,2.134,-98060,8.015967371,2808.362445,0.589181271,9.1,99,20879089,74.463
Sri Lanka,LKA,2011,48.59360595,51.40639405,25.31356252,7.680048139,17.091,6.407,2.144,-90839,8.669483012,3224.957452,0.620507028,8.9,99,21009048,74.74
Sri Lanka,LKA,2012,48.5371023,51.4628977,25.17841978,7.970404816,17.148,6.324,2.173,-41955,8.632181377,3327.776137,0.760628048,8.5,99,21169458,75.187
Sri Lanka,LKA,2013,48.52378136,51.47621864,25.02697597,8.292335061,17.028,6.291,2.178,-37754,4.05174633,3739.431811,-2.799682733,8.1,99,20585000,75.546
Sri Lanka,LKA,2014,48.51005613,51.48994387,24.87223086,8.635676063,16.522,6.341,2.134,-33672,6.377978897,3972.043757,0.933207943,7.7,99,20778000,75.757
Sri Lanka,LKA,2015,48.49513605,51.50486395,24.69288098,8.990545616,16.022,6.398,2.09,-29797,4.205955474,4057.715835,0.919811027,7.4,99,20970000,75.99
Sri Lanka,LKA,2016,48.4805419,51.5194581,24.47834279,9.345508014,15.651,6.493,2.062,-18388,5.05362489,4149.191908,1.133277498,7,99,21209000,76.136
Sri Lanka,LKA,2017,48.46600719,51.53399281,24.22908283,9.693685874,15.371,6.608,2.044,-22324,6.460681271,4398.888281,1.143887584,6.7,99,21453000,76.239
Sri Lanka,LKA,2018,48.45114058,51.54885942,23.95302986,10.03597339,15.15,6.677,2.033,-28607,2.310084255,4358.560959,1.006431981,6.5,99,21670000,76.485
Sri Lanka,LKA,2019,48.43808169,51.56191831,23.65448704,10.37546086,14.6,6.7,2.022,-28426,-0.220483887,4081.947727,0.611875946,6.2,99,21803000,76.698
Sri Lanka,LKA,2020,48.42719594,51.57280406,23.33745254,10.71571085,13.8,6,2.007,-29875,-4.624515037,3847.601377,0.53062656,6,96,21919000,76.928
Sri Lanka,LKA,2021,48.4146295,51.5853705,23.01599287,11.04564498,12.9,7.4,1.995,-29586,4.207476495,3996.9624,1.075449957,5.8,96,22156000,76.278
Sri Lanka,LKA,2022,48.40122155,51.59877845,22.6903041,11.38243479,12.4,8.1,1.984,-27435,-7.349193013,3342.636503,0.11277264,5.5,98,22181000,77.3
Sri Lanka,LKA,2023,48.38947123,51.61052877,22.36127304,11.73870999,11.2,8.2,1.974,-28011,-2.32984819,3798.890166,-0.65132077,5.3,99,22037000,77.483
Sri Lanka,LKA,2024,48.38021751,51.61978249,22.03028671,12.10393963,,,,-27245,5.00871931,4515.567873,-0.550589519,,97,21916000,
Sudan,SDN,2000,50.0077687,49.9922313,45.84361049,2.914219527,40.836,9.972,5.596,-165030,6.34586744,362.1168823,2.497545616,70.8,62,27816745,58.946
Sudan,SDN,2001,49.98539105,50.01460895,45.72980565,2.879891376,40.65,9.781,5.562,-173745,6.500360534,451.2933044,2.485415778,68.9,66,28516770,59.264
Sudan,SDN,2002,49.95839367,50.04160633,45.62493262,2.844340433,40.439,9.717,5.531,-180603,6.006471536,506.2626343,2.465969175,66.9,60,29228727,59.308
Sudan,SDN,2003,49.92037573,50.07962427,45.55637395,2.809407669,40.206,10.161,5.489,-281001,6.288808161,580.3202515,2.257383588,65,69,29896035,58.319
Sudan,SDN,2004,49.8701706,50.1298294,45.48990617,2.767096065,39.967,10.861,5.455,-185392,5.140888518,705.1133423,2.185604952,68.2,74,30556637,56.773
Sudan,SDN,2005,49.81839872,50.18160128,45.39786533,2.718307992,39.612,10.599,5.397,-199378,5.643515513,905.5436401,2.283559249,66.8,78,31262444,57.226
Sudan,SDN,2006,49.78012301,50.21987699,45.27780708,2.679091166,39.187,9.063,5.332,-211387,6.531411747,1132.474609,2.308196368,59.9,78,31992435,60.4
Sudan,SDN,2007,49.75598471,50.24401529,45.11459932,2.651388518,38.871,8.569,5.27,-201769,5.735274237,1444.372192,2.383500342,58.4,84,32764135,61.442
Sudan,SDN,2008,49.73956533,50.26043467,44.91681153,2.62342237,38.392,8.597,5.212,-73188,3.846744731,1527.582397,2.590503087,57,86,33623980,61.261
Sudan,SDN,2009,49.73094913,50.26905087,44.70423127,2.598575535,38.084,7.947,5.173,-80159,-2.767704366,1178.221802,2.772109263,55.7,81,34569113,62.676
Sudan,SDN,2010,49.72448354,50.27551646,44.61295045,2.586639934,37.987,7.819,5.141,-339466,3.858241952,1305.635986,2.415789333,54.5,90,35414399,62.979
Sudan,SDN,2011,49.71608824,50.28391176,44.62207899,2.586536117,37.317,7.686,5.087,-347024,-3.213532093,1332.657227,2.030409822,53.4,93,36140806,63.181
Sudan,SDN,2012,49.70665444,50.29334556,44.544309,2.597191119,36.59,7.528,5.031,-232196,-17.0046884,1019.222107,2.141689686,52.3,92,36923178,63.427
Sudan,SDN,2013,49.69421885,50.30578115,44.36764732,2.616060084,36.015,7.474,4.965,-194001,1.955144633,1138.627808,2.309518352,51.3,93,37785849,63.443
Sudan,SDN,2014,49.68199781,50.31800219,44.01974478,2.639406039,35.491,7.21,4.912,92504,4.661379542,1275.438354,2.708637804,50.1,94,38823318,63.99
Sudan,SDN,2015,49.67284732,50.32715268,43.55998411,2.673037342,35.683,7.069,4.898,66476,1.910176891,1292.379639,3.046899717,49,93,40024431,64.375
Sudan,SDN,2016,49.66372428,50.33627572,43.11954573,2.720969313,35.412,6.948,4.829,84728,3.467642184,1033.215942,3.040084743,47.8,93,41259892,64.677
Sudan,SDN,2017,49.65737124,50.34262876,42.55015471,2.778043464,35.023,6.741,4.761,441623,0.709256285,966.5056763,3.464300916,46.5,95,42714306,65.146
Sudan,SDN,2018,49.65217968,50.34782032,42.00985671,2.843365484,35.074,6.646,4.681,125499,-2.68093055,731.0274658,3.488286755,45.3,93,44230596,65.501
Sudan,SDN,2019,49.64505603,50.35494397,41.67992635,2.917953322,34.909,6.549,4.617,-39491,-2.178251045,709.9752808,2.935379024,44,93,45548175,65.803
Sudan,SDN,2020,49.63480165,50.36519835,41.43396266,2.989897398,34.48,6.786,4.542,-65933,-3.629800824,577.7952271,2.688251257,42.8,90,46789231,65.124
Sudan,SDN,2021,49.62276554,50.37723446,41.17898308,3.053637258,33.913,6.996,4.457,31664,-1.868520483,712.1220093,2.694122024,41.6,84,48066924,64.46
Sudan,SDN,2022,49.61274089,50.38725911,40.9119123,3.125011042,33.535,6.522,4.384,-26668,-0.957816591,1046.240845,2.7018952,40.3,84,49383346,65.695
Sudan,SDN,2023,49.60074269,50.39925731,40.64943181,3.211660429,33.612,6.404,4.323,-1349998,-29.43327183,797.2834473,1.326521757,39.2,51,50042791,66.331
Sudan,SDN,2024,49.58030356,50.41969644,40.47135162,3.301713093,,,,-544257,-13.96433752,984.607666,0.808373216,,39,50448963,
Suriname,SUR,2000,50.58188204,49.41811796,32.9532795,4.49445392,25.518,8.055,3.046,1516,2.099998868,1988.221729,2.061841303,27.3,71,476643,64.409
Suriname,SUR,2001,50.66631042,49.33368958,32.30324349,4.796021864,25.357,8.198,3.057,1641,4.200000421,1714.648466,2.059244093,26.5,68,486560,64.82
Suriname,SUR,2002,50.74715236,49.25284764,31.75441017,5.099370357,24.254,8.312,2.956,2076,2.800000689,2202.340682,2.032597331,25.7,73,496551,65.274
Suriname,SUR,2003,50.82462175,49.17537825,31.2801075,5.422040641,23.021,8.418,2.839,2345,6.299999433,2516.10404,1.966831933,25,75,506414,65.778
Suriname,SUR,2004,50.8358256,49.1641744,31.01388729,5.591888279,22.053,8.534,2.738,-1676,8.500000185,2887.772173,1.471893221,24.3,85,513923,66.362
Suriname,SUR,2005,50.78574963,49.21425037,30.91799254,5.610302082,21.701,8.151,2.712,-1534,4.500000211,3453.428659,1.043333545,23.7,83,519313,66.997
Suriname,SUR,2006,50.73762326,49.26237674,30.82398566,5.652508491,21.673,7.811,2.727,-1403,5.793543585,5002.657987,1.088576405,23.1,84,524997,67.643
Suriname,SUR,2007,50.690563,49.309437,30.73560872,5.703029664,21.569,7.506,2.735,-1312,5.111487778,5530.176156,1.139960433,22.6,84,531016,68.307
Suriname,SUR,2008,50.64523634,49.35476366,30.63087546,5.749792227,21.338,7.281,2.727,-1255,4.143406812,6576.085463,1.166207621,22.1,85,537245,68.873
Suriname,SUR,2009,50.60176464,49.39823536,30.49167721,5.795503047,21.053,7.146,2.712,-1204,3.013698983,7129.576863,1.170058491,21.6,87,543568,69.323
Suriname,SUR,2010,50.55889643,49.44110357,30.29942374,5.847182242,20.718,7.1,2.688,-1138,5.168825152,7943.604828,1.16234547,21.1,94,549923,69.626
Suriname,SUR,2011,50.51593836,49.48406164,30.04906803,5.899758839,20.423,7.118,2.667,-1060,5.849367672,7949.888672,1.147372177,20.7,80,556269,69.82
Suriname,SUR,2012,50.47304371,49.52695629,29.7567864,5.945349811,20.332,7.17,2.669,-1011,2.690349747,8851.240507,1.137556037,20.3,76,562633,69.957
Suriname,SUR,2013,50.4317079,49.5682921,29.4311272,5.985905592,20.123,7.206,2.651,-968,2.933441652,9043.192815,1.128803232,19.8,77,569020,70.11
Suriname,SUR,2014,50.39252798,49.60747202,29.07253208,6.040342526,19.859,7.199,2.62,-959,0.255503032,9108.189054,1.110294324,19.4,71,575373,70.33
Suriname,SUR,2015,50.35495257,49.64504743,28.68591039,6.126263052,19.479,7.186,2.57,-967,-3.413042681,8813.617054,1.081082266,19,73,581627,70.567
Suriname,SUR,2016,50.30752505,49.69247495,28.2817559,6.249521486,18.942,7.069,2.5,-906,-4.911660509,5644.206106,1.048424837,18.6,77,587757,70.979
Suriname,SUR,2017,50.25121565,49.74878435,27.8819059,6.408651992,18.448,7.041,2.431,-935,1.566037825,6049.521286,1.008244044,18.1,67,593713,71.247
Suriname,SUR,2018,50.19724343,49.80275657,27.51210358,6.586768416,18.092,7.061,2.381,-851,4.948271085,6665.741805,0.972162135,17.6,81,599513,71.468
Suriname,SUR,2019,50.15847651,49.84152349,27.16452503,6.771239154,17.869,7.034,2.347,191,1.167589772,6629.667752,1.037941551,17.1,77,605768,71.773
Suriname,SUR,2020,50.12346566,49.87653434,26.8331002,6.983561606,17.692,6.848,2.314,-296,-15.97519171,4755.392217,1.075304778,16.6,51,612317,72.321
Suriname,SUR,2021,50.07663114,49.92336886,26.54257351,7.164393361,17.577,9.013,2.295,-486,-2.435385836,5029.848385,0.907003624,16.2,72,617896,68.943
Suriname,SUR,2022,50.02936627,49.97063373,26.25504683,7.355607834,17.47,6.687,2.274,-988,2.406222356,6084.438767,0.848956801,15.7,77,623164,73.254
Suriname,SUR,2023,49.98505293,50.01494707,25.94635594,7.621492608,17.298,6.649,2.249,-988,2.416592235,5521.976021,0.914027369,15.2,72,628886,73.631
Suriname,SUR,2024,49.95436856,50.04563144,25.63919481,7.89928298,,,,-1166,1.72095737,6961.78956,0.877853399,,69,634431,
Sweden,SWE,2000,49.44197547,50.55802453,18.43149667,17.26413507,10.2,10.5,1.54,24900,4.631121366,29632.58908,0.160575485,3.4,99,8872109,79.64390244
Sweden,SWE,2001,49.4690211,50.5309789,18.27276384,17.21575201,10.3,10.5,1.57,28856,1.360806427,27259.31743,0.268470528,3.3,99,8895960,79.79512195
Sweden,SWE,2002,49.50138072,50.49861928,18.10759753,17.17642031,10.7,10.6,1.65,31364,2.277728679,29957.77767,0.325438068,3.3,99,8924958,79.84634146
Sweden,SWE,2003,49.53069902,50.46930098,17.92132462,17.16497007,11.1,10.4,1.71,29161,1.881027697,37292.24197,0.372092943,3.2,99,8958229,80.09512195
Sweden,SWE,2004,49.55392643,50.44607357,17.6933109,17.21243008,11.2,10.1,1.75,25842,4.179584193,42758.00486,0.393298991,3.1,99,8993531,80.49756098
Sweden,SWE,2005,49.576822,50.423178,17.41124539,17.27653543,11.2,10.2,1.77,27030,2.793137828,43378.40774,0.399942763,3,98,9029572,80.54634146
Sweden,SWE,2006,49.61323134,50.38676866,17.12652865,17.32808971,11.7,10,1.85,51675,4.676074889,46531.37622,0.562483906,2.8,98,9080505,80.74878049
Sweden,SWE,2007,49.66877362,50.33122638,16.89576543,17.43583448,11.7,10,1.88,54907,3.224868141,53568.30578,0.741552515,2.7,98,9148092,80.9
Sweden,SWE,2008,49.71783859,50.28216141,16.72551763,17.64638987,11.9,9.9,1.91,56452,-0.92311325,55817.17597,0.779033291,2.6,98,9219637,81.1
Sweden,SWE,2009,49.75382686,50.24617314,16.62515567,17.93924231,12,9.7,1.94,63638,-4.255613842,46707.6425,0.851904413,2.6,98,9298515,81.35121951
Sweden,SWE,2010,49.79342588,50.20657412,16.604473,18.2772883,12.3,9.6,1.98,51175,5.750764776,52542.57591,0.852524629,2.5,98,9378126,81.45121951
Sweden,SWE,2011,49.83079626,50.16920374,16.66394688,18.63613856,11.8,9.5,1.9,46049,3.163885674,60379.48146,0.755150134,2.5,98,9449213,81.80243902
Sweden,SWE,2012,49.86076456,50.13923544,16.78736033,18.97755199,11.9,9.7,1.91,52879,-0.414397702,57749.56154,0.739763272,2.4,98,9519374,81.70487805
Sweden,SWE,2013,49.89505886,50.10494114,16.96749272,19.27442186,11.8,9.4,1.89,66760,1.137666718,60843.98888,0.847348652,2.4,98,9600379,81.95609756
Sweden,SWE,2014,49.95015177,50.04984823,17.16171209,19.52106927,11.9,9.2,1.88,77654,2.295772388,59583.45845,0.992219729,2.4,98,9696110,82.25365854
Sweden,SWE,2015,50.02006228,49.97993772,17.34375946,19.69826159,11.7,9.3,1.85,80534,4.388246736,51188.16521,1.057454686,2.3,98,9799186,82.20487805
Sweden,SWE,2016,50.10697068,49.89302932,17.52525375,19.77383486,11.8,9.2,1.85,119234,2.131179147,51703.50883,1.256453985,2.3,98,9923085,82.30731707
Sweden,SWE,2017,50.19075129,49.80924871,17.6761929,19.80183362,11.5,9.1,1.78,102671,1.88282185,53210.22333,1.34744506,2.3,97,10057698,82.4097561
Sweden,SWE,2018,50.24534159,49.75465841,17.76061581,19.86253716,11.4,9.1,1.76,87517,1.770255355,54018.45544,1.16164516,2.2,97,10175214,82.55853659
Sweden,SWE,2019,50.28878431,49.71121569,17.77667846,19.95066214,11.1,8.6,1.71,72619,2.608230129,51648.98928,1.013722263,2.2,98,10278887,83.1097561
Sweden,SWE,2020,50.31511963,49.68488037,17.73590015,20.0599854,10.9,9.5,1.67,37302,-1.93379704,52568.5727,0.722703913,2.1,97,10353442,82.35609756
Sweden,SWE,2021,50.32585516,49.67414484,17.65011799,20.19678323,11,8.8,1.67,51947,5.225864303,60647.54164,0.600591533,2.1,98,10415811,83.05609756
Sweden,SWE,2022,50.34431044,49.65568956,17.48878505,20.34190182,10,9,1.53,58955,1.255436204,54836.89072,0.680582868,2,94,10486941,83.05853659
Sweden,SWE,2023,50.35807252,49.64192748,17.24978472,20.53642356,9.5,9,1.45,55209,-0.204061305,54950.28347,0.472717863,2,94,10536632,83.3097561
Sweden,SWE,2024,50.36614975,49.63385025,16.98577986,20.74676824,,,,50115,0.820071807,57117.48774,0.31343213,,96,10569709,
Switzerland,CHE,2000,48.86152656,51.13847344,17.3734879,15.33319186,10.9,8.7,1.5,24463,3.958719908,38865.02194,0.561954617,4.7,93,7184250,79.6804878
Switzerland,CHE,2001,48.86147855,51.13852145,17.10227257,15.45389777,10,8.5,1.38,35420,1.575661987,39638.79111,0.632771238,4.6,93,7229854,80.1804878
Switzerland,CHE,2002,48.87913477,51.12086523,16.80435053,15.53660573,9.9,8.5,1.39,49650,-0.073217257,42458.73847,0.756469146,4.5,93,7284753,80.38536585
Switzerland,CHE,2003,48.90799647,51.09200353,16.60444945,15.60134,9.8,8.6,1.39,42567,-0.032398426,49335.74563,0.741919603,4.5,93,7339001,80.53658537
Switzerland,CHE,2004,48.93552363,51.06447637,16.37919342,15.71155121,9.9,8.1,1.42,39484,2.701709129,54659.45715,0.68742596,4.4,93,7389625,81.08780488
Switzerland,CHE,2005,48.96550954,51.03449046,16.13937792,15.85310226,9.8,8.2,1.42,33203,2.749699106,56242.89336,0.64060154,4.3,94,7437115,81.23658537
Switzerland,CHE,2006,48.99852364,51.00147636,15.88659584,16.03530864,9.8,8.1,1.44,37308,4.073628418,59011.03246,0.627558473,4.2,94,7483934,81.4902439
Switzerland,CHE,2007,49.05753599,50.94246401,15.63475058,16.23828538,9.9,8.1,1.46,72475,3.916375772,64989.15533,0.893690978,4.1,94,7551117,81.74146341
Switzerland,CHE,2008,49.14095346,50.85904654,15.41848912,16.42199251,10,8,1.48,94430,2.807983592,74175.19279,1.270618074,4,95,7647675,81.99268293
Switzerland,CHE,2009,49.20053841,50.79946159,15.25612121,16.62589199,10.1,8.1,1.5,69324,-2.297374526,71568.31239,1.249484631,4,95,7743831,82.04390244
Switzerland,CHE,2010,49.24287168,50.75712832,15.15508379,16.82963819,10.3,8,1.52,76388,3.243397157,76531.37294,1.041558058,3.9,95,7824909,82.24634146
Switzerland,CHE,2011,49.28764396,50.71235604,15.0702112,17.05082962,10.2,7.8,1.52,67194,1.813108305,90476.75897,1.111878943,3.9,96,7912398,82.69512195
Switzerland,CHE,2012,49.33646092,50.66353908,14.97206531,17.3026343,10.3,8,1.52,67840,1.179253853,85836.20768,1.061819329,3.8,96,7996861,82.69756098
Switzerland,CHE,2013,49.38968277,50.61031723,14.91024449,17.52054886,10.2,8,1.52,83823,1.792144007,87304.33058,1.149879758,3.8,96,8089346,82.79756098
Switzerland,CHE,2014,49.43414933,50.56585067,14.87874799,17.71422812,10.4,7.8,1.54,78122,2.349881415,88724.99094,1.220103973,3.8,96,8188649,83.19756098
Switzerland,CHE,2015,49.47448284,50.52551716,14.85838733,17.88935668,10.5,8.2,1.54,71876,1.644627508,83806.4476,1.138337152,3.7,96,8282396,82.89756098
Switzerland,CHE,2016,49.53183327,50.46816673,14.87618779,18.03858935,10.5,7.8,1.54,71009,2.06868969,82153.07454,1.092031174,3.7,96,8373338,83.60243902
Switzerland,CHE,2017,49.57456136,50.42543864,14.92851353,18.20047558,10.3,7.9,1.52,45658,1.362799655,82254.37693,0.933155889,3.6,96,8451840,83.55121951
Switzerland,CHE,2018,49.58509191,50.41490809,14.9873869,18.38758402,10.3,7.9,1.52,41253,2.860445794,85217.36915,0.736633975,3.6,96,8514329,83.75365854
Switzerland,CHE,2019,49.5974013,50.4025987,15.03123745,18.58214562,10,7.9,1.48,44517,1.14198219,84121.93103,0.713313668,3.5,96,8575280,83.90487805
Switzerland,CHE,2020,49.61585921,50.38414079,15.05189205,18.75153889,9.9,8.8,1.46,55523,-2.14173712,85897.78433,0.730676195,3.5,97,8638167,83
Switzerland,CHE,2021,49.63589167,50.36410833,15.07901064,18.92802977,10.3,8.2,1.52,50665,5.559620206,93664.77367,0.765501039,3.5,96,8704546,83.75121951
Switzerland,CHE,2022,49.64892674,50.35107326,15.07042279,19.21866495,9.4,8.5,1.39,96424,3.04406103,94394.51068,0.829927184,3.5,96,8777088,83.60487805
Switzerland,CHE,2023,49.66113192,50.33886808,15.01098972,19.61138084,9,8.1,1.33,45098,0.683328174,100623.5496,1.264984254,3.5,95,8888822,84.05609756
Switzerland,CHE,2024,49.67756036,50.32243964,14.95081081,20.01905182,,,,40099,1.302333325,103998.1867,1.305007499,,96,9005582,
Syrian Arab Republic,SYR,2000,50.49536335,49.50463665,41.85091882,3.317906095,31.204,4.385,4.068,-34425,0.675642589,1138.188485,2.494059999,20.8,86,16637888,70.856
Syrian Arab Republic,SYR,2001,50.47704761,49.52295239,41.31545106,3.338521098,30.744,4.265,3.976,-36383,1.047287102,1186.829135,2.454617146,20.1,83,17051338,71.296
Syrian Arab Republic,SYR,2002,50.45925681,49.54074319,40.76174648,3.363752858,30.133,4.145,3.865,-35096,3.954831927,1183.247345,2.41609659,19.5,86,17468332,71.742
Syrian Arab Republic,SYR,2003,50.44246571,49.55753429,40.2027598,3.393543362,29.577,4.031,3.763,-33920,7.204435053,1220.179077,2.381290353,18.9,85,17889296,72.188
Syrian Arab Republic,SYR,2004,50.4347551,49.5652449,39.62817382,3.417387189,29.117,3.965,3.679,10881,6.902959435,1368.114823,2.471151457,18.5,84,18336875,72.494
Syrian Arab Republic,SYR,2005,50.43575052,49.56424948,39.05428915,3.431196862,28.828,3.902,3.605,13382,6.215077835,1533.901665,2.569205064,18.1,83,18814091,72.797
Syrian Arab Republic,SYR,2006,50.42953812,49.57046188,38.06004704,3.415337025,28.273,3.798,3.562,682911,5.046195556,1718.783472,4.281055174,17.9,82,19637022,73.04
Syrian Arab Republic,SYR,2007,50.4160792,49.5839208,36.72691729,3.370919218,29.074,3.736,3.538,801514,5.674591777,1937.611386,6.157263887,17.7,82,20884125,73.256
Syrian Arab Republic,SYR,2008,50.41498963,49.58501037,36.2577718,3.370528241,30.464,3.815,3.481,-402393,4.476672736,2429.124771,3.539536036,17.6,81,21636564,73.368
Syrian Arab Republic,SYR,2009,50.42241721,49.57758279,36.31578048,3.405014508,29.249,3.799,3.415,-52703,5.912042793,2462.201936,1.561038004,17.6,81,21976969,73.496
Syrian Arab Republic,SYR,2010,50.42633531,49.57366469,36.14344817,3.431976997,28.673,3.824,3.355,-54359,5.191905841,2730.614771,2.273867358,17.6,81,22482421,73.542
Syrian Arab Republic,SYR,2011,50.42687552,49.57312448,36.07816742,3.47450212,28.11,4.334,3.285,-256888,2.850002844,2952.143494,1.744631873,18.8,72,22878098,72.259
Syrian Arab Republic,SYR,2012,50.40066981,49.59933019,36.52698485,3.563912409,27.722,6.829,3.221,-999267,-26.33901708,1897.66115,-0.518583749,23.7,58,22759763,66.206
Syrian Arab Republic,SYR,2013,50.35409743,49.64590257,38.00450849,3.754057309,26.868,7.514,3.165,-2081303,-26.30008766,985.8926692,-4.920766119,25,54,21666917,65.146
Syrian Arab Republic,SYR,2014,50.30714485,49.69285515,39.76033631,3.989454987,23.784,7.353,3.117,-1457679,-10.31033991,1060.591059,-6.646407776,24.7,56,20273659,65.492
Syrian Arab Republic,SYR,2015,50.23668934,49.76331066,40.5548593,4.169850341,21.298,8.223,3.067,-827496,-4.179791613,847.7316319,-4.278122657,25.6,54,19424618,63.265
Syrian Arab Republic,SYR,2016,50.15055877,49.84944123,40.19046534,4.292430691,19.619,7.323,3.012,-124063,-6.405590739,656.3490586,-1.195214906,23.9,55,19193834,65.19
Syrian Arab Republic,SYR,2017,50.0762796,49.9237204,39.30898052,4.396697514,19.585,7.246,2.972,-287501,-0.723281777,851.5020053,0.160516444,24.5,61,19224668,65.651
Syrian Arab Republic,SYR,2018,50.01939948,49.98060052,37.93521963,4.466617751,18.932,6.544,2.932,514102,1.393176078,1098.066864,1.82043237,24.5,60,19577845,67.371
Syrian Arab Republic,SYR,2019,49.99162308,50.00837692,36.10494865,4.494686279,19.717,5.284,2.878,500985,1.220705221,1109.53926,3.885598799,21.5,67,20353534,70.97
Syrian Arab Republic,SYR,2020,49.98232019,50.01767981,34.58845131,4.547596042,20.64,5.058,2.837,269050,-0.697154504,572.3552898,3.361887612,20.4,62,21049429,71.944
Syrian Arab Republic,SYR,2021,49.98319374,50.01680626,33.35741846,4.618467856,21.172,4.964,2.798,211220,1.854215901,663.6142457,2.71541292,19.7,61,21628839,72.418
Syrian Arab Republic,SYR,2022,49.98853851,50.01146149,31.9347917,4.666563308,21.234,4.773,2.746,735142,0.732781302,1051.671496,3.780513133,19.5,59,22462173,72.79
Syrian Arab Republic,SYR,2023,49.9926657,50.0073343,30.33552814,4.686836912,22.107,5.039,2.712,757309,,,4.918615268,19,66,23594623,72.12
Syrian Arab Republic,SYR,2024,50.01941412,49.98058588,29.16343833,4.741709171,,,,546494,,,4.468095397,,73,24672760,
Tajikistan,TJK,2000,47.85605121,52.14394879,42.27313942,3.618441858,29.109,7.382,3.49,-13871,8.324324495,136.9257164,1.222529565,62.2,83,6284735,63.542
Tajikistan,TJK,2001,47.9198118,52.0801882,41.49552149,3.618477577,29.267,7.062,3.49,-19657,9.580836178,168.6762854,1.932630555,57.5,85,6407377,64.197
Tajikistan,TJK,2002,47.98213137,52.01786863,40.70497908,3.620131394,29.183,6.755,3.47,-20526,10.80000376,186.9516383,1.92125174,53,85,6531669,64.898
Tajikistan,TJK,2003,48.04051197,51.95948803,39.94639243,3.623860961,28.951,6.365,3.42,-22562,10.99999908,233.5812485,1.924299748,48.7,85,6658575,65.874
Tajikistan,TJK,2004,48.09797327,51.90202673,39.25624396,3.625820102,29.889,6.15,3.507,-25082,10.29999894,305.7451586,1.962600028,44.8,86,6790547,66.604
Tajikistan,TJK,2005,48.15199748,51.84800252,38.61397563,3.614659049,29.27,6.137,3.398,-27954,6.699998517,333.9271509,1.956612007,41.4,84,6924720,66.531
Tajikistan,TJK,2006,48.20359481,51.79640519,38.02847625,3.580851842,29.227,5.983,3.341,-30591,7.000003211,401.0184033,1.900261481,38.3,83,7057566,66.997
Tajikistan,TJK,2007,48.25439014,51.74560986,37.57699569,3.516057976,29.927,5.853,3.367,-32831,7.800000119,516.9972106,1.921341547,35.7,86,7194477,67.405
Tajikistan,TJK,2008,48.30597997,51.69402003,37.26318247,3.418584398,30.57,5.723,3.388,-34855,7.899998272,703.3273759,1.980759569,33.4,86,7338403,67.924
Tajikistan,TJK,2009,48.35883544,51.64116456,37.01714767,3.301734393,31.411,5.664,3.43,-36677,3.900001148,664.7956557,2.047826065,31.5,93,7490230,68.248
Tajikistan,TJK,2010,48.41260766,51.58739234,36.81649599,3.185376693,31.984,5.666,3.457,-33733,6.499999086,737.3388832,2.13859733,29.9,93,7652141,68.37
Tajikistan,TJK,2011,48.46839262,51.53160738,36.7252687,3.086589402,32.205,5.568,3.456,-30783,7.4000006,833.6019782,2.231078205,28.4,96,7824785,68.698
Tajikistan,TJK,2012,48.54195439,51.45804561,36.65295372,3.01205353,32.012,5.424,3.421,-12132,7.499999463,952.4528197,2.390423381,27.2,94,8014084,69.13
Tajikistan,TJK,2013,48.6234354,51.3765646,36.50646149,2.966395303,32.145,5.286,3.433,-16362,7.399999747,1028.197043,2.497109567,26.3,96,8216724,69.579
Tajikistan,TJK,2014,48.69080388,51.30919612,36.37029954,2.949409131,32.233,5.255,3.459,-13962,6.70000069,1081.544029,2.50974039,25.4,97,8425552,69.697
Tajikistan,TJK,2015,48.74561537,51.25438463,36.31161035,2.955214349,31.994,5.281,3.459,-7660,6.019303318,956.9163109,2.557793514,24.7,96,8643840,69.665
Tajikistan,TJK,2016,48.79083057,51.20916943,36.27343051,2.984914441,30.941,5.162,3.384,-8210,6.9,788.7104817,2.533518726,24.1,96,8865631,69.982
Tajikistan,TJK,2017,48.83962551,51.16037449,36.22793378,3.035616765,29.65,4.953,3.29,-4093,7.100000419,829.4571476,2.454670832,23.7,97,9085946,70.524
Tajikistan,TJK,2018,48.89305024,51.10694976,36.24644675,3.102462327,29.459,4.898,3.294,-6111,7.59999889,834.2884046,2.407375997,23.4,96,9307333,70.737
Tajikistan,TJK,2019,48.94213683,51.05786317,36.32014532,3.186260056,29.168,4.843,3.281,-9041,7.400000163,871.0223729,2.363856589,23.3,97,9529966,70.962
Tajikistan,TJK,2020,48.98350253,51.01649747,36.44447471,3.260066443,28.361,5.85,3.211,-3564,4.400001116,834.3117155,2.27553633,23.2,97,9749310,68.605
Tajikistan,TJK,2021,49.02189325,50.97810675,36.55605948,3.339811939,27.744,5.385,3.17,-3564,9.39999955,896.7480534,2.207389221,23.2,97,9966908,69.594
Tajikistan,TJK,2022,49.06176668,50.93823332,36.59014211,3.472876549,27.043,4.618,3.127,-17001,8.000000338,1052.179495,2.137285294,23.1,97,10182222,71.562
Tajikistan,TJK,2023,49.09952541,50.90047459,36.50623253,3.650056351,26.124,4.581,3.072,-19999,8.299999217,1178.479901,2.018120097,22.9,96,10389799,71.79
Tajikistan,TJK,2024,49.13636463,50.86363537,36.26140392,3.851669271,,,,-21236,8.39999981,1341.20229,1.917323179,,97,10590927,
Tanzania,TZA,2000,49.69160224,50.30839776,44.55045767,2.79254271,41.528,12.772,5.67,-9701,4.520784636,401.6981506,2.841524325,85.3,79,34260139,53.244
Tanzania,TZA,2001,49.67716623,50.32283377,44.52898988,2.773428057,41.398,12.242,5.617,-125375,6.070808287,396.6387329,2.701520748,80.4,87,35198299,54.124
Tanzania,TZA,2002,49.63886823,50.36113177,44.57715237,2.760325358,41.171,11.737,5.57,-118047,7.093194984,402.6490479,2.588507221,75.4,89,36121304,54.94
Tanzania,TZA,2003,49.60211035,50.39788965,44.63349857,2.748910037,41.335,11.18,5.578,-127101,6.672789831,422.1835938,2.645256381,70.7,95,37089555,55.929
Tanzania,TZA,2004,49.56576506,50.43423494,44.71540208,2.738689527,41.527,10.685,5.597,-126490,7.503814659,450.3852844,2.713260964,66.4,95,38109668,56.836
Tanzania,TZA,2005,49.53182419,50.46817581,44.82450853,2.730587833,41.465,10.222,5.579,-128251,7.47631926,483.3348694,2.775139411,62.3,90,39182076,57.675
Tanzania,TZA,2006,49.49957441,50.50042559,44.9374831,2.72752118,40.973,9.755,5.511,-128231,6.532221388,475.7467346,2.800556238,59,90,40294902,58.512
Tanzania,TZA,2007,49.46944785,50.53055215,45.02903759,2.731741281,40.168,9.318,5.403,-126793,6.768535203,543.1983032,2.791333122,55.6,83,41435512,59.26
Tanzania,TZA,2008,49.43099046,50.56900954,45.12180177,2.745950222,39.579,8.954,5.324,-184816,5.686416859,675.9772339,2.702859001,53.2,86,42570728,59.896
Tanzania,TZA,2009,49.35987735,50.64012265,45.26561024,2.774381247,39.162,8.635,5.26,-324478,5.269105249,693.8235474,2.466936951,50.5,85,43633982,60.494
Tanzania,TZA,2010,49.30502231,50.69497769,45.32868319,2.808591331,38.756,8.293,5.225,-122020,6.336523427,736.5301514,2.544485226,48.5,91,44758488,61.127
Tanzania,TZA,2011,49.29571483,50.70428517,45.23748828,2.843108835,38.108,8.021,5.141,-84546,7.672155435,775.3927612,2.799850312,46.6,90,46029367,61.618
Tanzania,TZA,2012,49.29974317,50.70025683,45.09873035,2.881141543,38.102,7.72,5.137,-49875,4.50015356,861.9699097,2.879943739,45,92,47374260,62.286
Tanzania,TZA,2013,49.31844253,50.68155747,44.93634126,2.913606538,38.408,7.501,5.156,1241,6.781585601,963.0571289,3.014557367,43.7,91,48824128,62.788
Tanzania,TZA,2014,49.34024721,50.65975279,44.77133522,2.935735107,38.355,7.261,5.122,-21083,6.732461868,1022.748413,3.08040316,42.3,97,50351512,63.364
Tanzania,TZA,2015,49.39054953,50.60945047,44.52638342,2.947662713,37.622,7.002,5.025,201495,6.160628774,939.1273193,3.261810423,41.1,96,52020962,63.928
Tanzania,TZA,2016,49.46324702,50.53675298,44.21957259,2.955566505,37.632,6.8,5.006,152194,6.867116196,953.0107422,3.407295314,39.5,92,53824013,64.404
Tanzania,TZA,2017,49.51893603,50.48106397,43.95992194,2.966454213,37.611,6.581,4.988,119142,6.727269968,986.6740112,3.341430221,37.7,90,55652890,64.963
Tanzania,TZA,2018,49.54168074,50.45831926,43.76383387,2.982650017,37.335,6.382,4.932,-55444,5.502675994,1023.106262,3.155721138,36,89,57437145,65.488
Tanzania,TZA,2019,49.5379062,50.4620938,43.59117958,3.002340976,36.883,6.183,4.866,-63602,5.8,1063.32251,2.980609394,34.7,91,59174891,66.007
Tanzania,TZA,2020,49.53760773,50.46239227,43.37262531,3.018990559,36.437,5.909,4.801,-18587,1.991964606,1117.415283,2.993051688,33.5,91,60972798,66.771
Tanzania,TZA,2021,49.5442621,50.4557379,43.13286216,3.027789313,36.015,6.091,4.734,-7704,4.321384295,1159.856567,3.001139348,32.4,86,62830412,66.131
Tanzania,TZA,2022,49.55160202,50.44839798,42.91622314,3.03504981,35.637,5.844,4.671,-37557,4.566005764,1207.52063,2.950466584,31.2,87,64711821,66.879
Tanzania,TZA,2023,49.55719139,50.44280861,42.72389462,3.043199998,35.222,5.791,4.606,-39388,5.069523532,1224.002197,2.902500736,29.9,83,66617606,66.995
Tanzania,TZA,2024,49.56704956,50.43295044,42.53610811,3.045001049,,,,-29865,5.526313831,1186.716919,2.874266729,,83,68560157,
Thailand,THA,2000,49.55304115,50.44695885,24.38125413,6.117826019,15.027,6.395,1.734,121640,4.455247043,2005.976945,1.13127018,18.5,97,63007815,71.205
Thailand,THA,2001,49.52692678,50.47307322,23.86477311,6.390121849,14.665,6.429,1.711,96817,3.44424901,1889.934325,1.015848468,17.7,96,63651141,71.52
Thailand,THA,2002,49.50576146,50.49423854,23.39257211,6.657225347,14.335,6.488,1.688,105215,6.149036052,2089.751831,0.962026885,16.9,96,64266437,71.775
Thailand,THA,2003,49.48581713,50.51418287,22.9600015,6.927014809,14.053,6.53,1.673,105917,7.189243303,2347.540013,0.931947505,16.1,98,64868166,72.101
Thailand,THA,2004,49.4672466,50.5327534,22.55198069,7.202519579,13.82,6.692,1.665,107199,6.289342143,2641.562687,0.896077275,15.4,98,65452047,72.1
Thailand,THA,2005,49.44980657,50.55019343,22.15017811,7.475033919,13.488,6.575,1.644,100542,4.187638429,2867.703834,0.860087894,14.8,98,66017420,72.894
Thailand,THA,2006,49.43353372,50.56646628,21.74529363,7.719640311,13.208,6.58,1.631,102362,4.967810892,3331.320435,0.830063303,14.2,98,66567687,73.341
Thailand,THA,2007,49.41863326,50.58136674,21.3411818,7.930763931,12.926,6.587,1.616,100486,5.435151691,3918.528174,0.800044181,13.6,98,67102394,73.779
Thailand,THA,2008,49.40486245,50.59513755,20.9439197,8.130202278,12.525,6.584,1.587,107333,1.725698849,4309.135093,0.768156179,13.1,99,67619830,74.221
Thailand,THA,2009,49.39095651,50.60904349,20.55502643,8.340551853,12.188,6.571,1.565,110883,-0.690618232,4135.43987,0.738542682,12.6,99,68121080,74.669
Thailand,THA,2010,49.36833189,50.63166811,20.14099049,8.577607016,12.009,6.607,1.562,52791,7.513390533,4973.862888,0.670617338,12.2,99,68579447,75.012
Thailand,THA,2011,49.334755,50.665245,19.68527621,8.846524409,11.943,6.644,1.571,66607,0.840132083,5373.623283,0.621807948,11.7,99,69007208,75.302
Thailand,THA,2012,49.29688877,50.70311123,19.2264296,9.152377773,11.758,6.696,1.563,74033,7.242796202,5725.528028,0.619591347,11.3,99,69436098,75.59
Thailand,THA,2013,49.25661014,50.74338986,18.80995413,9.502381158,11.367,6.713,1.526,67452,2.687495563,6018.082447,0.587325699,11,99,69845114,75.96
Thailand,THA,2014,49.21425371,50.78574629,18.45021773,9.894223165,10.95,6.754,1.484,55358,0.984468864,5801.197892,0.530129864,10.6,99,70216367,76.279
Thailand,THA,2015,49.16951248,50.83048752,18.10770407,10.32397274,10.594,6.818,1.451,32500,3.134047249,5688.853354,0.460976294,10.3,99,70540795,76.563
Thailand,THA,2016,49.1230597,50.8769403,17.73451822,10.78147839,10.111,6.918,1.4,112978,3.435157717,5833.577156,0.451266063,10,99,70859841,76.769
Thailand,THA,2017,49.07480499,50.92519501,17.33697664,11.26599625,9.765,7.029,1.363,66805,4.177681032,6413.091825,0.42296351,9.6,99,71160187,76.989
Thailand,THA,2018,49.02376115,50.97623885,16.94151283,11.78333018,9.4,7.167,1.323,10984,4.222870287,7099.776501,0.302929452,9.4,97,71376079,77.19
Thailand,THA,2019,48.96870934,51.03129066,16.55143263,12.32875352,9.056,7.422,1.285,5221,2.114557796,7605.696578,0.204609852,9.1,97,71522271,77.197
Thailand,THA,2020,48.91076166,51.08923834,16.16713381,12.89798529,8.792,7.618,1.259,32277,-6.050038469,6985.643939,0.166540795,8.8,97,71641484,77.331
Thailand,THA,2021,48.85325164,51.14674836,15.79083061,13.49202979,8.544,7.744,1.234,-2093,1.552166084,7057.207548,0.119758275,8.5,92,71727332,77.606
Thailand,THA,2022,48.79784548,51.20215452,15.43296609,14.09678417,8.38,9.231,1.221,21683,2.580378747,6909.352818,0.011148545,8.3,92,71735329,75.291
Thailand,THA,2023,48.74312359,51.25687641,15.08967931,14.71825608,8.245,8.888,1.212,19648,2.017750953,7195.101309,-0.045865189,8,92,71702435,76.412
Thailand,THA,2024,48.69032852,51.30967148,14.74948216,15.36275438,,,,23321,2.541820677,7346.620221,-0.048021055,,92,71668011,
Timor-Leste,TLS,2000,51.43446143,48.56553857,42.60382666,2.369652981,38.642,9.68,5.934,40272,58.07810051,492.4576379,-11.35664525,83.9,,745088,58.097
Timor-Leste,TLS,2001,51.42056192,48.57943808,42.50076023,2.421794302,38.039,9.336,5.918,49159,16.34769158,587.7006344,8.630461119,79.9,,812249,58.772
Timor-Leste,TLS,2002,51.40674213,48.59325787,42.36790067,2.477368984,37.998,9.096,5.899,35935,-6.700694689,533.9824659,7.91588253,76,54,879159,59.477
Timor-Leste,TLS,2003,51.39287888,48.60712112,42.21103692,2.537852658,38.365,9.027,5.846,-12810,-2.182267238,534.9011713,4.200865218,72.2,55,916878,60.13
Timor-Leste,TLS,2004,51.37922275,48.62077725,42.04304501,2.60452881,37.526,8.733,5.741,-16447,0.4,474.4207267,1.321397031,68.7,57,929074,60.743
Timor-Leste,TLS,2005,51.35456617,48.64543383,42.050784,2.755268448,36.236,8.384,5.611,1759,2.984590513,487.4645069,2.049411634,65.3,55,948311,61.272
Timor-Leste,TLS,2006,51.32055495,48.67944505,42.20794248,3.00128917,35.061,8.212,5.474,2184,-4.116092793,464.6670168,2.939157221,62.2,63,976597,61.881
Timor-Leste,TLS,2007,51.29038999,48.70961001,42.26342412,3.287129225,34.046,8.099,5.333,2103,10.26537843,540.1546305,2.855828689,59.3,70,1004889,62.396
Timor-Leste,TLS,2008,51.26391135,48.73608865,42.14704249,3.626639882,33.097,8.022,5.171,1009,11.39480843,628.1531915,2.703719071,56.7,79,1032429,62.858
Timor-Leste,TLS,2009,51.24170981,48.75829019,41.87731752,4.030102514,32.25,7.98,4.994,117,10.14695141,686.5793297,2.520491249,54.3,72,1058782,63.265
Timor-Leste,TLS,2010,51.20620939,48.79379061,41.56536562,4.426745412,31.488,7.965,4.816,470,9.331498063,813.0602207,2.416489984,52.1,72,1084679,63.66
Timor-Leste,TLS,2011,51.1371743,48.8628257,41.26471853,4.698626158,30.679,7.948,4.614,-159,5.958555016,939.0452389,2.326239374,50,67,1110207,64.022
Timor-Leste,TLS,2012,51.05336664,48.94663336,40.89696313,4.870449429,29.794,7.862,4.404,-609,4.860621341,1022.619067,2.198483979,48.2,83,1134885,64.384
Timor-Leste,TLS,2013,50.97562344,49.02437656,40.39635107,5.01460695,28.962,7.785,4.208,-1206,3.10436981,1204.568433,2.076304762,46.6,82,1158695,64.719
Timor-Leste,TLS,2014,50.9040082,49.0959918,39.78264723,5.138829016,28.055,7.715,3.999,-958,4.472499229,1224.749563,1.983147949,45.1,77,1181903,65.027
Timor-Leste,TLS,2015,50.8394931,49.1605069,39.12299197,5.260795191,27.06,7.65,3.779,-20,2.480037854,1319.59295,1.946242341,43.8,76,1205131,65.326
Timor-Leste,TLS,2016,50.77810099,49.22189901,38.44586654,5.389919414,26.15,7.606,3.582,208,3.009933581,1335.543911,1.905259439,42.6,79,1228312,65.61
Timor-Leste,TLS,2017,50.71434677,49.28565323,37.7850816,5.494594165,25.251,7.559,3.399,1666,-3.182415154,1266.177711,1.886415497,41.6,83,1251703,65.898
Timor-Leste,TLS,2018,50.6468468,49.3531532,37.16702496,5.549472985,24.481,7.513,3.244,3062,-0.466502372,1219.465997,1.919302866,40.7,83,1275959,66.204
Timor-Leste,TLS,2019,50.57623497,49.42376503,36.57727136,5.560152643,23.855,7.477,3.116,3942,24.21287892,1562.364581,1.939287072,39.9,83,1300945,66.496
Timor-Leste,TLS,2020,50.50276987,49.49723013,36.00574939,5.535636383,23.352,7.39,3.011,3793,31.72574298,1630.869385,1.911593734,38.9,83,1326053,66.919
Timor-Leste,TLS,2021,50.4299187,49.5700813,35.43780879,5.481178412,22.73,7.842,2.892,3111,5.36980164,2684.926768,1.800068931,37.9,83,1350139,66.199
Timor-Leste,TLS,2022,50.39870882,49.60129118,34.83433634,5.405261319,22.424,7.362,2.801,-5519,-20.52247856,2343.249547,1.408845874,36.9,83,1369295,67.368
Timor-Leste,TLS,2023,50.4067801,49.5932199,34.22977622,5.334157826,22.077,7.271,2.707,-5620,-18.135905,1502.411474,1.08884744,35.9,83,1384286,67.689
Timor-Leste,TLS,2024,50.41473957,49.58526043,33.65844708,5.277702019,,,,-2552,-9.100693698,1331.970513,1.174336386,,83,1400638,
Togo,TGO,2000,49.85957297,50.14042703,42.62838406,2.790242832,37.948,11.903,5.165,4715,-0.78347961,409.8898028,2.75685669,70.8,64,5140037,54.577
Togo,TGO,2001,49.88191114,50.11808886,42.44838634,2.77685034,37.903,11.79,5.128,-1703,0.823438752,396.6926545,2.636986353,68.7,50,5277382,54.746
Togo,TGO,2002,49.90458639,50.09541361,42.30918685,2.766145106,37.776,11.61,5.092,-5973,3.826622577,445.2386915,2.5423944,66.7,59,5413274,55.032
Togo,TGO,2003,49.92728065,50.07271935,42.17818396,2.757743306,37.528,11.43,5.048,-2793,6.720171423,538.1653778,2.533421659,64.7,72,5552167,55.299
Togo,TGO,2004,49.94931983,50.05068017,42.03557688,2.75086948,37.14,11.234,4.995,-1005,-0.978665333,560.2663085,2.566505352,62.8,71,5696508,55.594
Togo,TGO,2005,49.97044296,50.02955704,41.9136469,2.745040705,37.434,11.065,5.038,-4437,-4.666299384,551.25985,2.567010652,61,82,5844631,55.916
Togo,TGO,2006,49.9923719,50.0076281,41.76809951,2.739329244,37.661,10.93,5.076,21724,2.650132099,552.5022713,2.801242841,59.3,84,6010668,56.142
Togo,TGO,2007,50.01539992,49.98460008,41.64204511,2.734406814,38.005,10.834,5.102,4813,-1.1751369,607.5878867,2.913163218,57.7,82,6188344,56.382
Togo,TGO,2008,50.03850012,49.96149988,41.57061003,2.732095091,37.953,10.683,5.1,14303,4.035613154,718.9483867,2.874543034,56.1,81,6368812,56.651
Togo,TGO,2009,50.06101316,49.93898684,41.54448073,2.733305499,38.043,10.553,5.104,-1985,5.453810969,720.6937682,2.833678897,54.6,78,6551865,56.927
Togo,TGO,2010,50.08264279,49.91735721,41.582697,2.738403794,37.91,10.388,5.087,-1964,5.854333991,704.9867723,2.721017166,53,83,6732590,57.227
Togo,TGO,2011,50.10381012,49.89618988,41.62075936,2.751083862,37.105,10.154,4.984,-1968,5.823256221,783.9889447,2.694618859,51.4,85,6916474,57.612
Togo,TGO,2012,50.12408573,49.87591427,41.63071969,2.771184565,36.144,9.941,4.854,-1983,6.302714269,762.3916238,2.629233845,49.8,84,7100736,57.94
Togo,TGO,2013,50.14354654,49.85645346,41.60376268,2.794072069,35.414,9.704,4.754,-1976,5.824250693,826.5428,2.567966978,48.3,84,7285442,58.345
Togo,TGO,2014,50.16281806,49.83718194,41.54312565,2.816331804,34.996,9.48,4.702,-1976,5.633237391,855.5848092,2.534481353,46.8,84,7472450,58.766
Togo,TGO,2015,50.1816605,49.8183395,41.45868391,2.844883704,34.669,9.253,4.662,-1976,5.468041381,751.0519876,2.520607466,45.4,82,7663195,59.22
Togo,TGO,2016,50.20034893,49.79965107,41.35579641,2.880983379,34.409,9.039,4.634,-1979,4.214903874,772.5813576,2.513989965,44,82,7858289,59.669
Togo,TGO,2017,50.21861355,49.78138645,41.23221399,2.918430294,33.923,8.814,4.576,-1985,4.007912596,792.765701,2.498975657,42.7,84,8057140,60.135
Togo,TGO,2018,50.23678445,49.76321555,41.0868775,2.957949711,33.413,8.598,4.513,-1985,4.795183331,851.1205612,2.471797986,41.4,82,8258778,60.601
Togo,TGO,2019,50.25546291,49.74453709,40.92672421,2.999030612,32.925,8.394,4.45,-1985,4.922833214,826.255209,2.443512093,40.2,86,8463068,61.055
Togo,TGO,2020,50.27159467,49.72840533,40.73863165,3.036689591,32.454,8.386,4.386,-986,2.162286574,863.4686659,2.412473937,39.1,85,8669720,61.123
Togo,TGO,2021,50.28585736,49.71414264,40.5051722,3.072593717,32.015,8.293,4.324,-986,5.128901137,962.0751875,2.37825003,38,87,8878379,61.328
Togo,TGO,2022,50.30127381,49.69872619,40.21696004,3.115414156,31.535,7.872,4.253,-1997,6.29443692,951.2323787,2.35270896,36.9,86,9089738,62.29
Togo,TGO,2023,50.31691135,49.68308865,39.8825494,3.163755614,31.142,7.702,4.192,-1997,6.192115769,1055.017279,2.333455065,35.9,90,9304337,62.739
Togo,TGO,2024,50.33194661,49.66805339,39.525811,3.213446477,,,,-14014,6.532045056,1119.381605,2.241366784,,90,9515236,
Tonga,TON,2000,50.51861663,49.48138337,38.32436512,5.401378101,29.396,6.553,4.159,-1721,3.75409745,1995.076675,0.616444658,13.8,95,102677,69.635
Tonga,TON,2001,50.49666951,49.50333049,38.15962087,5.448815696,29.364,6.529,4.127,-1766,1.492481255,1753.516676,0.593306428,13.4,94,103288,69.8
Tonga,TON,2002,50.47846429,49.52153571,38.09585698,5.496108247,29.549,6.484,4.138,-1815,4.429223599,1759.480532,0.56574233,13.1,90,103874,70.03
Tonga,TON,2003,50.46714658,49.53285342,38.12509573,5.548801501,29.887,6.453,4.175,-1844,0.051805445,1936.04104,0.566388827,12.7,98,104464,70.228
Tonga,TON,2004,50.45635808,49.54364192,38.20035976,5.611919559,29.997,6.413,4.186,-1876,-1.967947403,2195.4489,0.579379768,12.4,99,105071,70.433
Tonga,TON,2005,50.44241088,49.55758912,38.27445562,5.665698252,30.013,6.406,4.195,-1906,-0.657650703,2477.726201,0.569418171,12,99,105671,70.56
Tonga,TON,2006,50.42681148,49.57318852,38.33774105,5.699603776,29.519,6.375,4.141,-1875,-2.165663427,2750.347786,0.549254887,11.7,99,106253,70.71
Tonga,TON,2007,50.35886288,49.64113712,38.26387197,5.72634597,29.038,6.334,4.086,-2057,-2.464307791,2797.065601,0.444175978,11.4,99,106726,70.887
Tonga,TON,2008,50.23079798,49.76920202,38.04475799,5.742384601,28.717,6.318,4.012,-2177,4.862841324,3218.45304,0.275093041,11.1,99,107020,71.041
Tonga,TON,2009,50.10913975,49.89086025,37.82141275,5.739138546,28.398,6.4,3.946,-2204,-5.129178192,2914.23774,0.170850044,10.8,99,107203,70.949
Tonga,TON,2010,50,50,37.5835083,5.769579933,28.008,6.302,3.879,-2097,0.824396914,3416.083566,0.183594876,10.6,99,107400,71.319
Tonga,TON,2011,49.89169742,50.10830258,37.38466759,5.854819442,27.656,6.292,3.829,-2198,6.703697462,3849.993758,0.158161637,10.4,99,107570,71.437
Tonga,TON,2012,49.78689745,50.21310255,37.24100708,5.935724622,27.277,6.294,3.768,-2578,0.919761025,4384.170587,-0.102311314,10.2,95,107460,71.546
Tonga,TON,2013,49.67967276,50.32032724,37.0880904,5.985384418,26.866,6.328,3.696,-2637,0.39392253,4219.246701,-0.356114445,10,99,107078,71.65
Tonga,TON,2014,49.56992374,50.43007626,36.94622405,5.997148458,26.391,6.368,3.619,-2622,1.990536255,4136.590138,-0.438960492,9.8,98,106609,71.721
Tonga,TON,2015,49.46274059,50.53725941,36.73076017,6.008294453,25.834,6.376,3.54,-2610,1.113744057,4123.90324,-0.483301678,9.6,96,106095,71.851
Tonga,TON,2016,49.34517266,50.65482734,36.51159926,6.028960237,25.229,6.386,3.463,-2591,6.598704361,3987.986262,-0.539650396,9.4,96,105524,71.951
Tonga,TON,2017,49.15524507,50.84475493,36.377313,6.068501407,24.514,6.363,3.388,-1642,3.202316509,4365.929328,-0.159332355,9.2,99,105356,72.066
Tonga,TON,2018,48.90069813,51.09930187,36.20656174,6.146362719,24.144,6.401,3.326,-1723,0.527827266,4675.047913,0.200073079,9,99,105567,72.169
Tonga,TON,2019,48.64199868,51.35800132,35.99193712,6.23547949,23.849,6.426,3.274,-1778,-0.285208795,4788.833423,0.096574455,8.9,99,105669,72.292
Tonga,TON,2020,48.38084066,51.61915934,35.77223082,6.335173386,23.634,6.459,3.234,-1807,1.806187353,4792.358547,0.033116813,8.7,99,105704,72.379
Tonga,TON,2021,48.08133472,51.91866528,35.65141554,6.421966167,23.507,6.701,3.198,-2220,-0.934926304,4922.801714,-0.202657342,8.4,99,105490,72.13
Tonga,TON,2022,47.74375964,52.25624036,35.6419337,6.50073304,23.35,6.476,3.171,-2218,-2.128544524,5298.019415,-0.425589151,8.2,99,105042,72.635
Tonga,TON,2023,47.41053759,52.58946241,35.62370038,6.602452257,23.117,6.442,3.129,-2173,2.790143669,5651.593731,-0.424539965,8,99,104597,72.895
Tonga,TON,2024,47.24070074,52.75929926,35.40323781,6.715590518,,,,-2149,,,-0.404269322,,99,104175,
Trinidad and Tobago,TTO,2000,49.57977654,50.42022346,25.97587694,4.908982557,14.869,6.846,1.732,-5185,6.901359591,6178.589756,0.384592208,26.1,90,1319774,68.629
Trinidad and Tobago,TTO,2001,49.57056113,50.42943887,25.03366484,4.96327232,14.731,6.856,1.705,-4252,4.168523982,6657.414669,0.437978261,25.8,91,1325567,68.874
Trinidad and Tobago,TTO,2002,49.55927541,50.44072459,24.16185908,5.026274192,14.528,6.783,1.672,-3613,7.936709687,6762.930808,0.484953791,25.4,96,1332011,69.232
Trinidad and Tobago,TTO,2003,49.54605553,50.45394447,23.38031515,5.102152483,14.407,6.811,1.648,-3472,14.44098954,8445.046535,0.501588638,25,91,1338709,69.454
Trinidad and Tobago,TTO,2004,49.53158216,50.46841784,22.69002066,5.192176188,14.286,6.743,1.627,-3504,7.950051511,9871.034198,0.49707843,24.7,94,1345380,69.879
Trinidad and Tobago,TTO,2005,49.51650624,50.48349376,22.09954702,5.299273058,14.33,6.743,1.625,-3595,6.20893788,12346.43731,-3.855661583,24.3,95,1294494,70.185
Trinidad and Tobago,TTO,2006,49.50150806,50.49849194,21.60899626,5.427438621,14.39,6.771,1.624,-3684,13.20805861,14152.66074,0.266158885,23.9,92,1297944,70.437
Trinidad and Tobago,TTO,2007,49.48640559,50.51359441,21.19338512,5.580841621,14.372,6.745,1.622,-3731,4.754209701,16606.67536,0.403209611,23.5,88,1303188,70.797
Trinidad and Tobago,TTO,2008,49.47109652,50.52890348,20.84102692,5.763019697,14.287,6.743,1.617,-3624,3.391737078,21298.99453,0.413435896,23,90,1308587,71.117
Trinidad and Tobago,TTO,2009,49.45567798,50.54432202,20.54539482,5.976552076,14.221,6.765,1.618,-3056,-4.391729247,14634.0565,0.116012085,22.6,90,1310106,71.404
Trinidad and Tobago,TTO,2010,49.44074008,50.55925992,20.30740906,6.222677034,14.087,6.727,1.614,-2230,3.32322471,16815.42474,0.579036712,22.3,90,1317714,71.809
Trinidad and Tobago,TTO,2011,49.42734069,50.57265931,20.12332767,6.50398607,13.928,6.698,1.611,-1410,-0.294354409,19151.08702,0.77899411,21.9,90,1328019,72.232
Trinidad and Tobago,TTO,2012,49.41405847,50.58594153,19.9759369,6.823043591,13.749,6.727,1.609,-880,6.710746254,20332.13895,0.538824147,21.5,92,1335194,72.513
Trinidad and Tobago,TTO,2013,49.40024196,50.59975804,19.85023923,7.180567344,13.51,6.781,1.603,-796,3.368192917,21304.97775,0.400859959,21.2,92,1340557,72.785
Trinidad and Tobago,TTO,2014,49.38608756,50.61391244,19.72783659,7.576040641,13.289,6.918,1.602,-799,3.67086851,21908.30146,0.356379989,20.8,92,1345343,72.898
Trinidad and Tobago,TTO,2015,49.3660736,50.6339264,19.60262764,8.007271259,13.031,7.131,1.598,-575,-0.406283289,19887.23277,0.320889623,20.4,96,1349667,72.882
Trinidad and Tobago,TTO,2016,49.34312208,50.65687792,19.47296013,8.463555983,12.804,7.312,1.601,-86,-7.536363054,17449.15388,0.312772812,20.1,97,1353895,72.935
Trinidad and Tobago,TTO,2017,49.330121,50.669879,19.33035602,8.931607831,12.491,7.494,1.594,1445,-4.872749469,17566.09997,0.202027128,19.7,89,1356633,72.984
Trinidad and Tobago,TTO,2018,49.51071663,50.48928337,19.04539113,9.344935137,12.06,7.742,1.588,35502,-0.945449701,17571.49874,0.188524652,19.3,99,1359193,72.658
Trinidad and Tobago,TTO,2019,49.57067643,50.42932357,18.83807868,9.845955334,12.088,7.948,1.578,-19251,0.467734529,17212.61289,0.351942102,19,93,1363985,72.836
Trinidad and Tobago,TTO,2020,49.43603172,50.56396828,18.74598884,10.44416243,11.647,8.312,1.572,427,-8.788798178,15283.62705,0.200680476,18.6,96,1366725,72.645
Trinidad and Tobago,TTO,2021,49.43178037,50.56821963,18.54535555,10.91551319,11.291,9.762,1.559,5749,-0.716740626,17712.56741,0.060930052,18.1,94,1367558,71.111
Trinidad and Tobago,TTO,2022,49.45100711,50.54899289,18.29811925,11.35811605,10.987,8.225,1.544,4247,0.861260827,20750.52024,-0.128266918,17.6,93,1365805,73.331
Trinidad and Tobago,TTO,2023,49.45529841,50.54470159,18.02702384,11.85395884,10.708,8.368,1.532,2126,1.466459473,18308.45363,0.124756951,17.2,96,1367510,73.49
Trinidad and Tobago,TTO,2024,49.43453364,50.56546636,17.76029882,12.3783519,,,,1334,2.50920814,18733.41104,0.060164273,,92,1368333,
Tunisia,TUN,2000,50.52537472,49.47462528,30.18707599,5.488049563,16.549,5.028,2.025,-5937,4.709972914,2199.044659,1.122225591,23.9,97,9764935,72.604
Tunisia,TUN,2001,50.4662412,49.5337588,29.27650878,5.644966616,16.227,5.067,1.975,-7235,3.796271662,2235.719816,1.06692196,22.7,98,9869677,72.822
Tunisia,TUN,2002,50.40802727,49.59197273,28.38741513,5.784692407,16.036,5.095,1.941,-8334,1.322557148,2320.772381,1.026540082,21.5,96,9971515,73.07
Tunisia,TUN,2003,50.35206307,49.64793693,27.53236516,5.915620229,16.249,5.136,1.956,-12459,4.702399533,2725.864315,0.999023084,20.5,95,10071632,73.304
Tunisia,TUN,2004,50.29720653,49.70279347,26.72908156,6.039028688,16.333,5.186,1.95,-23735,6.235790722,3067.419364,0.934209359,19.6,97,10166163,73.519
Tunisia,TUN,2005,50.24171971,49.75828029,26.02593396,6.150057932,16.496,5.246,1.953,-26361,3.486545543,3146.826074,0.874656406,18.9,98,10255472,73.712
Tunisia,TUN,2006,50.18602588,49.81397412,25.44641571,6.242310135,16.612,5.309,1.952,-24098,5.244099832,3322.569336,0.882818284,18.2,99,10346410,73.888
Tunisia,TUN,2007,50.13081678,49.86918322,24.97362858,6.317480315,16.769,5.38,1.957,-21190,6.709520975,3726.916729,0.916799635,17.7,98,10441702,74.039
Tunisia,TUN,2008,50.07657953,49.92342047,24.60247841,6.382180546,17.008,5.448,1.975,-17742,4.237781475,4255.05008,0.961991588,17.2,99,10542635,74.192
Tunisia,TUN,2009,50.02389049,49.97610951,24.3392664,6.441508597,17.303,5.523,2.004,-13512,3.043450124,4080.090324,1.01963219,16.9,99,10650681,74.32
Tunisia,TUN,2010,49.97304936,50.02695064,24.1930089,6.50045328,17.94,5.604,2.075,-14168,2.971132751,4291.861209,1.076732866,16.7,98,10765980,74.438
Tunisia,TUN,2011,49.92329163,50.07670837,24.15319608,6.561410717,18.892,5.719,2.189,-21935,-2.046633895,4420.647722,1.108961271,16.5,98,10886035,74.471
Tunisia,TUN,2012,49.87356997,50.12643003,24.20325212,6.627247296,19.58,5.791,2.277,-26059,4.216677115,4297.267825,1.129111331,16.3,97,11009647,74.599
Tunisia,TUN,2013,49.82418216,50.17581784,24.36328131,6.701973246,19.755,5.871,2.31,-17020,2.429930964,4369.793458,1.189251093,16.2,98,11141361,74.674
Tunisia,TUN,2014,49.78056705,50.21943295,24.55100934,6.807769147,19.658,5.931,2.316,-26586,3.090328031,4458.978955,1.186033545,16.1,98,11274288,74.784
Tunisia,TUN,2015,49.74276161,50.25723839,24.70487002,6.969102803,19.415,5.996,2.306,-25229,0.967834206,4014.947737,1.128719734,16,98,11402264,74.875
Tunisia,TUN,2016,49.70596792,50.29403208,24.86042735,7.161669554,18.954,6.041,2.275,-23827,1.117231964,3847.803544,1.102539116,15.8,98,11528674,75.007
Tunisia,TUN,2017,49.67015144,50.32984856,24.99640681,7.371135235,18.168,6.068,2.205,-22365,2.252614376,3619.032473,1.051160255,15.5,98,11650498,75.177
Tunisia,TUN,2018,49.63501385,50.36498615,25.08186106,7.625986097,17.344,6.087,2.133,-21012,2.606969654,3628.103665,0.982378425,15.1,97,11765514,75.37
Tunisia,TUN,2019,49.60030592,50.39969408,25.11147082,7.945743696,16.82,6.099,2.1,-19612,1.55009305,3528.872133,0.926946082,14.4,98,11875081,75.599
Tunisia,TUN,2020,49.56310965,50.43689035,25.08334894,8.281775341,15.787,6.648,2,-19188,-8.975126229,3548.653637,0.830022186,13.5,97,11974057,75.004
Tunisia,TUN,2021,49.52090787,50.47909213,24.96112315,8.557887012,13.999,8.348,1.8,-9190,4.736036482,3906.939263,0.620790375,12.5,97,12048622,72.893
Tunisia,TUN,2022,49.48320176,50.51679824,24.73856339,8.83897617,14.124,6.159,1.847,-14001,2.75228761,3707.292834,0.585173209,11.5,97,12119334,76.05
Tunisia,TUN,2023,49.4523923,50.5476077,24.43490316,9.166274536,13.748,6.071,1.832,-14001,0.184015548,3951.116834,0.666925035,10.6,97,12200431,76.508
Tunisia,TUN,2024,49.4287621,50.5712379,24.03896145,9.529621347,,,,-15221,1.61444565,4181.137893,0.626519257,,97,12277109,
Turkiye,TUR,2000,50.25626677,49.74373323,30.21531216,5.812204991,21.42,5.822,2.487,-195996,6.985286978,4199.379864,1.282976487,30.8,85,65425961,71.931
Turkiye,TUR,2001,50.23912098,49.76087902,29.68540117,5.972726024,20.593,5.791,2.392,-166759,-5.459408386,3052.225671,1.244278566,28.6,88,66245128,72.271
Turkiye,TUR,2002,50.22137459,49.77862541,29.19012393,6.13523624,19.531,5.766,2.268,-129444,6.435508838,3591.08629,1.205871536,26.5,78,67048795,72.605
Turkiye,TUR,2003,50.20327434,49.79672566,28.72795761,6.299272526,18.949,5.774,2.202,-121383,5.79909321,4649.636681,1.160944167,24.6,68,67831730,72.906
Turkiye,TUR,2004,50.18490984,49.81509016,28.29475583,6.464490923,18.857,5.794,2.197,-146574,9.925405519,5979.605422,1.115482546,22.8,85,68592617,73.223
Turkiye,TUR,2005,50.1662992,49.8337008,27.88966204,6.629919809,18.794,5.832,2.197,-174177,9.111577459,7331.854294,1.068641817,21.1,90,69329557,73.51
Turkiye,TUR,2006,50.14718964,49.85281036,27.50324559,6.793857171,18.686,5.875,2.193,-190194,7.067626076,7990.082514,1.027155194,19.5,90,70045349,73.804
Turkiye,TUR,2007,50.12792897,49.87207103,27.12849686,6.953658306,18.4,5.905,2.16,-186402,5.108185139,9766.917345,0.160856263,18.1,96,70158112,74.129
Turkiye,TUR,2008,50.13228816,49.86771184,26.73952585,7.060320562,18.2,5.973,2.15,47915,0.920118221,10913.4079,1.265603365,16.9,96,71051678,74.38
Turkiye,TUR,2009,50.1597547,49.8402453,26.32094805,7.121535672,17.6,5.1,2.1,24276,-4.882694017,9076.924722,1.380302716,15.7,96,72039206,74.679
Turkiye,TUR,2010,50.18748406,49.81251594,25.89513725,7.195025182,17.2,5,2.08,55532,8.542198485,10698.96994,1.519430938,14.7,97,73142150,74.964
Turkiye,TUR,2011,50.19048995,49.80951005,25.49389375,7.267605264,16.9,5.1,2.05,68849,10.97996253,11373.63558,1.467774164,13.8,97,74223629,74.823
Turkiye,TUR,2012,50.17026632,49.82973368,25.10854909,7.34083797,17.2,5,2.11,258623,4.807626966,11776.75934,1.27471802,12.9,97,75175827,75.552
Turkiye,TUR,2013,50.15298281,49.84701719,24.70392569,7.433121338,17,4.9,2.11,438618,8.488256893,12635.557,1.284414747,12.2,98,76147624,76.171
Turkiye,TUR,2014,50.13800911,49.86199089,24.27580555,7.525186339,17.5,5.1,2.19,1033384,4.600794473,12209.38623,1.3490889,11.5,96,77181884,76.452
Turkiye,TUR,2015,50.12319184,49.87680816,23.86272911,7.618432127,17.1,5.2,2.16,1063140,5.805573866,11064.64945,1.33411577,11,97,78218479,76.539
Turkiye,TUR,2016,50.10726731,49.89273269,23.55477043,7.759650875,16.6,5.3,2.11,352063,3.323665082,10984.36432,1.345425935,10.4,98,79277962,76.595
Turkiye,TUR,2017,50.09148068,49.90851932,23.32136552,7.946429949,16.2,5.3,2.08,659846,7.8258573,10756.38777,1.296755712,9.9,96,80312698,77.037
Turkiye,TUR,2018,50.07649738,49.92350262,23.12149389,8.171894634,15.4,5.2,2,187570,3.468153061,9684.118199,1.353602986,9.5,98,81407204,77.454
Turkiye,TUR,2019,50.05599087,49.94400913,22.96183289,8.522632271,14.4,5.3,1.89,-15690,1.301623655,9395.23378,1.429696881,9.1,99,82579440,77.737
Turkiye,TUR,2020,50.02600135,49.97399865,22.7698976,8.963864417,13.4,6.1,1.77,37934,1.803062471,8798.117917,0.970386031,8.7,98,83384680,76.525
Turkiye,TUR,2021,49.98985479,50.01014521,22.50613844,9.384959859,12.9,6.7,1.71,20283,11.81109445,9981.763984,0.910444903,8.4,95,84147318,75.722
Turkiye,TUR,2022,49.95708402,50.04291598,22.18976619,9.719520406,12.2,5.9,1.63,-301544,5.441225113,10897.83979,0.984586244,8,99,84979913,77.591
Turkiye,TUR,2023,49.93387514,50.06612486,21.83972897,10.00102767,11.2,6.2,1.51,-318070,5.045123698,13375.09473,0.406389351,9.1,99,85325965,77.156
Turkiye,TUR,2024,49.9138182,50.0861818,21.44890748,10.28418108,,,,-275952,3.327623089,15892.71573,0.225580501,,99,85518661,
Turkmenistan,TKM,2000,49.38354795,50.61645205,37.29830839,4.012469131,23.717,6.942,2.9,14925,5.469064133,633.8354876,1.994744397,58.3,97,4582677,64.931
Turkmenistan,TKM,2001,49.34324476,50.65675524,36.44668986,4.042084442,23.207,6.806,2.814,16982,4.343845714,756.0349763,2.003332035,55,95,4675409,65.325
Turkmenistan,TKM,2002,49.30445044,50.69554956,35.60545051,4.088445979,22.582,6.723,2.71,18803,0.257179925,935.5408015,1.991749374,51.7,98,4769465,65.593
Turkmenistan,TKM,2003,49.26739347,50.73260653,34.8028641,4.140400264,22.445,6.668,2.667,17625,3.26882856,1228.948703,1.959925006,48.6,83,4863865,65.854
Turkmenistan,TKM,2004,49.23197286,50.76802714,34.02478534,4.184169196,22.76,6.655,2.674,14242,5.000407438,1379.230097,1.918780166,45.7,97,4958093,66.055
Turkmenistan,TKM,2005,49.19824942,50.80175058,33.26866587,4.20538781,23.264,6.644,2.706,10263,13.03403487,1604.016185,1.881388314,43,99,5052257,66.275
Turkmenistan,TKM,2006,49.16652193,50.83347807,32.55611333,4.19122942,23.663,6.597,2.724,7613,10.97330833,1996.593107,1.859934656,40.7,98,5147105,66.574
Turkmenistan,TKM,2007,49.13697346,50.86302654,31.88803073,4.130903886,24.038,6.487,2.734,6388,11.05929947,2414.96072,1.86589171,38.7,98,5244046,67.02
Turkmenistan,TKM,2008,49.10921905,50.89078095,31.28333822,4.024945421,24.442,6.329,2.75,6734,14.7,3605.503951,1.90736323,37.2,96,5345029,67.584
Turkmenistan,TKM,2009,49.08320359,50.91679641,30.75452088,3.894073511,25.055,6.174,2.794,6656,6.100000115,3707.978507,1.974070602,35.9,96,5451592,68.155
Turkmenistan,TKM,2010,49.05948702,50.94051298,30.30644517,3.768639174,25.713,6.067,2.848,6621,9.199999988,4058.53937,2.047357865,34.9,96,5564356,68.608
Turkmenistan,TKM,2011,49.03850976,50.96149024,29.95979355,3.669429852,26.298,6.029,2.9,6992,14.69999993,5143.619293,2.11713816,34.3,97,5683417,68.87
Turkmenistan,TKM,2012,49.02040012,50.97959988,29.72663294,3.602244314,26.876,6.052,2.955,7125,11.09999996,6053.874847,2.177764501,33.9,97,5808546,68.961
Turkmenistan,TKM,2013,49.00503271,50.99496729,29.6121068,3.566523626,27.351,6.1,3.007,7287,10.2000001,6599.645291,2.226790309,33.7,98,5939341,68.968
Turkmenistan,TKM,2014,48.99223625,51.00776375,29.61468626,3.556476299,27.466,6.121,3.023,8696,10.29999997,7164.145362,2.263038804,33.6,98,6075283,69.001
Turkmenistan,TKM,2015,48.98210519,51.01789481,29.71559437,3.565616167,27.466,6.123,3.033,9936,6.49999991,5759.497904,2.286103859,33.8,99,6215770,69.061
Turkmenistan,TKM,2016,48.97504592,51.02495408,29.90317987,3.590896662,26.941,6.095,2.99,13365,6.199999966,5686.98041,2.294521278,34,98,6360041,69.142
Turkmenistan,TKM,2017,48.97082553,51.02917447,30.16971103,3.6272981,26.272,6.076,2.934,16678,6.500000047,5828.481662,2.285307112,34.2,99,6507061,69.19
Turkmenistan,TKM,2018,48.96857107,51.03142893,30.50191841,3.671957309,25.502,6.039,2.875,19293,6.199999941,6125.051697,2.255929155,34.1,99,6655524,69.272
Turkmenistan,TKM,2019,48.96801782,51.03198218,30.86932146,3.728756165,24.839,5.986,2.834,19735,6.300000042,5998.001743,2.205525751,33.8,99,6803944,69.405
Turkmenistan,TKM,2020,48.96769182,51.03230818,31.22730907,3.797724345,24.12,6.276,2.793,19913,5.900000049,5972.723566,2.122655358,33.2,98,6949912,68.846
Turkmenistan,TKM,2021,48.96665178,51.03334822,31.52770425,3.886630137,23.348,6.044,2.754,17617,6.200000017,5723.302272,2.024445374,32.6,97,7092043,69.353
Turkmenistan,TKM,2022,48.99080163,51.00919837,31.68979722,4.044677646,22.635,5.787,2.728,14141,6.199999936,5837.842245,1.929227878,32,98,7230193,69.913
Turkmenistan,TKM,2023,49.03767932,50.96232068,31.67045469,4.272383039,21.74,5.781,2.69,15005,6.300157585,6231.913238,1.839701,31.2,98,7364438,70.073
Turkmenistan,TKM,2024,49.07763002,50.92236998,31.50686467,4.530243084,,,,14646,6.299426584,6856.658027,1.750641118,,98,7494498,
Tuvalu,TUV,2000,49.10405533,50.89594467,36.25314334,5.977577536,26.641,10.015,3.841,-118,-0.970489206,1579.419063,0.504202749,35.8,82,9544,63.536
Tuvalu,TUV,2001,49.23333681,50.76666319,36.27497001,5.815469671,25.597,9.892,3.749,-117,0,1456.784094,0.439101594,35,96,9586,63.709
Tuvalu,TUV,2002,49.36090616,50.63909384,36.25876851,5.658612627,24.464,9.78,3.637,-104,9.523809524,1750.251751,0.385236564,34.3,98,9623,63.825
Tuvalu,TUV,2003,49.49974214,50.50025786,36.00639472,5.600536331,23.632,9.676,3.579,-16,-4.347826087,2006.842499,0.745422232,33.6,93,9695,63.897
Tuvalu,TUV,2004,49.65362673,50.34637327,35.50325998,5.674409128,23.09,9.655,3.553,-10,-2.272727273,2322.562651,1.240341871,32.9,98,9816,63.989
Tuvalu,TUV,2005,49.83903421,50.16096579,34.97157805,5.749786207,22.746,9.628,3.546,-8,-4.651162791,2304.826943,1.255331326,32.1,93,9940,64.096
Tuvalu,TUV,2006,50.01491795,49.98508205,34.45875392,5.758042862,22.438,9.587,3.525,-5,2.43902439,2396.268443,1.160245062,31.2,97,10056,64.247
Tuvalu,TUV,2007,50.19642506,49.80357494,33.95698291,5.740522491,21.859,9.533,3.446,1,7.142857143,2794.163101,1.245198419,30.1,97,10182,64.402
Tuvalu,TUV,2008,50.37302587,49.62697413,33.48512741,5.663210929,21.685,9.503,3.415,10,6.666666667,3088.308774,1.35591991,29,99,10321,64.516
Tuvalu,TUV,2009,50.56877928,49.43122072,33.09276872,5.54413803,21.876,9.445,3.425,15,-6.25,2683.967495,1.347340178,27.8,88,10461,64.693
Tuvalu,TUV,2010,50.76314302,49.23685698,32.8151498,5.42208404,22.175,9.406,3.442,22,-2.222222222,3024.817079,1.451982804,26.7,89,10614,64.834
Tuvalu,TUV,2011,50.9554731,49.0445269,32.62210678,5.334199174,22.54,9.368,3.463,28,6.818181818,3636.0814,1.551868108,25.7,96,10780,64.96
Tuvalu,TUV,2012,51.12493141,48.87506859,32.54378344,5.322602771,22.887,9.344,3.47,1,-2.127659574,3598.461631,1.418463499,24.7,97,10934,65.079
Tuvalu,TUV,2013,51.19534588,48.80465412,32.38034635,5.372483069,22.831,9.386,3.389,-160,4.347826087,3510.216401,0.610897728,23.9,90,11001,65.171
Tuvalu,TUV,2014,51.21085215,48.78914785,32.11034232,5.412418063,22.975,9.395,3.33,-166,0,3528.858581,-0.154650929,23.1,89,10984,65.278
Tuvalu,TUV,2015,51.22685396,48.77314604,31.93012861,5.418224938,23.339,9.394,3.308,-179,10.41666667,3357.834177,-0.191370177,22.3,96,10963,65.365
Tuvalu,TUV,2016,51.2855705,48.7144295,31.77181024,5.402808912,23.76,9.335,3.297,-200,5.660377358,3808.69755,-0.30146645,21.5,94,10930,65.51
Tuvalu,TUV,2017,51.39387248,48.60612752,31.62204435,5.409881314,24.284,9.255,3.301,-246,2.448392857,4165.663387,-0.559660161,20.8,96,10869,65.683
Tuvalu,TUV,2018,51.40917124,48.59082876,31.60318125,5.492767778,24.927,9.18,3.328,-329,1.387283842,4466.120349,-1.091592708,20.1,89,10751,65.871
Tuvalu,TUV,2019,51.2900482,48.7099518,31.66997448,5.618561573,24.867,9.19,3.331,-343,13.82209844,5115.13076,-1.593883358,19.5,92,10581,66.109
Tuvalu,TUV,2020,51.18269231,48.81730769,31.66498389,5.726236838,24.632,9.177,3.309,-355,-4.274932069,4976.112541,-1.735029224,18.8,95,10399,66.357
Tuvalu,TUV,2021,51.13792427,48.86207573,31.64761858,5.758571639,24.35,9.593,3.277,-366,1.804135911,5905.081981,-1.991033576,18.2,94,10194,65.824
Tuvalu,TUV,2022,51.14091273,48.85908727,31.98558847,5.884707766,24.084,9.066,3.244,-320,0.677309361,5911.327271,-2.001453909,17.7,91,9992,66.852
Tuvalu,TUV,2023,51.15118174,48.84881826,32.60149763,6.275788294,23.075,9.138,3.208,-323,3.852809195,6344.775019,-1.777106541,17.1,94,9816,67.105
Tuvalu,TUV,2024,51.16640747,48.83359253,32.94800684,6.666321082,,,,-280,,,-1.747038576,,94,9646,
Uganda,UGA,2000,49.13469291,50.86530709,50.05988088,2.592123383,48.247,14.786,6.788,-52824,3.141907338,258.0503387,3.144183603,89.8,52,24000150,49.64
Uganda,UGA,2001,49.15616163,50.84383837,50.12780718,2.525845374,47.915,14.101,6.757,-95956,5.183661125,236.0211889,3.059068635,85.9,55,24745676,50.576
Uganda,UGA,2002,49.17615023,50.82384977,50.12753169,2.457759351,47.446,13.421,6.735,-35149,8.732685764,241.9846884,3.131587502,81.4,57,25532870,51.443
Uganda,UGA,2003,49.1935811,50.8064189,50.0835075,2.388501967,46.962,12.757,6.671,-96429,6.473258672,250.7154366,3.158223725,76.6,59,26352124,52.414
Uganda,UGA,2004,49.20936721,50.79063279,50.08177461,2.319067382,46.508,11.942,6.612,-138770,6.807233344,292.381858,2.999445195,71.7,62,27154515,53.699
Uganda,UGA,2005,49.2255185,50.7744815,50.07588342,2.250654421,45.833,11.177,6.525,-151386,6.332565116,330.4054027,2.934921188,67,64,27963289,54.926
Uganda,UGA,2006,49.2426357,50.7573643,50.03887702,2.184284655,45.184,10.456,6.429,-156232,10.78474439,346.5182553,2.927459351,62.7,64,28794003,56.118
Uganda,UGA,2007,49.26173465,50.73826535,49.96187035,2.120670322,44.524,9.793,6.326,-154773,8.412425966,401.3891309,2.941066543,58.7,73,29653430,57.248
Uganda,UGA,2008,49.28238799,50.71761201,49.83590051,2.060616311,43.784,9.208,6.202,-158790,8.708751902,472.8426815,2.944486142,55.1,71,30539553,58.253
Uganda,UGA,2009,49.30351198,50.69648802,49.67296427,2.007575176,43.381,8.705,6.124,-164553,6.801517349,798.9470899,2.941291711,52.4,79,31451151,59.157
Uganda,UGA,2010,49.32451038,50.67548962,49.48233837,1.963892434,42.889,8.263,6.019,-168322,5.637611637,823.4881443,2.943891335,49.5,80,32390802,59.959
Uganda,UGA,2011,49.34578177,50.65421823,49.28766301,1.929931975,42.22,7.824,5.885,-173005,9.391655493,835.6200606,2.931949137,46.7,82,33354543,60.791
Uganda,UGA,2012,49.36674219,50.63325781,49.07595391,1.908086473,41.419,7.419,5.729,-175936,3.837455606,795.2228676,2.904226084,44.1,83,34337438,61.579
Uganda,UGA,2013,49.38672286,50.61327714,48.82776832,1.901670208,40.551,7.038,5.563,-176579,3.586905826,818.2854274,2.869551639,42.2,84,35337042,62.353
Uganda,UGA,2014,49.40643687,50.59356313,48.49793609,1.913432329,39.714,6.699,5.408,-92273,5.106307325,896.0547955,2.951444999,40.3,85,36395539,63.057
Uganda,UGA,2015,49.42620916,50.57379084,48.07290596,1.935084008,39.007,6.372,5.251,-62366,5.18785986,862.9346104,3.073292939,38.4,89,37531446,63.831
Uganda,UGA,2016,49.44719153,50.55280847,47.52293684,1.958594353,38.279,6.073,5.112,123379,4.781000293,752.6965717,3.321924914,36.4,93,38799152,64.494
Uganda,UGA,2017,49.4689152,50.5310848,46.90220405,1.983617004,37.944,5.82,4.987,92879,3.131405517,765.2183323,3.490595909,34.6,94,40177388,65.174
Uganda,UGA,2018,49.49008237,50.50991763,46.32828224,2.009239272,37.673,5.613,4.867,60724,6.303923783,792.1657002,3.397410976,32.9,93,41565831,65.775
Uganda,UGA,2019,49.51089238,50.48910762,45.76327882,2.036402051,37.212,5.42,4.744,107210,6.438745033,822.17115,3.391321423,31.7,93,42999637,66.354
Uganda,UGA,2020,49.52951777,50.47048223,45.22378148,2.06185945,36.803,5.373,4.621,43464,2.951306422,845.7664639,3.333417511,30.6,89,44457152,66.41
Uganda,UGA,2021,49.54700112,50.45299888,44.73255715,2.085775653,36.342,5.339,4.51,43464,3.536580341,882.7917175,3.217736618,29.5,91,45910930,66.45
Uganda,UGA,2022,49.56331087,50.43668913,44.30709378,2.115204982,35.8,5.035,4.388,-118843,4.588021922,963.0673141,3.00759449,28.7,89,47312719,67.675
Uganda,UGA,2023,49.57726496,50.42273504,43.93806049,2.150582794,35.201,4.842,4.283,-126181,5.336972955,1002.309139,2.80083229,27.6,91,48656601,68.252
Uganda,UGA,2024,49.59528216,50.40471784,43.54301654,2.188566381,,,,-117924,6.055580759,1077.912785,2.7537317,,91,50015092,
Ukraine,UKR,2000,46.61617631,53.38382369,17.86121078,13.41414151,7.823,15.171,1.108,-67865,5.9,653.2943115,-0.8435153,17.6,99,49556660,67.786
Ukraine,UKR,2001,46.59593045,53.40406955,17.12324667,13.65438274,7.779,15.41,1.092,-92847,8.800000004,800.4907227,-0.911802334,16.8,99,49106855,67.675
Ukraine,UKR,2002,46.57757897,53.42242103,16.3455165,14.10513356,8.113,15.602,1.127,-26991,5.339647207,903.0119019,-0.878622609,16,99,48677281,67.699
Ukraine,UKR,2003,46.56749595,53.43250405,15.68368037,14.62955522,8.546,15.817,1.173,18540,9.516609864,1076.481567,-0.746752569,15.3,97,48315136,67.638
Ukraine,UKR,2004,46.55263548,53.44736452,15.14001191,15.06874086,8.959,16.132,1.215,5644,11.79535253,1401.018066,-0.697090406,14.6,99,47979507,67.472
Ukraine,UKR,2005,46.52243214,53.47756786,14.69983139,15.33407112,9.12,16.22,1.221,-111493,3.071230392,1875.335083,-0.824471243,14,96,47585556,67.517
Ukraine,UKR,2006,46.500908,53.499092,14.34207854,15.50106148,9.787,16.149,1.297,136442,7.571420763,2366.494141,-0.646951977,13.5,98,47278694,67.49
Ukraine,UKR,2007,46.4887978,53.5112022,14.09464223,15.62700331,10.202,16.208,1.343,15237,8.215844452,3160.327637,-0.45769125,13,98,47062798,67.715
Ukraine,UKR,2008,46.47121185,53.52878815,14.0095547,15.44140178,11.014,15.907,1.444,9312,2.243491596,4017.806641,-0.518999631,12.5,90,46819175,68.262
Ukraine,UKR,2009,46.46847332,53.53152668,14.04082719,15.16016275,11.201,15.446,1.47,26796,-15.13646791,2607.087646,-0.41831808,11.9,71,46623731,69.159
Ukraine,UKR,2010,46.47974443,53.52025557,14.1116113,14.89951487,10.915,14.798,1.436,16030,4.092004367,3039.632324,-0.360396779,11.4,52,46456003,70.188
Ukraine,UKR,2011,46.49277205,53.50722795,14.21293043,14.62111821,11.054,14.474,1.464,26457,5.44528081,3656.697998,-0.319413471,10.8,50,46307853,70.711
Ukraine,UKR,2012,46.51849372,53.48150628,14.38546082,14.60923679,11.419,14.242,1.528,66768,0.152314967,3951.342285,-0.21141212,10.3,76,46210056,71.09
Ukraine,UKR,2013,46.54696062,53.45303938,14.61530056,14.62164069,11.172,13.983,1.515,26781,0.045439094,4129.896973,-0.180396113,9.9,76,46126770,71.474
Ukraine,UKR,2014,46.55963646,53.44036354,14.86154605,14.76324464,10.632,13.682,1.466,-65678,-10.07889498,3054.908203,-0.335269423,9.5,23,45972380,71.803
Ukraine,UKR,2015,46.57044542,53.42955458,15.07846387,15.15449658,9.802,13.015,1.387,-21992,-9.772987213,2094.473877,-0.40865263,9.2,23,45784896,72.686
Ukraine,UKR,2016,46.58601457,53.41398543,15.25990012,15.52922176,9.614,12.589,1.391,-31340,2.440981945,2158.461182,-0.367748385,8.9,19,45616832,73.389
Ukraine,UKR,2017,46.60004158,53.39995842,15.3881165,15.95686653,8.779,12.265,1.3,-36155,2.359972281,2604.287598,-0.397112648,8.7,50,45436041,73.993
Ukraine,UKR,2018,46.60721496,53.39278504,15.41952673,16.34794334,8.125,13.157,1.233,-32220,3.48836234,3059.051758,-0.501151979,8.5,69,45208907,73.569
Ukraine,UKR,2019,46.60657193,53.39342807,15.37158418,16.71629989,7.823,13.079,1.218,-6908,3.199503864,3619.861572,-0.557746011,8.3,80,44957458,73.92
Ukraine,UKR,2020,46.59971011,53.40028989,15.28340037,17.09632502,7.555,14.438,1.208,-4167,-3.75281794,3709.769287,-0.61903773,8.1,81,44680014,73.283
Ukraine,UKR,2021,46.60203112,53.39796888,15.14447283,17.38806767,6.977,17.134,1.148,-1129,3.445620659,4775.945801,-0.857231073,8,78,44298640,71.631
Ukraine,UKR,2022,46.57251085,53.42748915,14.82172814,17.85693874,5.679,14.188,0.897,-5699445,-28.75858422,4199.670898,-7.619320226,8,73,41048766,72.658
Ukraine,UKR,2023,46.49620294,53.50379706,14.29553711,18.55753459,5.625,13.13,0.977,-299961,5.53473355,5139.598145,-8.423007774,7.8,83,37732836,73.422
Ukraine,UKR,2024,46.48163711,53.51836289,13.88853602,18.96244849,,,,1146012,2.913822214,5389.473145,0.337028626,,88,37860221,
United Arab Emirates,ARE,2000,68.96903602,31.03096398,20.83691908,1.275097676,16.314,2.004,2.733,178469,10.85270422,29865.50235,6.735681701,8.5,94,3493575,76.347
United Arab Emirates,ARE,2001,68.98318558,31.01681442,19.78858846,1.367040763,15.978,1.801,2.622,178779,1.399085037,27745.17081,6.376268946,8.3,94,3723590,77.621
United Arab Emirates,ARE,2002,68.98521694,31.01478306,18.90884259,1.461107969,15.779,1.646,2.541,178988,2.433456811,27753.60895,6.075393205,8.2,94,3956826,78.721
United Arab Emirates,ARE,2003,68.98049735,31.01950265,18.25943593,1.556950972,15.647,1.546,2.491,177237,8.800540814,29659.54286,5.784476952,8,94,4192457,79.6
United Arab Emirates,ARE,2004,68.97637756,31.02362244,17.82787047,1.659021167,15.115,1.49,2.385,176319,9.566436638,33376.71523,5.487941577,7.9,94,4428967,80.272
United Arab Emirates,ARE,2005,68.97757455,31.02242545,17.48335938,1.774356402,14.343,1.471,2.232,174926,4.855141196,38719.31383,5.187644319,7.7,94,4664790,80.779
United Arab Emirates,ARE,2006,68.85262822,31.14737178,17.20374918,1.825377812,12.292,1.444,1.958,399306,9.837319769,44342.60483,7.121344103,7.6,92,5009100,81.155
United Arab Emirates,ARE,2007,68.49112316,31.50887684,16.99405535,1.700812737,11.127,1.34,1.792,722380,3.184390173,45854.73252,11.58997989,7.5,92,5624635,81.438
United Arab Emirates,ARE,2008,67.9903609,32.0096391,16.86056746,1.554905866,9.999,1.205,1.516,523207,3.191836273,50054.17007,11.38163441,7.3,92,6302664,81.591
United Arab Emirates,ARE,2009,67.37201805,32.62798195,16.86598655,1.472836525,11.083,1.165,1.582,163643,-5.242921904,37803.06637,6.21880036,7.2,93,6707058,81.679
United Arab Emirates,ARE,2010,66.70032495,33.29967505,16.87398742,1.421942034,11.249,1.073,1.565,161842,1.602850047,44795.29493,2.398012041,7,94,6869838,81.886
United Arab Emirates,ARE,2011,66.0354495,33.9645505,16.81940922,1.431434059,11.372,1.027,1.539,215183,6.736467869,51921.90451,3.359320963,6.8,95,7104538,81.898
United Arab Emirates,ARE,2012,65.49153955,34.50846045,16.80043473,1.467590515,11.678,1.033,1.532,225921,4.683265702,53141.61243,3.958992142,6.7,96,7391448,81.913
United Arab Emirates,ARE,2013,65.22530381,34.77469619,16.82831649,1.483226115,11.819,1.033,1.527,279269,4.918478067,53247.24095,3.999119788,6.5,98,7693031,81.95
United Arab Emirates,ARE,2014,65.10629335,34.89370665,16.84234111,1.496568875,11.471,1.014,1.483,360174,4.63288145,52725.23584,4.652922109,6.3,99,8059440,81.99
United Arab Emirates,ARE,2015,64.98530428,35.01469572,16.83116162,1.504628496,11.02,1.021,1.417,342468,7.087673486,44910.335,5.383801622,6.1,99,8505237,82.076
United Arab Emirates,ARE,2016,64.84513734,35.15486266,16.81101594,1.485221861,10.747,1.007,1.366,195317,5.657933292,42721.09994,4.930468948,5.8,99,8935095,82.195
United Arab Emirates,ARE,2017,64.72815666,35.27184334,16.76376091,1.478884168,10.661,0.97,1.35,34155,-1.061376615,43733.61923,3.173797859,5.6,97,9223225,82.388
United Arab Emirates,ARE,2018,64.62660762,35.37339238,16.70915504,1.501096089,10.248,0.957,1.288,14611,1.537166832,47135.35919,1.329868733,5.3,99,9346701,82.449
United Arab Emirates,ARE,2019,64.51814958,35.48185042,16.64940702,1.527989232,10.094,0.958,1.247,-125186,1.271342408,45938.60736,1.054516344,5,99,9445785,82.596
United Arab Emirates,ARE,2020,64.38326617,35.61673383,16.57956841,1.564090857,10.465,1.118,1.289,92541,-8.693426179,37991.7493,-0.474850155,4.7,90,9401038,81.936
United Arab Emirates,ARE,2021,64.2222921,35.7777079,16.5083622,1.619233045,9.279,1.258,1.162,421663,4.552785712,44118.50472,1.83513009,4.4,96,9575152,79.083
United Arab Emirates,ARE,2022,64.1031364,35.8968636,16.4756029,1.639739129,9.295,1.18,1.148,322773,7.514484258,50759.75892,5.088341534,4.2,96,10074977,80.487
United Arab Emirates,ARE,2023,64.01232052,35.98767948,16.33894254,1.69563171,9.774,0.932,1.2,300004,4.30118228,49850.68722,3.977170975,4,96,10483751,82.909
United Arab Emirates,ARE,2024,63.90141985,36.09858015,16.11097957,1.766960376,,,,278439,3.991807055,50273.50605,4.683160953,,96,10986400,
United Kingdom,GBR,2000,48.47634683,51.52365317,18.93457169,15.88975785,11.5,10.3,1.64,153917,4.524380748,28383.87611,0.357300887,5.5,91,58892514,77.74146341
United Kingdom,GBR,2001,48.51610332,51.48389668,18.6810808,15.90913706,11.3,10.2,1.63,175133,2.391022296,28013.87296,0.38497597,5.5,91,59119673,77.99268293
United Kingdom,GBR,2002,48.55396798,51.44603202,18.49323883,15.93145607,11.3,10.2,1.63,203577,1.709027363,30158.70178,0.42333708,5.4,91,59370479,78.14390244
United Kingdom,GBR,2003,48.58863747,51.41136253,18.42075991,15.94404901,11.7,10.2,1.7,211846,3.218516127,34556.77261,0.465641114,5.3,91,59647577,78.44634146
United Kingdom,GBR,2004,48.6211917,51.3788083,18.34303898,15.96075248,11.9,9.7,1.75,276077,2.326018533,40504.41181,0.568943113,5.2,92,59987905,78.74634146
United Kingdom,GBR,2005,48.65216426,51.34783574,18.17797358,15.95783676,12,9.6,1.76,308279,2.790654717,42240.2463,0.686611306,5.1,91,60401206,79.04878049
United Kingdom,GBR,2006,48.68701536,51.31298464,18.0189849,15.93118777,12.3,9.4,1.82,288923,2.189821324,44695.16102,0.735048678,5,92,60846820,79.24878049
United Kingdom,GBR,2007,48.72805619,51.27194381,17.89469666,15.94856621,12.6,9.4,1.86,309385,2.930911336,50629.07992,0.778666112,4.9,92,61322463,79.44878049
United Kingdom,GBR,2008,48.76980714,51.23019286,17.82342024,16.03670554,12.9,9.4,1.91,263390,-0.049411673,47652.40307,0.787032622,4.8,92,61806995,79.6
United Kingdom,GBR,2009,48.80792995,51.19207005,17.78734984,16.18019632,12.7,9,1.89,249639,-4.587408192,39009.37155,0.75639086,4.6,93,62276270,80.05121951
United Kingdom,GBR,2010,48.85298708,51.14701292,17.75855431,16.33838537,12.9,8.9,1.92,274811,2.260544609,39778.32205,0.783888647,4.4,94,62766365,80.40243902
United Kingdom,GBR,2011,48.89715183,51.10284817,17.74465247,16.58746499,12.8,8.7,1.91,228773,0.851437739,42295.92738,0.781506562,4.3,95,63258810,80.95121951
United Kingdom,GBR,2012,48.92883706,51.07116294,17.76519546,16.97334404,12.8,8.9,1.92,172088,1.528260347,42688.32637,0.712282568,4.1,95,63711000,80.90487805
United Kingdom,GBR,2013,48.96000409,51.03999591,17.80224095,17.32790658,12.1,9,1.83,237272,1.718469613,43606.98379,0.669537112,4,95,64139000,81.00487805
United Kingdom,GBR,2014,48.99564511,51.00435489,17.83473066,17.58408439,12,8.8,1.81,306091,3.160173515,47746.24218,0.747135715,3.9,95,64620000,81.30487805
United Kingdom,GBR,2015,49.04109549,50.95890451,17.8806022,17.7699802,11.9,9.2,1.8,347839,2.1404056,45255.34492,0.721624003,3.9,95,65088000,80.95609756
United Kingdom,GBR,2016,49.08800672,50.91199328,17.95023256,17.91620257,11.8,9.1,1.79,324649,2.206520206,41257.90855,0.794219715,3.8,94,65607000,81.15609756
United Kingdom,GBR,2017,49.11722678,50.88277322,18.02063948,18.07341362,11.4,9.2,1.74,272311,3.023222198,40916.81151,0.54570602,3.8,94,65966000,81.25609756
United Kingdom,GBR,2018,49.13716383,50.86283617,18.05178609,18.25575007,11,9.2,1.68,259744,1.551330951,43702.99763,0.488451313,3.8,94,66289000,81.25609756
United Kingdom,GBR,2019,49.16183882,50.83816118,18.02215966,18.45795809,10.645,9.019,1.632,232727,1.256298998,43158.74113,0.514596381,3.8,93,66631000,81.36912195
United Kingdom,GBR,2020,49.18759409,50.81240591,17.96632599,18.60579533,10.204,10.268,1.571,144221,-10.04789664,40812.67947,0.169447088,3.9,93,66744000,80.3317561
United Kingdom,GBR,2021,49.20755937,50.79244063,17.83479229,18.71864877,10.241,9.784,1.583,462967,8.543111845,47691.37688,0.35893793,3.9,93,66984000,80.64731707
United Kingdom,GBR,2022,49.22058033,50.77941967,17.62925737,18.93031472,10.1,9.512,1.56,487029,5.149703885,47057.04323,0.921336799,3.9,92,67604000,81.01121951
United Kingdom,GBR,2023,49.22995895,50.77004105,17.40914204,19.23812911,10.023,9.518,1.56,445523,0.271650048,49944.47021,1.304979723,4,92,68492000,81.23809756
United Kingdom,GBR,2024,49.24122183,50.75877817,17.1850467,19.49976736,,,,417114,1.126422671,53246.36761,1.065956447,,92,69226000,
United States,USA,2000,49.66295773,50.33704227,21.16343838,12.18581699,14.4,8.5,2.056,1248392,4.077585757,36329.95607,1.112768997,7.1,94,282162411,76.63658537
United States,USA,2001,49.70522493,50.29477507,21.03125933,12.14102043,14.1,8.5,2.0305,1312455,0.955538348,37133.62311,0.989741382,7,94,284968955,76.83658537
United States,USA,2002,49.72864925,50.27135075,20.88611953,12.11326809,14,8.5,2.0205,1336518,1.700447326,37997.75966,0.927797486,7,94,287625193,76.93658537
United States,USA,2003,49.75166751,50.24833249,20.72638971,12.10311097,14.1,8.4,2.0475,1331376,2.795605963,39490.27496,0.859481713,6.9,96,290107933,77.03658537
United States,USA,2004,49.77373835,50.22626165,20.54799065,12.11099892,14,8.2,2.0515,1313467,3.847771696,41724.63163,0.925483969,6.8,96,292805298,77.48780488
United States,USA,2005,49.79469723,50.20530277,20.34535906,12.13072814,14,8.3,2.057,1369224,3.483549936,44123.40707,0.921713167,6.8,96,295516599,77.48780488
United States,USA,2006,49.81467542,50.18532458,20.15850309,12.18400009,14.3,8.1,2.108,1347750,2.784539637,46302.00088,0.964253917,6.7,96,298379912,77.68780488
United States,USA,2007,49.83296782,50.16703218,20.01879774,12.31010795,14.3,8,2.12,1371353,2.003858298,48050.22378,0.951055243,6.6,96,301231207,77.98780488
United States,USA,2008,49.850302,50.149698,19.90865423,12.48666081,14,8.1,2.072,1416841,0.11358725,48570.04598,0.945865287,6.5,96,304093966,78.03902439
United States,USA,2009,49.86597027,50.13402973,19.80603737,12.67109304,13.5,7.9,2.002,1387306,-2.57650023,47194.94335,0.876651299,6.4,95,306771529,78.3902439
United States,USA,2010,49.87968699,50.12031301,19.69984597,12.84476166,13,7.995,1.931,1594453,2.695192577,48642.61002,0.846129866,6.2,95,309378227,78.54146341
United States,USA,2011,49.91533884,50.08466116,19.59870273,13.06633047,12.7,8.073,1.8945,1624033,1.564406858,50024.8688,0.792394333,6.1,96,311839461,78.64146341
United States,USA,2012,49.97105186,50.02894814,19.50638581,13.37660804,12.6,8.102,1.8805,1632007,2.289113387,51708.40116,0.798382901,6,94,314339099,78.74146341
United States,USA,2013,50.02366759,49.97633241,19.40921611,13.70119272,12.4,8.215,1.8575,1663885,2.117830098,53179.01276,0.756560083,5.9,94,316726282,78.74146341
United States,USA,2014,50.07321502,49.92678498,19.30634549,14.0089266,12.5,8.237,1.8625,1672598,2.523819814,54973.42075,0.796023798,5.8,95,319257560,78.84146341
United States,USA,2015,50.12024598,49.87975402,19.19169438,14.31022471,12.4,8.44,1.8435,1722127,2.945550455,56572.9189,0.797904713,5.8,95,321815121,78.6902439
United States,USA,2016,50.16602754,49.83397246,19.0672311,14.61472851,12.2,8.493,1.8205,1889129,1.819451478,57638.10184,0.785625486,5.7,95,324353340,78.53902439
United States,USA,2017,50.20942768,49.79057232,18.93894748,14.93912339,11.8,8.638,1.7655,1864738,2.457622299,59635.09844,0.692906253,5.6,94,326608609,78.53902439
United States,USA,2018,50.24786118,49.75213882,18.78646974,15.29148662,11.6,8.678,1.7295,1764961,2.966505069,62499.87444,0.586433075,5.6,94,328529577,78.63902439
United States,USA,2019,50.28191386,49.71808614,18.60844049,15.67288525,11.4,8.697,1.706,1774500,2.583825334,64746.45068,0.515108555,5.5,94,330226227,78.78780488
United States,USA,2020,50.29225643,49.70774357,18.39285722,16.07191194,10.9,10.27,1.6415,329769,-2.16302914,63515.94918,0.408427567,5.5,93,331577720,76.9804878
United States,USA,2021,50.28106845,49.71893155,18.14611713,16.47377002,11,10.4,1.664,674787,6.055052932,70205.05092,0.157317409,5.5,94,332099760,76.32926829
United States,USA,2022,50.26519157,49.73480843,17.8818252,16.91962039,11,9.8,1.6565,1319009,2.51237532,76657.24888,0.57574452,5.5,94,334017321,77.43414634
United States,USA,2023,50.24748125,49.75251875,17.59463765,17.43181948,10.7,9.2,1.6165,1322668,2.887556007,81032.26212,0.831493188,5.5,94,336806231,78.38536585
United States,USA,2024,50.24266851,49.75733149,17.32457692,17.92873021,,,,1286132,2.793001277,84534.04078,0.976421685,,94,340110988,
Uruguay,URY,2000,48.57721773,51.42278227,24.3634167,13.06281461,15.952,9.504,2.196,-11076,-1.929930635,6987.700988,0.373944816,14.7,90,3266206,74.693
Uruguay,URY,2001,48.55936562,51.44063438,24.24682405,13.19409948,15.695,9.364,2.161,-14620,-3.844129959,6382.761047,0.246007398,14.3,94,3274251,74.987
Uruguay,URY,2002,48.54123346,51.45876654,24.10944453,13.32635836,15.644,9.522,2.16,-16957,-7.732007215,4149.761403,0.140879525,14,95,3278867,74.979
Uruguay,URY,2003,48.52260737,51.47739263,23.93860025,13.44529082,15.275,9.598,2.116,-17105,0.805283916,3671.123293,0.070700651,13.6,91,3281186,75.086
Uruguay,URY,2004,48.50483393,51.49516607,23.73138886,13.55322903,15.078,9.575,2.093,-15668,5.004160356,4168.660654,0.059777582,13.1,94,3283148,75.319
Uruguay,URY,2005,48.48606309,51.51393691,23.52271354,13.66875537,15.096,9.336,2.097,-16086,7.46013213,5284.25678,0.079860937,12.4,96,3285771,75.829
Uruguay,URY,2006,48.46604674,51.53395326,23.31402902,13.78699206,14.829,9.423,2.07,-13161,4.098577354,6001.332948,0.113607393,11.6,95,3289506,75.888
Uruguay,URY,2007,48.44938868,51.55061132,23.08424269,13.89222502,14.613,9.326,2.048,-10750,6.541510845,7222.054036,0.171519934,10.9,94,3295153,76.15
Uruguay,URY,2008,48.4374858,51.5625142,22.83909632,13.99090449,14.449,9.35,2.03,-9458,7.176144665,9423.965626,0.212934707,10.2,94,3302177,76.275
Uruguay,URY,2009,48.43002806,51.56997194,22.57205316,14.08962775,14.328,9.208,2.018,-8510,4.243494195,9881.395731,0.239373352,9.7,95,3310091,76.67
Uruguay,URY,2010,48.42510953,51.57489047,22.28927734,14.1874838,14.246,9.355,2.011,-7696,7.803409651,12641.05768,0.256129913,9.2,95,3318580,76.691
Uruguay,URY,2011,48.423557,51.576443,22.01023829,14.27616636,14.052,9.563,1.987,-6982,5.162133025,15132.26757,0.248141512,8.8,95,3326825,76.614
Uruguay,URY,2012,48.42713065,51.57286935,21.7486743,14.36447971,14.208,9.555,2.012,-6317,3.538178721,16259.59408,0.257451631,8.5,95,3335401,76.691
Uruguay,URY,2013,48.43437298,51.56562702,21.52400491,14.45090584,14.336,9.458,2.034,-5647,4.637538629,18335.25948,0.297452387,8.2,95,3345337,76.953
Uruguay,URY,2014,48.44434434,51.55565566,21.32281511,14.53000289,14.235,9.397,2.026,-4919,3.23879123,18322.42768,0.328187101,7.9,95,3356334,77.194
Uruguay,URY,2015,48.45722229,51.54277771,21.14561773,14.60984312,14.302,9.494,2.041,-4157,0.370741258,17125.90168,0.347483698,7.5,95,3368017,77.285
Uruguay,URY,2016,48.47287086,51.52712914,20.98054528,14.69751128,13.726,9.581,1.966,-3506,1.68979823,17009.75842,0.333941294,7.2,95,3379283,77.351
Uruguay,URY,2017,48.48860994,51.51139006,20.76727105,14.80892004,12.707,9.488,1.824,-3091,1.740376434,19184.65026,0.270549143,6.8,93,3388438,77.618
Uruguay,URY,2018,48.49460927,51.50539073,20.49301907,14.95588202,11.687,9.53,1.681,-2963,0.164777609,19249.94047,0.179744267,6.5,91,3394534,77.527
Uruguay,URY,2019,48.49480676,51.50519324,20.17496439,15.12662393,10.894,9.754,1.567,-2899,0.928351141,18315.7317,0.078683817,6.2,94,3397206,77.503
Uruguay,URY,2020,48.50008929,51.49991071,19.80764456,15.32584302,10.41,9.219,1.497,-1482,-7.357327065,15757.5356,0.051852705,6,92,3398968,78.381
Uruguay,URY,2021,48.50102821,51.49897179,19.43161212,15.48398009,10.071,11.726,1.446,-1482,5.844273126,17881.81872,-0.066895609,5.8,91,3396695,75.434
Uruguay,URY,2022,48.49466796,51.50533204,19.06685604,15.61340559,9.958,10.832,1.425,-1501,4.486227031,20818.61461,-0.170369338,5.6,94,3390913,76.468
Uruguay,URY,2023,48.4938229,51.5061771,18.68540314,15.81281791,9.871,9.783,1.409,-1501,0.742128785,23019.42216,-0.083552225,5.5,95,3388081,78.138
Uruguay,URY,2024,48.50192834,51.49807166,18.29297191,16.04519299,,,,-1348,3.108254781,23906.5133,-0.044075955,,94,3386588,
Uzbekistan,UZB,2000,50.25423149,49.74576851,36.73613579,4.62465397,21.737,7.006,2.696,-66547,3.835,555.1492311,1.262812829,55.1,99,24787054,65.456
Uzbekistan,UZB,2001,50.25369185,49.74630815,35.82906251,4.720337445,21.097,6.889,2.61,-48642,4.16383825,454.4158123,1.215913896,52.9,99,25090283,65.853
Uzbekistan,UZB,2002,50.25314193,49.74685807,34.87883327,4.819452709,20.901,6.758,2.575,-47679,3.973488192,381.4092969,1.226774691,50.3,99,25399980,66.376
Uzbekistan,UZB,2003,50.25388294,49.74611706,33.96628108,4.9108447,20.464,6.653,2.503,-44092,4.232627382,394.1640289,1.218060273,47.6,98,25711259,66.852
Uzbekistan,UZB,2004,50.25563257,49.74436743,33.10958399,4.973702762,20.605,6.621,2.496,-38834,7.449000606,462.1714929,1.229575816,44.7,99,26029350,67.203
Uzbekistan,UZB,2005,50.25781412,49.74218588,32.25561227,4.999953618,20.404,6.614,2.438,-33386,6.950007196,542.8358087,1.250819833,41.7,99,26356975,67.481
Uzbekistan,UZB,2006,50.2603876,49.7396124,31.37471385,4.997993655,20.919,6.564,2.461,-29197,7.451418476,649.118167,1.289477623,38.8,96,26699043,67.905
Uzbekistan,UZB,2007,50.2635322,49.7364678,30.56449644,4.971079932,22.233,6.467,2.573,-27013,9.473005305,824.0281923,1.402030004,35.8,96,27076008,68.483
Uzbekistan,UZB,2008,50.2687638,49.7312362,29.9088214,4.92288271,23.155,6.364,2.635,-24028,9.029161018,1074.729288,1.534792814,33,98,27494774,69.035
Uzbekistan,UZB,2009,50.27681946,49.72318054,29.39149021,4.862053145,23.144,6.256,2.559,-20378,8.050933327,1205.799355,1.603935175,30.4,98,27939328,69.517
Uzbekistan,UZB,2010,50.28708313,49.71291687,28.93805682,4.798862758,22.449,6.198,2.442,-20380,7.597167961,1753.207302,1.584336078,27.9,99,28385506,69.836
Uzbekistan,UZB,2011,50.29828753,49.70171247,28.52924652,4.741866668,21.929,6.148,2.354,-20380,7.525139894,2087.863861,1.530181685,25.6,99,28823196,70.143
Uzbekistan,UZB,2012,50.30924511,49.69075489,28.22433831,4.697789136,21.959,6.125,2.337,-20381,7.102444887,2307.346491,1.510595144,23.5,99,29261903,70.411
Uzbekistan,UZB,2013,50.32063078,49.67936922,28.08999711,4.672409376,22.989,6.109,2.445,-20380,7.29655037,2461.979474,1.567055601,21.7,99,29724065,70.692
Uzbekistan,UZB,2014,50.33333396,49.66666604,28.13776207,4.67172949,23.846,6.082,2.546,-20381,6.873838441,2674.962838,1.664603832,20,99,30222994,70.973
Uzbekistan,UZB,2015,50.3479326,49.6520674,28.30810079,4.728788301,23.982,6.005,2.583,-16545,7.218773508,2803.19018,1.726570034,18.6,99,30749346,71.33
Uzbekistan,UZB,2016,50.36300006,49.63699994,28.52932155,4.831185459,23.513,5.963,2.564,-14839,5.9321508,2753.379514,1.725621509,17.4,99,31284568,71.58
Uzbekistan,UZB,2017,50.37562567,49.62437433,28.75336108,4.943364737,23.196,5.962,2.57,-13352,4.395274633,2190.604116,1.694424895,16.4,99,31819178,71.737
Uzbekistan,UZB,2018,50.38608751,49.61391249,29.01745025,5.06720769,24.007,5.933,2.713,-11516,5.559195729,1813.085308,1.727068824,15.5,98,32373490,71.999
Uzbekistan,UZB,2019,50.39465397,49.60534603,29.34395037,5.198110245,24.722,5.97,2.869,-9341,6.779923997,2041.384807,1.809744429,14.8,96,32964701,72.093
Uzbekistan,UZB,2020,50.40272584,49.59727416,29.7356663,5.308654653,25.634,6.467,3.062,-9208,1.563342773,1978.280519,1.868306716,14.2,95,33586372,71.461
Uzbekistan,UZB,2021,50.41550421,49.58449579,30.17765854,5.410006055,26.45,6.32,3.273,-9205,8.034683126,2258.519641,1.938209992,13.7,98,34243696,71.681
Uzbekistan,UZB,2022,50.42712209,49.57287791,30.56825497,5.544956832,26.524,6.048,3.396,-5007,6.001342322,2578.666894,2.009990647,13.1,99,34938955,72.147
Uzbekistan,UZB,2023,50.43772904,49.56227096,30.87106116,5.695040997,26.465,6.206,3.5,-6004,6.291416351,2878.968793,2.02114614,12.7,99,35652307,72.388
Uzbekistan,UZB,2024,50.44767376,49.55232624,31.10342626,5.864515893,,,,-7066,6.5,3161.700106,1.970653837,,90,36361859,
Vanuatu,VUT,2000,52.24498341,47.75501659,42.94775098,2.793092156,32.312,5.334,4.537,-339,5.924809057,1460.238177,2.298589779,21.4,71,186281,68.586
Vanuatu,VUT,2001,52.13342337,47.86657663,42.38683774,2.796928247,32.279,5.354,4.495,-328,-3.397582489,1350.183382,2.517943218,21.1,70,191031,68.722
Vanuatu,VUT,2002,52.02922451,47.97077549,41.82668498,2.804256036,31.808,5.356,4.382,-329,-5.198318759,1340.715375,2.49797167,20.8,70,195863,68.836
Vanuatu,VUT,2003,51.93079812,48.06920188,41.2603489,2.819981469,31.554,5.364,4.293,-342,4.288335117,1566.513968,2.462499211,20.4,69,200746,68.933
Vanuatu,VUT,2004,51.83534181,48.16465819,40.70054591,2.846712135,31.408,5.385,4.214,-349,3.987392802,1774.318676,2.443184382,20.1,69,205711,68.985
Vanuatu,VUT,2005,51.74226608,48.25773392,40.15372936,2.881951034,31.235,5.357,4.133,-364,5.305326473,1873.991426,2.424777418,19.8,68,210760,69.166
Vanuatu,VUT,2006,51.65104389,48.34895611,39.62977629,2.925110051,31.373,5.411,4.1,-364,8.460697472,2034.792896,2.420181731,19.5,68,215923,69.126
Vanuatu,VUT,2007,51.56139843,48.43860157,39.15743235,2.973661852,31.851,5.449,4.117,-374,2.875892288,2333.705067,2.448892846,19,70,221276,69.144
Vanuatu,VUT,2008,51.47204005,48.52795995,38.76555779,3.028700374,32.495,5.439,4.159,-372,5.600991821,2603.608831,2.508097161,18.5,73,226896,69.302
Vanuatu,VUT,2009,51.38142912,48.61857088,38.45091211,3.102945252,32.777,5.44,4.157,-467,3.037303541,2546.383246,2.539151745,17.9,75,232731,69.422
Vanuatu,VUT,2010,51.29298585,48.70701415,38.23964575,3.206119686,32.951,5.468,4.126,-1413,1.258867203,2815.18829,2.342886778,17.3,77,238248,69.57
Vanuatu,VUT,2011,51.21162835,48.78837165,38.14891559,3.319663126,33.094,5.513,4.093,-1395,3.1398029,3163.186165,2.169801269,16.8,79,243474,69.729
Vanuatu,VUT,2012,51.13326342,48.86673658,38.15399574,3.42730635,33.172,5.539,4.059,-1369,1.010047687,3004.784167,2.197274588,16.3,82,248883,69.898
Vanuatu,VUT,2013,51.05783513,48.94216487,38.23924678,3.535809998,33.235,5.586,4.039,-1343,0.463390415,2979.796081,2.224720006,16,84,254482,69.986
Vanuatu,VUT,2014,50.98774588,49.01225412,38.3750353,3.641645484,33.085,5.638,3.999,-1320,2.575040316,2973.090265,2.237417559,15.7,86,260240,70.043
Vanuatu,VUT,2015,50.92051514,49.07948486,38.52578532,3.737490652,32.788,5.654,3.952,-1324,3.965919464,2854.894123,2.22716538,15.4,80,266101,70.163
Vanuatu,VUT,2016,50.85689504,49.14310496,38.67281177,3.825070336,32.506,5.621,3.915,-1235,3.471544715,2956.126448,2.224593213,15.3,81,272087,70.397
Vanuatu,VUT,2017,50.78902864,49.21097136,38.82379976,3.88715544,32.083,5.619,3.875,-610,4.412665986,3159.860558,2.332132561,15.1,85,278507,70.5
Vanuatu,VUT,2018,50.71180927,49.28819073,38.94835737,3.937481267,31.429,5.56,3.834,-638,2.900230273,3206.657487,2.395434581,15,85,285259,70.626
Vanuatu,VUT,2019,50.63821772,49.36178228,39.00309777,4.006205809,30.717,5.494,3.79,-652,3.241187655,3207.446505,2.330489157,14.9,90,291985,70.783
Vanuatu,VUT,2020,50.58003942,49.41996058,39.005081,4.059613496,29.941,5.739,3.738,-201,-4.992491429,3042.987116,2.326611311,14.8,78,298858,70.385
Vanuatu,VUT,2021,50.53895622,49.46104378,38.9610241,4.096204742,29.334,5.797,3.696,-201,-1.552294891,3107.203129,2.318509214,14.6,62,305868,69.952
Vanuatu,VUT,2022,50.51350117,49.48649883,38.8356043,4.14986272,28.673,5.167,3.647,0,5.186228624,3370.21192,2.319650826,14.4,68,313046,71.302
Vanuatu,VUT,2023,50.4973331,49.5026669,38.61336388,4.218208943,28.05,5.083,3.596,0,2.09374325,3482.614582,2.324816009,14.2,72,320409,71.477
Vanuatu,VUT,2024,50.48096724,49.51903276,38.31394772,4.295749403,,,,-43,0.942185362,3410.770232,2.273519443,,71,327777,
"Venezuela, RB",VEN,2000,50.07826162,49.92173838,34.03110601,4.659577633,23.681,4.934,2.79,-1999,3.686944167,4776.281676,1.893794996,17.5,77,24526708,72.388
"Venezuela, RB",VEN,2001,50.05812668,49.94187332,33.58660475,4.742328754,23.599,5.525,2.779,-2856,3.394236108,4920.393136,1.830973595,17,70,24979922,71.019
"Venezuela, RB",VEN,2002,50.03724887,49.96275113,33.13674524,4.827816416,23.282,4.929,2.739,-3944,-8.855647353,3652.098965,1.80801767,16.6,65,25435671,72.823
"Venezuela, RB",VEN,2003,50.0186288,49.9813712,32.68270924,4.920892096,22.939,5.293,2.703,-5729,-7.75530005,3229.505571,1.780863266,16.2,68,25892703,72.056
"Venezuela, RB",VEN,2004,49.99965073,50.00034927,32.23285455,5.014115344,22.42,5.113,2.639,-10798,18.28660669,4269.089709,1.715931898,15.7,86,26340838,72.752
"Venezuela, RB",VEN,2005,49.98216779,50.01783221,31.79841516,5.114978164,22.373,5.078,2.629,-18407,10.3179138,5432.485418,1.675153514,15.3,87,26785804,73.075
"Venezuela, RB",VEN,2006,49.96169285,50.03830715,31.39535934,5.222706701,22.104,5.202,2.595,-27240,9.872149109,6739.380653,1.625208955,14.8,71,27224686,72.972
"Venezuela, RB",VEN,2007,49.93638009,50.06361991,31.00662572,5.340038033,21.512,5.147,2.524,-36060,8.753578808,8331.62097,1.547855449,14.5,62,27649363,73.348
"Venezuela, RB",VEN,2008,49.90513193,50.09486807,30.62794827,5.464786173,21.058,5.521,2.475,-43636,5.277854124,11262.45143,1.451769827,14.4,50,28053696,72.578
"Venezuela, RB",VEN,2009,49.87133723,50.12866277,30.25869375,5.597289964,20.555,5.531,2.422,-50286,-3.202302657,11596.60219,1.361636986,14.4,84,28438298,72.785
"Venezuela, RB",VEN,2010,49.84261847,50.15738153,29.89497555,5.738323688,20.276,5.512,2.396,-52781,-1.488791251,13646.30466,1.309342169,14.5,78,28813101,73.092
"Venezuela, RB",VEN,2011,49.81389376,50.18610624,29.54739423,5.885672612,20.197,5.602,2.398,-54384,4.176425359,10843.92297,1.283196309,14.8,78,29185212,73.09
"Venezuela, RB",VEN,2012,49.78346628,50.21653372,29.21346073,6.038984495,19.94,5.703,2.379,-55131,5.625956975,12607.23612,1.25510683,15.1,81,29553826,73.086
"Venezuela, RB",VEN,2013,49.75561809,50.24438191,28.87798817,6.194840647,19.475,5.804,2.334,-57818,1.343094036,8656.356697,1.205314613,15.4,82,29912198,73.076
"Venezuela, RB",VEN,2014,49.72785487,50.27214513,28.53714535,6.3591954,19.055,5.996,2.296,-62437,-3.894386475,7096.220471,1.136466129,15.8,78,30254079,72.837
"Venezuela, RB",VEN,2015,49.70002427,50.29997573,28.1984068,6.535954831,18.604,6.026,2.253,-77417,-6.221371027,4103.138499,1.051804041,16.8,87,30573972,73.004
"Venezuela, RB",VEN,2016,49.66721567,50.33278433,27.90842977,6.735644303,18.262,6.572,2.217,-283270,-17.0403346,3670.157378,0.625202437,21.5,84,30765720,72.002
"Venezuela, RB",VEN,2017,49.62785769,50.37214231,27.7920942,7.003542757,17.931,6.8,2.183,-817376,-15.67140887,3791.331607,-0.653495207,21.5,66,30565323,71.903
"Venezuela, RB",VEN,2018,49.58787847,50.41212153,27.92172209,7.391068356,17.33,6.685,2.151,-1355602,-19.6553416,3422.65467,-2.51030049,21.5,60,29807592,72.641
"Venezuela, RB",VEN,2019,49.54977691,50.45022309,28.03548112,7.847087946,16.299,6.802,2.131,-975534,-27.65796787,2523.112752,-2.960412931,21.5,64,28938098,72.766
"Venezuela, RB",VEN,2020,49.51369842,50.48630158,27.83123833,8.265059747,15.542,7.202,2.116,-524649,-29.99856992,1506.043621,-1.721904777,21.5,54,28444077,72.369
"Venezuela, RB",VEN,2021,49.48013524,50.51986476,27.37666844,8.631562146,15.219,7.862,2.105,-332936,0.955433429,2004.933979,-0.727752243,21.5,56,28237826,71.536
"Venezuela, RB",VEN,2022,49.45244776,50.54755224,26.79065884,8.982038486,15.025,7.347,2.088,-141107,8.000913107,3155.042071,-0.087895947,21.5,43,28213017,72.566
"Venezuela, RB",VEN,2023,49.42786707,50.57213293,26.15377084,9.333568167,15.087,7.56,2.079,-112899,4.001685911,3617.435946,0.310851369,21.5,54,28300854,72.514
"Venezuela, RB",VEN,2024,49.40535374,50.59464626,25.52700542,9.679211202,,,,-105297,5.3,4217.591026,0.369232131,,62,28405543,
Viet Nam,VNM,2000,49.02540257,50.97459743,31.49617025,5.984222298,18.018,5.486,2.028,-144298,6.787316405,404.0297841,1.129509842,21.7,96,77154011,72.746
Viet Nam,VNM,2001,48.99477054,51.00522946,30.63940462,6.055389501,18.123,5.482,2.023,-177586,6.192893312,419.2056776,1.051237474,20.7,96,77969361,72.984
Viet Nam,VNM,2002,48.95697434,51.04302566,29.88257066,6.11113887,18.095,5.509,2.006,-193766,6.320820992,445.1328618,1.024450559,19.9,75,78772224,73.138
Viet Nam,VNM,2003,48.90416527,51.09583473,29.18807575,6.152453647,18.151,5.564,1.999,-216062,6.899063491,497.1170892,0.999847905,19.2,99,79563777,73.236
Viet Nam,VNM,2004,48.85369642,51.14630358,28.48370296,6.180196121,17.996,5.73,1.968,-220458,7.536410609,565.4522846,0.969589432,18.6,96,80338971,73.062
Viet Nam,VNM,2005,48.81076636,51.18923364,27.72501507,6.19913131,17.369,5.751,1.887,-208337,7.547247729,710.74676,0.928402391,18.1,95,81088313,73.198
Viet Nam,VNM,2006,48.7547868,51.2452132,26.93995032,6.191027417,17.249,5.772,1.873,482399,6.977954811,807.7566451,1.322583364,17.7,94,82167897,73.293
Viet Nam,VNM,2007,48.69387849,51.30612151,26.22284031,6.154707937,17.537,5.799,1.911,523784,7.129504486,925.6403383,1.767798458,17.3,92,83633375,73.385
Viet Nam,VNM,2008,48.63752009,51.36247991,25.60840368,6.099309032,17.664,5.828,1.933,571113,5.661771209,1163.831958,1.827455213,17,93,85175788,73.455
Viet Nam,VNM,2009,48.62161084,51.37838916,25.06121341,6.05455059,17.528,5.872,1.92,-18560,5.39789754,1226.169761,1.496487238,16.8,96,86460018,73.525
Viet Nam,VNM,2010,48.64519187,51.35480813,24.58352096,6.046892504,17.409,5.911,1.906,-4443,6.423244822,1683.161824,1.144402597,16.5,93,87455152,73.611
Viet Nam,VNM,2011,48.67039853,51.32960147,24.22450992,6.054830546,17.588,5.947,1.927,-4602,6.413168897,1950.925042,1.151834061,16.3,95,88468314,73.713
Viet Nam,VNM,2012,48.69919744,51.30080256,24.00661787,6.091399671,17.892,6.008,1.967,-4851,5.504544704,2185.117677,1.170987408,16.2,97,89510356,73.762
Viet Nam,VNM,2013,48.73223292,51.26776708,23.93583088,6.166056758,17.888,6.057,1.98,-4979,5.55351081,2359.517365,1.180297555,16,59,90573104,73.821
Viet Nam,VNM,2014,48.76599834,51.23400166,23.96973893,6.282360397,18.671,6.114,2.09,-4894,6.422243121,2546.384645,1.214234636,15.8,95,91679578,73.886
Viet Nam,VNM,2015,48.79806735,51.20193265,23.9927664,6.450789799,18.498,6.153,2.1,-4888,6.987154306,2577.568853,1.239754031,15.6,97,92823254,73.955
Viet Nam,VNM,2016,48.84597802,51.15402198,24.13207541,6.608763086,17.313,6.195,2,167652,6.690008927,2735.060438,1.259883665,15.4,96,94000117,73.984
Viet Nam,VNM,2017,48.89901052,51.10098948,24.41964142,6.767739639,16.764,6.238,1.985,139245,6.940190374,2956.109921,1.244204736,15.2,94,95176977,74.026
Viet Nam,VNM,2018,48.93080303,51.06919697,24.58304961,6.981619537,15.438,6.263,1.88,96650,7.465006856,3222.310031,1.107913952,15,75,96237319,74.1
Viet Nam,VNM,2019,48.94687893,51.05312107,24.5394731,7.25022977,15.513,6.3,1.943,-2051,7.359262701,3440.900254,0.968366699,14.9,89,97173776,74.211
Viet Nam,VNM,2020,48.95797927,51.04202073,24.38894403,7.56724482,15.234,5.813,1.957,-6457,2.865413209,3534.039535,0.927434296,14.7,94,98079191,75.383
Viet Nam,VNM,2021,48.96997727,51.03002273,24.1976461,7.885703475,14.735,6.653,1.942,-5418,2.553728526,3704.193559,0.868883561,14.5,83,98935098,74.145
Viet Nam,VNM,2022,48.97761456,51.02238544,23.93487884,8.230047746,14.272,6.488,1.927,-78977,8.537500468,4147.697772,0.750756665,14.3,91,99680655,74.502
Viet Nam,VNM,2023,48.97847074,51.02152926,23.60584721,8.621165986,13.831,6.577,1.913,-81789,5.065023915,4323.35032,0.671429251,14,65,100352192,74.588
Viet Nam,VNM,2024,48.97765357,51.02234643,23.22400514,9.047183193,,,,-59645,7.091187466,4717.290287,0.631267006,,97,100987686,
"Yemen, Rep.",YEM,2000,50.42051522,49.57948478,49.04697864,2.751083544,40.859,7.905,6.317,-47713,6.181915593,493.2351826,3.077428936,75.9,74,19624141,62.761
"Yemen, Rep.",YEM,2001,50.44445193,49.55554807,48.5773403,2.752165236,40.164,7.597,6.143,-53698,3.803645872,487.1412579,3.021568132,72.3,73,20226147,63.286
"Yemen, Rep.",YEM,2002,50.46790784,49.53209216,48.09017587,2.755707368,39.579,7.302,5.971,-59648,3.935231505,513.2414866,2.966221921,68.6,65,20835086,63.807
"Yemen, Rep.",YEM,2003,50.48985896,49.51014104,47.59593872,2.760379559,39.37,7.004,5.839,-64737,3.747398185,548.905883,2.93835979,65.2,61,21456379,64.407
"Yemen, Rep.",YEM,2004,50.51023602,49.48976398,47.09506276,2.763658614,38.911,6.755,5.712,-62641,3.972696401,627.6320234,2.933690639,61.9,72,22095167,64.881
"Yemen, Rep.",YEM,2005,50.53337888,49.46662112,46.51980017,2.764730803,38.39,6.503,5.563,15283,5.591748076,734.1599085,3.096667613,58.7,79,22790085,65.356
"Yemen, Rep.",YEM,2006,50.55885207,49.44114793,45.89032681,2.763707769,38.152,6.292,5.412,13940,3.170409359,809.7131276,3.250648886,55.8,78,23543083,65.8
"Yemen, Rep.",YEM,2007,50.58488988,49.41511012,45.26986226,2.760754379,37.529,6.08,5.261,21210,3.338427956,890.3057681,3.238812704,53.1,79,24318082,66.23
"Yemen, Rep.",YEM,2008,50.61214503,49.38785497,44.65527863,2.757134599,36.918,5.892,5.113,22621,3.64756947,1071.635833,3.212328121,50.6,78,25111941,66.609
"Yemen, Rep.",YEM,2009,50.64065595,49.35934405,44.06864336,2.753710714,36.561,5.748,5.004,30919,3.866229516,969.2435099,3.196935086,48.5,76,25927724,66.905
"Yemen, Rep.",YEM,2010,50.66643463,49.33356537,43.52418353,2.751739369,35.609,5.586,4.81,20269,7.701286075,1155.203053,3.138563898,46.6,76,26754387,67.223
"Yemen, Rep.",YEM,2011,50.68869307,49.31130693,43.04983913,2.753778859,34.708,5.474,4.63,27184,-12.7148969,1186.475006,3.049744684,45,69,27582897,67.412
"Yemen, Rep.",YEM,2012,50.70893298,49.29106702,42.65499704,2.75664246,35.166,5.425,4.633,22349,2.392990214,1245.050683,3.037729069,43.7,67,28433647,67.569
"Yemen, Rep.",YEM,2013,50.72285453,49.27714547,42.33181803,2.750064204,35.483,5.294,4.623,5697,4.823519085,1378.75003,3.045626871,42.4,71,29312952,67.961
"Yemen, Rep.",YEM,2014,50.7346845,49.2653155,42.05995512,2.730339983,35.738,5.29,4.62,15764,-0.188690242,1430.16421,3.068323795,41.5,70,30226309,68.003
"Yemen, Rep.",YEM,2015,50.73565491,49.26434509,41.84271773,2.696581341,35.938,5.773,4.617,-9883,-27.99454625,1362.173812,3.040258732,41.3,63,31159379,66.761
"Yemen, Rep.",YEM,2016,50.72574333,49.27425667,41.6840133,2.657470598,36.034,5.647,4.613,-6492,-9.375123797,975.359417,3.00213847,40.5,63,32109010,67.105
"Yemen, Rep.",YEM,2017,50.7159562,49.2840438,41.56129197,2.623955335,36.067,5.644,4.61,-12086,-5.071795681,811.1659704,3.012227862,39.7,59,33090921,67.12
"Yemen, Rep.",YEM,2018,50.69613828,49.30386172,41.47275787,2.595353606,36.046,6.114,4.607,-26335,0.752447593,633.8872025,2.960378966,39.6,54,34085182,65.915
"Yemen, Rep.",YEM,2019,50.6724652,49.3275348,41.39002545,2.572114205,35.947,5.859,4.603,2129,,,2.966334752,38.8,60,35111408,66.567
"Yemen, Rep.",YEM,2020,50.65625958,49.34374042,41.35210861,2.546604334,35.895,5.832,4.6,-97982,,,2.873204148,37.4,57,36134863,66.435
"Yemen, Rep.",YEM,2021,50.64424882,49.35575118,41.35437312,2.518881782,35.668,5.953,4.597,-81248,,,2.74426153,36.7,56,37140230,66.019
"Yemen, Rep.",YEM,2022,50.64099572,49.35900428,41.30805648,2.504076387,35.407,5.232,4.593,-10448,,,2.873343585,35.7,58,38222876,67.952
"Yemen, Rep.",YEM,2023,50.64718794,49.35281206,41.22611857,2.507523394,35.209,4.792,4.59,-5233,,,3.009807657,34.7,46,39390799,69.295
"Yemen, Rep.",YEM,2024,50.65656783,49.34343217,41.12842654,2.523037601,,,,-10482,,,2.982103969,,42,40583164,
Zambia,ZMB,2000,48.337586,51.662414,48.02163565,2.362279946,45.465,16.198,5.921,-4338,3.897322943,359.429501,2.810500956,89.4,85,10017631,46.577
Zambia,ZMB,2001,48.42153933,51.57846067,47.82668069,2.297096745,44.774,15.459,5.848,23582,5.316868274,396.548953,3.02394158,84.6,85,10325185,47.408
Zambia,ZMB,2002,48.50823384,51.49176616,47.62212422,2.235205109,44.332,14.651,5.774,3206,4.50601428,393.8646255,3.078123509,78.8,84,10647949,48.461
Zambia,ZMB,2003,48.5883767,51.4116233,47.4389032,2.177024007,43.945,13.792,5.71,20845,6.944973982,446.2901048,3.103550452,72.9,83,10983595,49.616
Zambia,ZMB,2004,48.67128368,51.32871632,47.27323954,2.120257558,43.921,13.109,5.698,7819,7.032395115,548.6859746,3.177458317,66.7,83,11338198,50.54
Zambia,ZMB,2005,48.7656478,51.2343522,47.11586552,2.063770249,43.838,12.371,5.697,35316,7.235599007,710.9820682,3.301863201,61.2,82,11718819,51.615
Zambia,ZMB,2006,48.86970691,51.13029309,46.9519899,2.008322153,43.681,11.702,5.679,29517,7.903694445,1051.717149,3.444886034,57.5,81,12129553,52.693
Zambia,ZMB,2007,48.97544673,51.02455327,46.78651809,1.95607503,43.178,11.047,5.613,49945,8.352436244,1118.731626,3.52770643,55.4,80,12565085,53.73
Zambia,ZMB,2008,49.07785875,50.92214125,46.61082467,1.908684555,42.632,10.411,5.53,39249,7.773895815,1375.50211,3.566638552,52.9,87,13021324,54.835
Zambia,ZMB,2009,49.16831908,50.83168092,46.42972688,1.867633251,42.034,9.829,5.453,44867,9.220348406,1136.241683,3.538918466,50.7,94,13490389,55.886
Zambia,ZMB,2010,49.24077701,50.75922299,46.25290195,1.833362763,41.393,9.29,5.359,22761,10.29822332,1451.10616,3.461922742,49,83,13965594,56.896
Zambia,ZMB,2011,49.28634185,50.71365815,46.09518468,1.80622104,40.661,8.818,5.256,13569,5.569252193,1624.868178,3.325275684,47.6,81,14437796,57.843
Zambia,ZMB,2012,49.31870707,50.68129293,45.92793612,1.783938705,39.864,8.389,5.136,8958,7.597381049,1710.050613,3.242600262,46.4,78,14913629,58.704
Zambia,ZMB,2013,49.34883417,50.65116583,45.72181877,1.761406928,38.983,8.017,5.014,15542,5.05753695,1820.718548,3.202688457,44.7,79,15398997,59.445
Zambia,ZMB,2014,49.37869747,50.62130253,45.46701339,1.742390761,38.114,7.686,4.89,16574,4.693283164,1707.485731,3.172203429,43.3,86,15895315,60.109
Zambia,ZMB,2015,49.40357358,50.59642642,45.17859941,1.737770364,37.344,7.402,4.775,16261,2.920375112,1295.877887,3.120137279,42.5,90,16399089,60.728
Zambia,ZMB,2016,49.42925928,50.57074072,44.8584767,1.743441086,36.617,7.203,4.669,25860,3.755100317,1239.085279,3.094090541,40.9,95,16914423,61.129
Zambia,ZMB,2017,49.45572637,50.54427363,44.50912673,1.752863366,35.938,7.005,4.567,25789,3.525862771,1483.465773,3.067541377,38.8,94,17441320,61.564
Zambia,ZMB,2018,49.47467028,50.52532972,44.14503041,1.767250567,35.464,6.775,4.492,18431,4.034493897,1463.899979,3.006018618,37.5,90,17973569,62.138
Zambia,ZMB,2019,49.48732408,50.51267592,43.75675829,1.787009118,35.006,6.482,4.418,18385,1.441306026,1258.986198,2.961621662,35.7,88,18513839,62.914
Zambia,ZMB,2020,49.49389527,50.50610473,43.3344028,1.808276181,34.408,6.26,4.323,8156,-2.785055065,951.6443167,2.904164937,34.5,84,19059395,63.361
Zambia,ZMB,2021,49.49518476,50.50481524,42.89321238,1.826962206,33.93,6.607,4.246,8143,6.234922047,1127.160779,2.815342406,33.4,91,19603607,62.363
Zambia,ZMB,2022,49.49083354,50.50916646,42.43871539,1.856089172,33.542,5.583,4.175,-8566,5.211223604,1447.123101,2.76365043,32.2,92,20152938,65.279
Zambia,ZMB,2023,49.48979599,50.51020401,41.95512056,1.898852367,33.081,5.207,4.101,9521,5.367942855,1330.727806,2.794067587,30.9,90,20723965,66.349
Zambia,ZMB,2024,49.4968908,50.5031092,41.45734435,1.946752833,,,,7381,3.820048255,1187.109434,2.811822585,,91,21314956,
Zimbabwe,ZWE,2000,47.58610686,52.41389314,41.85306072,3.437202401,36.128,16.254,4.009,-165181,-3.059117806,562.8337575,0.917384655,59.3,78,11892055,46.034
Zimbabwe,ZWE,2001,47.51891116,52.48108884,41.51342625,3.407265755,36.463,17.426,3.983,-139361,1.439517277,566.3887464,0.669179058,61.1,75,11971901,44.525
Zimbabwe,ZWE,2002,47.49499344,52.50500656,41.39400759,3.35978374,36.539,16.339,3.925,-101212,-8.894012858,524.9364786,0.962219774,58.3,71,12087653,45.938
Zimbabwe,ZWE,2003,47.48300445,52.51699555,41.49426652,3.303926953,36.613,16.743,3.862,-96667,-16.99507334,468.4719329,1.189735602,61,68,12232323,45.373
Zimbabwe,ZWE,2004,47.44796495,52.55203505,41.68053411,3.256165182,36.326,16.246,3.776,-127550,-5.807539642,469.7192989,1.086048652,64.2,65,12365896,46.043
Zimbabwe,ZWE,2005,47.39224337,52.60775663,41.89348498,3.222619518,35.803,15.893,3.693,-134212,-5.711125412,461.2713875,0.945996419,66.6,68,12483432,46.57
Zimbabwe,ZWE,2006,47.38691518,52.61308482,42.02242403,3.186940631,35.203,15.501,3.635,-57257,-3.461402903,431.0349944,1.218277402,69.5,70,12636445,47.056
Zimbabwe,ZWE,2007,47.40068344,52.59931656,42.1321467,3.155253592,35.651,15.204,3.677,-118299,-3.653250915,413.5212446,1.317705277,71.5,73,12804058,47.576
Zimbabwe,ZWE,2008,47.38323887,52.61676113,42.35821571,3.135244331,36.361,14.714,3.783,-113858,-17.6689988,340.9174476,1.203987326,71.7,75,12959149,48.456
Zimbabwe,ZWE,2009,47.36877025,52.63122975,42.67585279,3.117253,37.518,13.983,3.95,-108689,13.27205462,735.8216939,1.40712941,70.7,73,13142790,49.75
Zimbabwe,ZWE,2010,47.35521089,52.64478911,43.03909749,3.102100299,37.869,12.745,4.04,-108671,19.6754077,902.0107591,1.61334322,67.6,89,13356548,51.925
Zimbabwe,ZWE,2011,47.33486061,52.66513939,43.37575275,3.090756861,38.142,11.694,4.126,-108714,14.19391568,1037.775652,1.772651405,64.7,93,13595424,53.911
Zimbabwe,ZWE,2012,47.27152567,52.72847433,43.67970298,3.089003406,37.805,10.946,4.134,-177061,16.66542904,1239.227097,1.623064676,59.9,95,13817887,55.386
Zimbabwe,ZWE,2013,47.238035,52.761965,43.89378519,3.094579892,36.975,10.233,4.111,-176972,1.98948554,1362.994983,1.407921698,57,95,14013808,56.842
Zimbabwe,ZWE,2014,47.26788049,52.73211951,43.93155842,3.138106214,35.407,9.621,4.011,-177029,2.376985617,1372.915262,1.371694053,54.3,91,14207359,58.106
Zimbabwe,ZWE,2015,47.29587368,52.70412632,43.82260437,3.22149164,33.918,9.18,3.911,-162220,1.779853564,1387.126326,1.339959276,52.8,87,14399013,58.989
Zimbabwe,ZWE,2016,47.32638945,52.67361055,43.59523514,3.305779322,32.704,8.816,3.828,-140181,0.755794059,1408.139453,1.388200293,50.8,90,14600294,59.76
Zimbabwe,ZWE,2017,47.3594297,52.6405703,43.28271926,3.387457281,31.813,8.587,3.768,-128241,4.734411178,3445.44941,1.442853821,49.2,89,14812482,60.263
Zimbabwe,ZWE,2018,47.39428481,52.60571519,42.92043701,3.465101355,31.327,8.321,3.744,-117758,5.009921543,2270.895319,1.487416378,47.4,89,15034452,60.906
Zimbabwe,ZWE,2019,47.43152021,52.56847979,42.54225759,3.534241449,31.121,8.281,3.748,-103107,-6.33244976,2184.329239,1.563533516,46,90,15271368,61.06
Zimbabwe,ZWE,2020,47.46983121,52.53016879,42.18379941,3.581673817,30.988,8.138,3.754,-89440,-7.816950602,2059.674454,1.659352809,44.9,86,15526888,61.53
Zimbabwe,ZWE,2021,47.51144031,52.48855969,41.87192549,3.597973946,30.932,8.782,3.765,-74623,8.468016768,2613.605421,1.726011143,43.6,88,15797210,60.135
Zimbabwe,ZWE,2022,47.56170493,52.43829507,41.61154338,3.608227005,30.882,7.779,3.767,-102828,6.139263276,2536.400502,1.706209286,42.2,90,16069056,62.36
Zimbabwe,ZWE,2023,47.61653973,52.38346027,41.32328353,3.618321759,30.41,7.614,3.724,-97380,5.350868791,2195.224921,1.677095914,40.6,90,16340822,62.775
Zimbabwe,ZWE,2024,47.66689118,52.33310882,40.87376305,3.601653744,,,,-60528,1.742395249,2497.203322,1.780482298,,91,16634373,
